comment_id,note_id,root_comment_id,parent_comment_id,target_comment_id,content,like_count,sub_comment_count,ip_location,status,create_time,create_time_iso,user_id,nickname,clean_content,keyword_hits
69c21c150000000015006a03,69c20a6900000000220241c5,,,,投研哪个岗bar低一点,0,4,北京,0,1774328854000,2026-03-24T13:07:34,6151e4fa000000000201fb83,鲲,投研哪个岗bar低一点,0
69c23af300000000010063c8,69c20a6900000000220241c5,,,,其实这类画像的留用成员中甚至还有一些是vip[捂脸R],4,5,上海,0,1774336755000,2026-03-24T15:19:15,671bd7de000000001d032557,momo,其实这类画像的留用成员中甚至还有一些是vip[捂脸R],0
69c2b2da000000000f02bd88,69c20a6900000000220241c5,,,,想问问一个人可以申几个岗位呀,1,2,天津,0,1774367451000,2026-03-24T23:50:51,5f807c24000000000101c42e,Jerry 王俣博,想问问一个人可以申几个岗位呀,0
69c245c10000000009007c9d,69c20a6900000000220241c5,,,,想问下基金中台岗类似产品，市场部等等hc和性价比如何,0,1,北京,0,1774339522000,2026-03-24T16:05:22,692060dc000000003702cd2f,Snowball,想问下基金中台岗类似产品，市场部等等hc和性价比如何,0
69ccee2200000000180229e3,69c20a6900000000220241c5,,,,hx严格执行中信集团对投研条线的本科白名单制，要突破请找背后神仙。,0,0,北京,0,1775037986000,2026-04-01T18:06:26,5fcf6658000000000101fdca,躺平的咸鱼,hx严格执行中信集团对投研条线的本科白名单制，要突破请找背后神仙。,0
69c354510000000016014b0a,69c20a6900000000220241c5,,,,还是当年简单 吹吹牛逼就去了[doge],1,0,天津,0,1774408786000,2026-03-25T11:19:46,565903df03eb843f8a16b95f,戊土,还是当年简单 吹吹牛逼就去了[doge],0
69dc414e0000000035014f44,69c20a6900000000220241c5,,,,怎么双开呀宝宝,0,0,四川,0,1776042319000,2026-04-13T09:05:19,612059bf0000000001005823,旺旺小小苏,怎么双开呀宝宝,0
69c225c10000000031003b09,69c20a6900000000220241c5,,,69c21c150000000015006a03,FoF,0,0,日本,0,1774331329000,2026-03-24T13:48:49,65d21cfc000000000401f6ea,二级求职,FoF,0
69ccef3f000000000d034ada,69c20a6900000000220241c5,,,69ccee86000000001d008160,是哇，所以贵司的vip都是名校毕业的嘛[偷笑R],0,0,上海,0,1775038271000,2026-04-01T18:11:11,671bd7de000000001d032557,momo,是哇，所以贵司的vip都是名校毕业的嘛[偷笑R],0
69c4a83000000000310312ba,69c20a6900000000220241c5,,,69c2b2da000000000f02bd88,具体我没看欸 不过官网肯定会写,0,0,日本,0,1774495793000,2026-03-26T11:29:53,65d21cfc000000000401f6ea,二级求职,具体我没看欸 不过官网肯定会写,0
69c4a8440000000032000487,69c20a6900000000220241c5,,,69c245c10000000009007c9d,上限有限但是过的舒服 关系户重灾区,1,0,日本,0,1774495812000,2026-03-26T11:30:12,65d21cfc000000000401f6ea,二级求职,上限有限但是过的舒服 关系户重灾区,0
65a4b4720000000001025ac5,65a4b215000000000f030827,,,,朋友你是华夏基金秋招吗？今年不是没开秋招,0,2,北京,0,1705292914000,2024-01-15T12:28:34,6260a1b10000000010007545,小红薯626175AC,朋友你是华夏基金秋招吗？今年不是没开秋招,0
65a85a38000000000102df65,65a4b215000000000f030827,,,,机构问题是不是也差不多呀[哭惹R],0,2,英国,0,1705531960000,2024-01-18T06:52:40,5f52b38b000000000100625d,404,机构问题是不是也差不多呀[哭惹R],0
65a7dc2e000000000200df8e,65a4b215000000000f030827,,,,你是这周一华夏面试伙伴的吗,0,0,北京,0,1705499694000,2024-01-17T21:54:54,5b04c9fb11be104be803d474,就爱睡大觉,你是这周一华夏面试伙伴的吗,0
6626181c00000000130263b5,65a4b215000000000f030827,,,,想求总结表[皱眉R],0,0,上海,0,1713772572000,2024-04-22T15:56:12,5e07f7ac0000000001002269,-Soothsayer-,想求总结表[皱眉R],0
65b6f8720000000008033648,65a4b215000000000f030827,,,,我好像也面了 但base北京太难了[哭惹R],1,0,广东,0,1706489970000,2024-01-29T08:59:30,5d459d930000000011025399,Stormrazor,我好像也面了 但base北京太难了[哭惹R],0
662b5e7f0000000013025846,65a4b215000000000f030827,,,,求分享,0,0,广东,0,1714118271000,2024-04-26T15:57:51,6209be5a000000001000676d,冰糖葫芦娃,求分享,0
661ce7be000000001902e81b,65a4b215000000000f030827,,,,求分享[哇R],1,0,四川,0,1713170366000,2024-04-15T16:39:26,5f2d6f9e0000000001006823,小春夏日,求分享[哇R],0
65a4b50800000000020229f9,65a4b215000000000f030827,,,65a4b4720000000001025ac5,日常哈,0,0,北京,0,1705293064000,2024-01-15T12:31:04,5b0924644eacab6b01353999,小v快卷,日常哈,0
65edee8c000000000d003353,65a4b215000000000f030827,,,65a85a38000000000102df65,机构可能会更简单。渠道的kpi更重，所以工作也比累一点，机构相对来说还是偏向社交吧。,0,0,北京,0,1710091916000,2024-03-11T01:31:56,5b0924644eacab6b01353999,小v快卷,机构可能会更简单。渠道的kpi更重，所以工作也比累一点，机构相对来说还是偏向社交吧。,0
66407501000000000800315d,660be17c000000001a014e07,,,,大佬，收到华夏基金的暑期测评了 想问问有专业题吗还是都是行测,0,4,北京,0,1715500290000,2024-05-12T15:51:30,5cecda6e0000000005006896,许许多年🍟,大佬，收到华夏基金的暑期测评了 想问问有专业题吗还是都是行测,0
660ca74a000000001902b917,660be17c000000001a014e07,,,,好想问本科学会计的不考CPA怎么回答 鼠鼠我也是这样[笑哭R],0,3,江苏,0,1712105290000,2024-04-03T08:48:10,5b719b589fce5500017c5777,米什内尔空间,好想问本科学会计的不考CPA怎么回答 鼠鼠我也是这样[笑哭R],0
660c100e00000000190300e4,660be17c000000001a014e07,,,,加油 支持,0,1,广东,0,1712066574000,2024-04-02T22:02:54,5eafc9560000000001005069,Ding CloudDragon,加油 支持,0
6613bf1d0000000009027905,660be17c000000001a014e07,,,,好家伙，我也想写了[doge],0,1,山东,0,1712570142000,2024-04-08T17:55:42,613397040000000002024f17,一路长虹,好家伙，我也想写了[doge],0
675788cd000000001a019f33,660be17c000000001a014e07,,,,请问友友，这个实习你觉得他们最看重的是什么呀[喝奶茶R],0,0,广东,0,1733789902000,2024-12-10T08:18:22,5f2fe6c2000000000101ea9e,没头脑太高兴,请问友友，这个实习你觉得他们最看重的是什么呀[喝奶茶R],0
660c4128000000001500277e,660be17c000000001a014e07,,,,@J.Hulltyan,0,1,美国,0,1712079145000,2024-04-03T01:32:25,619d1cd30000000010006681,丘山止一十化,@J.Hulltyan,0
6645b22f000000000401bc36,660be17c000000001a014e07,,,66407501000000000800315d,uu请问你做了吗？是专业题吗,0,0,北京,0,1715843631000,2024-05-16T15:13:51,5ab1e7204eacab50e094845b,一只罐头acan,uu请问你做了吗？是专业题吗,0
660cda260000000019033f57,660be17c000000001a014e07,,,660ca74a000000001902b917,我当时是说：暑假被导师抓去调研了；不想干事务所和投行，所以考证性价比对自己比较低，不如干些更有意义的事情（突出没荒废时间有在努力就好）,0,0,北京,0,1712118310000,2024-04-03T12:25:10,5e97e3a30000000001000cbb,鼠鼠玮🐭,我当时是说：暑假被导师抓去调研了；不想干事务所和投行，所以考证性价比对自己比较低，不如干些更有意义的事情（突出没荒废时间有在努力就好）,0
660c2d070000000019031850,660be17c000000001a014e07,,,660c100e00000000190300e4,[飞吻R][飞吻R],0,0,北京,0,1712073992000,2024-04-03T00:06:32,5e97e3a30000000001000cbb,鼠鼠玮🐭,[飞吻R][飞吻R],0
661550740000000009026039,660be17c000000001a014e07,,,6613bf1d0000000009027905,期待大作,0,0,山东,0,1712672885000,2024-04-09T22:28:05,5e97e3a30000000001000cbb,鼠鼠玮🐭,期待大作,0
660c818d0000000005000916,660be17c000000001a014e07,,,660c4128000000001500277e,好好好，码住,0,0,北京,0,1712095629000,2024-04-03T06:07:09,64c5e7ea00000000250368e8,momo,好好好，码住,0
67ebac66000000001f00e92e,67ebaa76000000001c012da9,,,,❗️也要警惕估值低的，不要觉得便宜就买，估值为什么低？可能是有其他原因，看看它以前是不是暴过雷、经常miss业绩、机构认可度低。,16,0,上海,4,1743498342000,2025-04-01T17:05:42,617423580000000002021cf2,不晚在路上,❗️也要警惕估值低的，不要觉得便宜就买，估值为什么低？可能是有其他原因，看看它以前是不是暴过雷、经常miss业绩、机构认可度低。,0
67ee3bb900000000120139eb,67ebaa76000000001c012da9,,,,25岁，金融出身，CFA持证，毕业去了互联网大厂现在出来，现在想回传统金融，能不能指条路呀前辈,11,7,湖南,0,1743666106000,2025-04-03T15:41:46,6080f9860000000001002a70,TT,25岁，金融出身，CFA持证，毕业去了互联网大厂现在出来，现在想回传统金融，能不能指条路呀前辈,0
68213d84000000000900f4b0,67ebaa76000000001c012da9,,,,那白酒按照你这个划分算夕阳还是朝阳行业,3,3,北京,0,1747008901000,2025-05-12T08:15:01,5ccd0eea00000000100003bd,不生气,那白酒按照你这个划分算夕阳还是朝阳行业,0
67ecada2000000001e01538b,67ebaa76000000001c012da9,,,,分享下券商投研工作的日常及感受[偷笑R],4,3,广东,0,1743564195000,2025-04-02T11:23:15,58ce79956a6a6928783706f2,椰子,分享下券商投研工作的日常及感受[偷笑R],0
6805997a000000001f00bcff,67ebaa76000000001c012da9,,,,跨行业0基础 有什么写研报 和分析财务数据 还有做公司估值的教材或视频资料推荐吗[飞吻R][飞吻R][飞吻R],6,2,北京,0,1745197435000,2025-04-21T09:03:55,598d599582ec3907baa035c0,Edda-JuJu🙄,跨行业0基础 有什么写研报 和分析财务数据 还有做公司估值的教材或视频资料推荐吗[飞吻R][飞吻R][飞吻R],0
67ecfeec000000001f0095e1,67ebaa76000000001c012da9,,,,哇塞 新人还蛮需要这种培训的，我一直在想要是有研究员入门培训班就好了[扯脸H],9,1,上海,0,1743585004000,2025-04-02T17:10:04,60bb8b220000000001000102,小红薯60BC401B,哇塞 新人还蛮需要这种培训的，我一直在想要是有研究员入门培训班就好了[扯脸H],0
6890b64d000000002a0099de,67ebaa76000000001c012da9,,,,求一篇非上市公司研报学习一下,1,0,四川,0,1754314318000,2025-08-04T21:31:58,6413fc7e0000000011023713,小红薯69E414C3,求一篇非上市公司研报学习一下,0
67eca3f9000000001f0295b7,67ebaa76000000001c012da9,,,,然后jjjl打开行情软件，买入了一只底部放量的你没覆盖的票,0,1,上海,0,1743561721000,2025-04-02T10:42:01,5b1f7d4411be103f0ade6ce9,momo,然后jjjl打开行情软件，买入了一只底部放量的你没覆盖的票,0
685b94aa0000000006004d09,67ebaa76000000001c012da9,,,,字很好看[微笑R],0,1,安徽,0,1750832298000,2025-06-25T14:18:18,55efdd81f5a263780342ac15,达不西达拉卡拉,字很好看[微笑R],0
67ec0131000000001f003b6f,67ebaa76000000001c012da9,,,,宝藏up！[蓝色心形R],1,1,浙江,0,1743520050000,2025-04-01T23:07:30,5dcfcf04000000000100b8d0,远道亦可思,宝藏up！[蓝色心形R],0
67f38e6800000000120213ba,67ebaa76000000001c012da9,,,67ee3bb900000000120139eb,uu，可以分享一下出来的原因吗？金融老鼠人都想卷实习去互联网大厂[哭惹R],6,0,广西,0,1744014953000,2025-04-07T16:35:53,5e7236fb0000000001008288,卡卡咔咔,uu，可以分享一下出来的原因吗？金融老鼠人都想卷实习去互联网大厂[哭惹R],0
6821610c000000000900d6c6,67ebaa76000000001c012da9,,,68213d84000000000900f4b0,[doge]基金经理都不买白酒,4,0,上海,0,1747017996000,2025-05-12T10:46:36,617423580000000002021cf2,不晚在路上,[doge]基金经理都不买白酒,0
67ecafb6000000001f00cb7a,67ebaa76000000001c012da9,,,67ecada2000000001e01538b,我家的猫叫“进宝”，以后二胎名字预定“招财”[偷笑R],6,0,上海,0,1743564727000,2025-04-02T11:32:07,617423580000000002021cf2,不晚在路上,我家的猫叫“进宝”，以后二胎名字预定“招财”[偷笑R],0
692fc784000000001702fcb0,67ebaa76000000001c012da9,,,6805997a000000001f00bcff,我也想知道[笑哭R],0,0,云南,0,1764738948000,2025-12-03T13:15:48,562447830bf90c5f6e9fcc85,大反派Ivy 🍥,我也想知道[笑哭R],0
67ed06cd00000000200169ad,67ebaa76000000001c012da9,,,67ecfeec000000001f0095e1,主要是遇到了一位非常好的、有耐心的带教老师[偷笑R],5,0,上海,0,1743587021000,2025-04-02T17:43:41,617423580000000002021cf2,不晚在路上,主要是遇到了一位非常好的、有耐心的带教老师[偷笑R],0
67eca9ac000000001f019b17,67ebaa76000000001c012da9,,,67eca3f9000000001f0295b7,[笑哭R][笑哭R],0,0,上海,0,1743563181000,2025-04-02T11:06:21,617423580000000002021cf2,不晚在路上,[笑哭R][笑哭R],0
685b94fa000000000f03c8ba,67ebaa76000000001c012da9,,,685b94aa0000000006004d09,[害羞R]谢谢夸奖,0,0,上海,0,1750832379000,2025-06-25T14:19:39,617423580000000002021cf2,不晚在路上,[害羞R]谢谢夸奖,0
67eca9a2000000001f0198b0,67ebaa76000000001c012da9,,,67ec0131000000001f003b6f,[飞吻R][飞吻R],1,0,上海,0,1743563170000,2025-04-02T11:06:10,617423580000000002021cf2,不晚在路上,[飞吻R][飞吻R],0
67ed47a500000000120089b9,67ebaa76000000001c012da9,,,,果断关注了！记得猛猛更新！爱看！[doge][doge],0,1,上海,0,1743603621000,2025-04-02T22:20:21,64fdc9850000000004027518,Rita酱,果断关注了！记得猛猛更新！爱看！[doge][doge],0
696124ec000000001702fd9c,67ebaa76000000001c012da9,,,,宝藏up主，关注了,0,0,江苏,0,1767974124000,2026-01-09T23:55:24,64f9da9b000000000201360e,August,宝藏up主，关注了,0
694178d4000000003800b758,67ebaa76000000001c012da9,,,,请问最后的财务报表一般做的是报表勾稽，预测未来营收，dcf估值这样的大表是吗[皱眉R],0,0,北京,0,1765898453000,2025-12-16T23:20:53,61bc45910000000021026e01,圆滚滚的球球圆,请问最后的财务报表一般做的是报表勾稽，预测未来营收，dcf估值这样的大表是吗[皱眉R],0
67fe6ce90000000012031e8b,67ebaa76000000001c012da9,,,,谢谢,0,0,福建,0,1744727273000,2025-04-15T22:27:53,5d2acdb100000000160253eb,October,谢谢,0
69738c03000000000f00d8f3,67ebaa76000000001c012da9,,,,不同类型的报告大概写几天,0,0,北京,0,1769180164000,2026-01-23T22:56:04,5b38bdc04eacab26cd56c844,叉烧和菠萝包,不同类型的报告大概写几天,0
681b2cb8000000000b01f5a1,67ebaa76000000001c012da9,,,,公司深度是这样，行业研究报告是怎样的呢,0,0,安徽,0,1746611385000,2025-05-07T17:49:45,646d8ccb000000001001c0ff,cherry,公司深度是这样，行业研究报告是怎样的呢,0
68666ecc0000000020027cda,67ebaa76000000001c012da9,,,,收藏了[笑哭R]正在券商实习 希望能自己完成两篇报告,0,0,上海,0,1751543500000,2025-07-03T19:51:40,5e603f590000000001003dbf,雨霖,收藏了[笑哭R]正在券商实习 希望能自己完成两篇报告,0
67ec2810000000001e0207c5,67ebaa76000000001c012da9,,,,天啊，好感动，居然还有这个,0,0,中国香港,0,1743530001000,2025-04-02T01:53:21,616adc5b000000000201896f,垃圾生产领先型,天啊，好感动，居然还有这个,0
67fcf86b0000000020016a7f,67ebaa76000000001c012da9,,,,这个框子，像是消费行业的,0,0,广东,0,1744631916000,2025-04-14T19:58:36,63a70aaf0000000026006bcf,Eamon,这个框子，像是消费行业的,0
67f24682000000001e016206,67ebaa76000000001c012da9,,,,羡慕啊，公司还有带教老师这机制,0,0,北京,0,1743931011000,2025-04-06T17:16:51,588cede25e87e7767e9b186c,Fire,羡慕啊，公司还有带教老师这机制,0
67ed496b00000000200154af,67ebaa76000000001c012da9,,,67ed47a500000000120089b9,还想看什么[偷笑R],0,0,上海,0,1743604076000,2025-04-02T22:27:56,617423580000000002021cf2,不晚在路上,还想看什么[偷笑R],0
67ffa173000000001e00df2f,67ebaa76000000001c012da9,,,,脑子里已经浮现出看的券商研报了,0,0,江苏,0,1744806259000,2025-04-16T20:24:19,62e4ac0c000000001f0065d3,mumu,脑子里已经浮现出看的券商研报了,0
6919cfce000000003300fa31,67ebaa76000000001c012da9,,,,宝藏帖子[皱眉R],0,0,北京,0,1763299278000,2025-11-16T21:21:18,596a1b7233594a2be47e1b18,水树种植场（戒糖版）,宝藏帖子[皱眉R],0
69b55d200000000018038314,67ebaa76000000001c012da9,,,,学习了！[赞R],0,0,湖北,0,1773493537000,2026-03-14T21:05:37,628a4b110000000015018d85,Bingo的N次方,学习了！[赞R],0
67ebefda000000001f00fcb1,67ebaa76000000001c012da9,,,,感谢大佬分享,0,1,广东,0,1743515610000,2025-04-01T21:53:30,649056e2000000001f005fb2,Gh,感谢大佬分享,0
67ebdbf9000000001f0193d9,67ebaa76000000001c012da9,,,,很卖方,2,2,广东,-2,1743510521000,2025-04-01T20:28:41,5b36fe5711be10427dd10c7b,不只是颗菜,很卖方,0
67ebfb19000000001f00d064,67ebaa76000000001c012da9,,,67ebefda000000001f00fcb1,[飞吻R][飞吻R],0,0,上海,0,1743518489000,2025-04-01T22:41:29,617423580000000002021cf2,不晚在路上,[飞吻R][飞吻R],0
67ebfb0b0000000020011d79,67ebaa76000000001c012da9,,,67ebdbf9000000001f0193d9,[笑哭R]小白最开始写的“八股文”,6,0,上海,0,1743518476000,2025-04-01T22:41:16,617423580000000002021cf2,不晚在路上,[笑哭R]小白最开始写的“八股文”,0
6684f9880000000016025d85,6644ac70000000001e0379a6,,,,上一个半小时欢声笑语，我2个问题5分钟结束[石化R],0,2,上海,0,1719990665000,2024-07-03T15:11:05,643bfdc6000000000e01d1fc,世木葉,上一个半小时欢声笑语，我2个问题5分钟结束[石化R],0
6645b6b00000000008002a37,6644ac70000000001e0379a6,,,,部分券商过了实习考核后终面也是这样的[偷笑R],0,2,上海,0,1715844784000,2024-05-16T15:33:04,631fbdd30000000023024912,ommo,部分券商过了实习考核后终面也是这样的[偷笑R],0
6644ad600000000009000bc8,6644ac70000000001e0379a6,,,,同一场，ph吧[doge],0,2,上海,0,1715776865000,2024-05-15T20:41:05,5d3b3f42000000001002b450,Tom爱睡觉,同一场，ph吧[doge],0
6644b4fa00000000040197ad,6644ac70000000001e0379a6,,,,同场[doge],0,1,上海,0,1715778810000,2024-05-15T21:13:30,62b1b023000000001b02bec0,知识的荒原,同场[doge],0
6654525b000000000f004fa2,6644ac70000000001e0379a6,,,,哈哈哈qdii的外汇额度确实有限,0,0,西藏,0,1716802139000,2024-05-27T17:28:59,5a3b9e61e8ac2b17552e1d4b,BBBRY,哈哈哈qdii的外汇额度确实有限,0
66455c9f000000000d032849,6644ac70000000001e0379a6,,,,同场[doge],1,0,上海,0,1715821727000,2024-05-16T09:08:47,5c6649570000000011014daf,懒哥,同场[doge],0
6684fc23000000002300d4cc,6644ac70000000001e0379a6,,,6684f9880000000016025d85,我也是...而且明显很不耐烦[笑哭R],0,0,上海,0,1719991332000,2024-07-03T15:22:12,5be01d14f7e8b90a2d609cda,煎个鸡蛋,我也是...而且明显很不耐烦[笑哭R],0
66506fdb000000000d032971,6644ac70000000001e0379a6,,,6645b6b00000000008002a37,不会是gx吧,0,0,上海,0,1716547548000,2024-05-24T18:45:48,657eba5e000000003d02b178,Bin.Q,不会是gx吧,0
6644cd1f0000000004019ad5,6644ac70000000001e0379a6,,,6644ad600000000009000bc8,[偷笑R],1,0,上海,0,1715784992000,2024-05-15T22:56:32,5be01d14f7e8b90a2d609cda,煎个鸡蛋,[偷笑R],0
6644cd190000000009001134,6644ac70000000001e0379a6,,,6644b4fa00000000040197ad,[暗中观察R],1,0,上海,0,1715784985000,2024-05-15T22:56:25,5be01d14f7e8b90a2d609cda,煎个鸡蛋,[暗中观察R],0
675788f5000000001a01133b,664f0718000000000500574b,,,,请问可以求一下姐妹的bg嘛 要考很多证么[喝奶茶R],0,2,广东,0,1733789942000,2024-12-10T08:19:02,5f2fe6c2000000000101ea9e,没头脑太高兴,请问可以求一下姐妹的bg嘛 要考很多证么[喝奶茶R],0
66505822000000001202fc57,664f0718000000000500574b,,,,咱们应该是一个岗 请问姐妹有收到二面吗~,0,4,北京,0,1716541474000,2024-05-24T17:04:34,5d04bc3f000000001102d865,鱼果果,咱们应该是一个岗 请问姐妹有收到二面吗~,0
664f0882000000001c00f572,664f0718000000000500574b,,,,求问面的是什么岗呀[皱眉R],0,2,上海,0,1716455555000,2024-05-23T17:12:35,5f68b9290000000001001d3d,想吃甑糕,求问面的是什么岗呀[皱眉R],0
664f64e1000000001c037dc9,664f0718000000000500574b,,,,行业研究吗？[捂脸R],0,1,北京,0,1716479201000,2024-05-23T23:46:41,61f544ea00000000100072fe,_itsaTrista,行业研究吗？[捂脸R],0
664f1343000000000d030568,664f0718000000000500574b,,,,求bg,0,0,北京,0,1716458308000,2024-05-23T17:58:28,63df15960000000026011669,momo（猴猴dad）,求bg,0
67b5a6080000000019003179,664f0718000000000500574b,,,,求问什么岗呀,0,0,北京,0,1739957768000,2025-02-19T17:36:08,5f20033800000000010054e2,Daisy,求问什么岗呀,0
664f0a360000000008000ee0,664f0718000000000500574b,,,,同问 uu面的是什么岗呀,1,0,浙江,0,1716455990000,2024-05-23T17:19:50,5b317f3611be102292fa0020,小恐龙女士,同问 uu面的是什么岗呀,0
6653e926000000001202d554,664f0718000000000500574b,,,,姐妹什么岗位呀~,1,0,天津,0,1716775206000,2024-05-27T10:00:06,63b0382b000000002702beb0,Nilou,姐妹什么岗位呀~,0
67b5a61400000000190053a6,664f0718000000000500574b,,,,求问是什么岗呀,0,0,北京,0,1739957780000,2025-02-19T17:36:20,5f20033800000000010054e2,Daisy,求问是什么岗呀,0
66506c98000000001c035bf7,664f0718000000000500574b,,,,非投研去年都不留人[doge],0,0,上海,0,1716546713000,2024-05-24T18:31:53,5c57021c000000001200eb56,撒把葱花加个蛋,非投研去年都不留人[doge],0
6757d2c8000000001a02715c,664f0718000000000500574b,,,675788f5000000001a01133b,我不造啊我一面就挂 什么证都没考,0,0,北京,0,1733808840000,2024-12-10T13:34:00,5a90f5fe11be1021dce18089,祝杳星ovo,我不造啊我一面就挂 什么证都没考,0
665067be000000001c037b79,664f0718000000000500574b,,,66505822000000001202fc57,昨天下午面的。没收到，不知道是不是挂了,0,0,北京,0,1716545471000,2024-05-24T18:11:11,5f138c7d0000000001007901,whim,昨天下午面的。没收到，不知道是不是挂了,0
664f09c3000000001c00fee0,664f0718000000000500574b,,,664f0882000000001c00f572,私你啦,0,0,北京,3,1716455876000,2024-05-23T17:17:56,5a90f5fe11be1021dce18089,祝杳星ovo,私你啦,0
664fefa5000000001c00ccb4,664f0718000000000500574b,,,664f64e1000000001c037dc9,不是www,0,0,北京,0,1716514726000,2024-05-24T09:38:46,5a90f5fe11be1021dce18089,祝杳星ovo,不是www,0
6653f82c000000000e030208,664f0718000000000500574b,,,,更新 已挂,0,0,北京,0,1716779052000,2024-05-27T11:04:12,5a90f5fe11be1021dce18089,祝杳星ovo,更新 已挂,0
664fe679000000001002bebf,664f0718000000000500574b,,,,求bg[皱眉R],0,0,北京,0,1716512378000,2024-05-24T08:59:38,5e2daf03000000000100873a,🐭,求bg[皱眉R],0
68033c170000000020015fda,664f0718000000000500574b,,,,g,0,0,北京,0,1745042455000,2025-04-19T14:00:55,5951bb7450c4b40502cd75cf,猫咪呀,g,0
664f282b0000000002003895,664f0718000000000500574b,,,,投研里面清北本比例有50％吗？,0,0,北京,-2,1716463660000,2024-05-23T19:27:40,62b716e0000000001b02a18d,稻草人飞飞飞,投研里面清北本比例有50％吗？,0
6a0585130000000028036660,69eeebb1000000003502e2f2,,,,收到offer了吗,1,6,北京,0,1778746643000,2026-05-14T16:17:23,5e33baea00000000010001bc,憨憨小阿豪,收到offer了吗,0
6a09c14e000000002701fb8c,69eeebb1000000003502e2f2,,,,妈呀幸好毕业没删本科同学[笑哭R],0,0,广东,0,1779024207000,2026-05-17T21:23:27,65313743000000002a018c31,momo,妈呀幸好毕业没删本科同学[笑哭R],0
69f204570000000029012a21,69eeebb1000000003502e2f2,,,,请问姐妹，是只需在过往实习中任选2段提供带教联系方式即可么？ 还是简历涉及到的每段实习都需要提供一个导师作为联系人哇[皱眉R][皱眉R],0,3,广东,0,1777468504000,2026-04-29T21:15:04,6950028f000000003702a135,momo,请问姐妹，是只需在过往实习中任选2段提供带教联系方式即可么？ 还是简历涉及到的每段实习都需要提供一个导师作为联系人哇[皱眉R][皱眉R],0
69f06133000000002b025cc6,69eeebb1000000003502e2f2,,,,哈哈在南京挺好，我也不想回北京,0,3,江苏,0,1777361203000,2026-04-28T15:26:43,5de731af0000000001004db0,爱吃玉米,哈哈在南京挺好，我也不想回北京,0
6a00b2ad000000002a0079e3,69eeebb1000000003502e2f2,,,,请问有让邮成绩单嘛,0,1,广东,0,1778430637000,2026-05-11T00:30:37,61ec1e5a0000000021028135,禹道同形,请问有让邮成绩单嘛,0
6a06c3720000000028035659,69eeebb1000000003502e2f2,,,,逆天，现在非体制工作还要对校招生背调[微笑R],1,0,北京,0,1778828146000,2026-05-15T14:55:46,652bb2a8000000002a0358d4,心平气荷(接执金吾offer版),逆天，现在非体制工作还要对校招生背调[微笑R],0
69ef8b44000000002900e8ea,69eeebb1000000003502e2f2,,,,我那年要求提供本科硕士各10个同学，就离谱……,1,1,北京,0,1777306437000,2026-04-28T00:13:57,62fa649c0000000012002be3,小红薯62FAA016,我那年要求提供本科硕士各10个同学，就离谱……,0
69ef804d00000000280381e1,69eeebb1000000003502e2f2,,,,tql，请问几段相关实习,0,1,北京,0,1777303629000,2026-04-27T23:27:09,63f9a369000000001001e2cc,momo,tql，请问几段相关实习,0
69f09b5a000000002902fc1b,69eeebb1000000003502e2f2,,,,我背调还要盖前司公章，离谱吧,0,0,浙江,0,1777376090000,2026-04-28T19:34:50,5e77def40000000001007589,不怕疼先生,我背调还要盖前司公章，离谱吧,0
69f0a580000000002a024004,69eeebb1000000003502e2f2,,,,帮同学做过这种背调[笑哭R],0,0,广东,0,1777378688000,2026-04-28T20:18:08,66bec40c000000001d022531,momo,帮同学做过这种背调[笑哭R],0
6a05856500000000280097dc,69eeebb1000000003502e2f2,,,6a0585130000000028036660,是的,1,0,江苏,0,1778746725000,2026-05-14T16:18:45,6666b9190000000003033410,千屿,是的,0
69f20e6e000000002702328c,69eeebb1000000003502e2f2,,,69f204570000000029012a21,如果三方机构致电你的话，它会指定。如果没给你打电话就是任意，我给他打电话咨询别的问题的时候他直接指定了简历中的2段。,3,0,江苏,0,1777471087000,2026-04-29T21:58:07,6666b9190000000003033410,千屿,如果三方机构致电你的话，它会指定。如果没给你打电话就是任意，我给他打电话咨询别的问题的时候他直接指定了简历中的2段。,0
69f06aba000000002701e4b1,69eeebb1000000003502e2f2,,,69f06133000000002b025cc6,我上学在南京特别想出去试试 围城hhh,0,0,江苏,0,1777363643000,2026-04-28T16:07:23,6666b9190000000003033410,千屿,我上学在南京特别想出去试试 围城hhh,0
6a05853f000000002702b1fb,69eeebb1000000003502e2f2,,,6a00b2ad000000002a0079e3,没有,0,0,江苏,0,1778746687000,2026-05-14T16:18:07,6666b9190000000003033410,千屿,没有,0
69ef8d59000000002701d712,69eeebb1000000003502e2f2,,,69ef8b44000000002900e8ea,硬着头皮给好几年没联系的本科同学发了vx，好尴尬..,1,0,江苏,0,1777306969000,2026-04-28T00:22:49,6666b9190000000003033410,千屿,硬着头皮给好几年没联系的本科同学发了vx，好尴尬..,0
69ef8ce3000000002800b0ce,69eeebb1000000003502e2f2,,,69ef804d00000000280381e1,没在华夏实习过，在华泰实习了6段，完全不相关哈哈哈,5,0,江苏,0,1777306851000,2026-04-28T00:20:51,6666b9190000000003033410,千屿,没在华夏实习过，在华泰实习了6段，完全不相关哈哈哈,0
69ef5d45000000002901162b,69eeebb1000000003502e2f2,,,,实习吗[捂脸R],0,1,湖北,0,1777294662000,2026-04-27T20:57:42,5f7841f20000000001002359,momo,实习吗[捂脸R],0
69f04324000000002b028569,69eeebb1000000003502e2f2,,,,本科和硕士为啥要联系同学？这玩意无论境内外学信网都能验证啊[捂脸R],0,2,广东,-2,1777353509000,2026-04-28T13:18:29,5f2003830000000001002d54,Tism,本科和硕士为啥要联系同学？这玩意无论境内外学信网都能验证啊[捂脸R],0
69ef3597000000002803d89c,69eeebb1000000003502e2f2,,,,给京爷跪了,0,2,江苏,-2,1777284503000,2026-04-27T18:08:23,61b3d76700000000100072d4,Dungeon_master,给京爷跪了,0
69ef61fc000000002702dcaa,69eeebb1000000003502e2f2,,,69ef5d45000000002901162b,正式工作,0,0,江苏,0,1777295869000,2026-04-27T21:17:49,6666b9190000000003033410,千屿,正式工作,0
69f04a1a000000002800b96b,69eeebb1000000003502e2f2,,,69f04324000000002b028569,应该是和公务员政审一样借同学对你评价了解你是什么样的人,2,0,江苏,0,1777355290000,2026-04-28T13:48:10,6666b9190000000003033410,千屿,应该是和公务员政审一样借同学对你评价了解你是什么样的人,0
69ef4d6a00000000270215a3,69eeebb1000000003502e2f2,,,69ef3597000000002803d89c,你不是让我在南京躺平吗！,2,0,江苏,0,1777290603000,2026-04-27T19:50:03,6666b9190000000003033410,千屿,你不是让我在南京躺平吗！,0
6737a1a7000000001702e937,67377ed1000000003c01a904,,,,哪里找的呀,2,1,上海,0,1731699112000,2024-11-16T03:31:52,5fcd10d3000000000101c4d5,远山（有女朋友版）,哪里找的呀,0
673e78f80000000007006f85,67377ed1000000003c01a904,,,,问问uu去了哪家！,0,1,美国,0,1732147449000,2024-11-21T08:04:09,5d93f5c20000000001002a21,我是来揍你的,问问uu去了哪家！,0
67378042000000001b0340b1,67377ed1000000003c01a904,,,,想问问最后去哪家了,0,1,北京,0,1731690563000,2024-11-16T01:09:23,6580084d000000002002cef0,🎃,想问问最后去哪家了,0
67387e8a000000001b025b15,67377ed1000000003c01a904,,,,好厉害[哇R][害羞R][哇R],0,1,北京,0,1731755659000,2024-11-16T19:14:19,5dc95a51000000000100333b,浅浅浅蓝,好厉害[哇R][害羞R][哇R],0
6764d3a3000000000d03b013,67377ed1000000003c01a904,,,,uu我现在也在一家公募实习！可以交流讨论一下嘛,0,0,北京,0,1734661027000,2024-12-20T10:17:07,60c588400000000020026dab,梓豪妈妈👩,uu我现在也在一家公募实习！可以交流讨论一下嘛,0
676d088d000000000d018f17,67377ed1000000003c01a904,,,,想问uu为什么想去渠道销售实习呀，未来也打算往这个方向发展吗,0,0,湖南,0,1735198861000,2024-12-26T15:41:01,5c62b9fc0000000012014b8a,lll,想问uu为什么想去渠道销售实习呀，未来也打算往这个方向发展吗,0
6749d591000000000701464f,67377ed1000000003c01a904,,,,请问想进买方投研，需要从中后台或者销售开始做么[皱眉R][皱眉R],0,0,天津,3,1732892050000,2024-11-29T22:54:10,63f8dcc9000000000f011ced,Jenny 🐢,请问想进买方投研，需要从中后台或者销售开始做么[皱眉R][皱眉R],0
676d1f36000000001000637f,67377ed1000000003c01a904,,,,请问总对总是干什么的呀,2,0,上海,0,1735204663000,2024-12-26T17:17:43,63fa4864000000000f01153a,柚子,请问总对总是干什么的呀,0
67c99d3c00000000180104ec,67377ed1000000003c01a904,,,,我说我没买基金，他问我有买什么股票我说买了Palantir[偷笑R][偷笑R],0,0,福建,-2,1741266236000,2025-03-06T21:03:56,643ce045000000000e01d97f,氢司老师学习新思想,我说我没买基金，他问我有买什么股票我说买了Palantir[偷笑R][偷笑R],0
6737e51a00000000190001d7,67377ed1000000003c01a904,,,6737a1a7000000001702e937,各种实习群和公众号高强度刷新[暗中观察R],4,0,北京,0,1731716379000,2024-11-16T08:19:39,5d0213770000000010038f76,可乐加冰,各种实习群和公众号高强度刷新[暗中观察R],0
673e7aa3000000000702315c,67377ed1000000003c01a904,,,673e78f80000000007006f85,私你啦uu,0,0,北京,0,1732147876000,2024-11-21T08:11:16,5d0213770000000010038f76,可乐加冰,私你啦uu,0
673781070000000017024772,67377ed1000000003c01a904,,,67378042000000001b0340b1,私你啦uu,0,0,北京,0,1731690760000,2024-11-16T01:12:40,5d0213770000000010038f76,可乐加冰,私你啦uu,0
673883b40000000017025698,67377ed1000000003c01a904,,,67387e8a000000001b025b15,[暗中观察R][暗中观察R][暗中观察R],0,0,北京,0,1731756981000,2024-11-16T19:36:21,5d0213770000000010038f76,可乐加冰,[暗中观察R][暗中观察R][暗中观察R],0
67ed31f9000000001e00cea5,67e633cf000000001d027c9a,,,,分公司吧,0,0,上海,0,1743598074000,2025-04-02T20:47:54,5fcd10d3000000000101c4d5,远山（有女朋友版）,分公司吧,0
69bb6a360000000001004fb2,67e633cf000000001d027c9a,,,,宝宝方便问一下这个岗位日常工作是什么呀[飞吻R][飞吻R],0,0,广东,0,1773890103000,2026-03-19T11:15:03,61e2da7c000000001000c253,一粒苹果酒,宝宝方便问一下这个岗位日常工作是什么呀[飞吻R][飞吻R],0
69a995c5000000000c0143c8,67e633cf000000001d027c9a,,,,你好～请问是什么岗位呀,1,0,广东,0,1772721606000,2026-03-05T22:40:06,62a71ae0000000001b02b161,多多爱睡觉,你好～请问是什么岗位呀,0
68957a89000000002903d006,67e633cf000000001d027c9a,,,,华西基金吗,0,0,上海,0,1754626698000,2025-08-08T12:18:18,5b4386994eacab240c6d487a,方法还,华西基金吗,0
69d89e59000000000103e5d5,67e633cf000000001d027c9a,,,,姐姐姐姐可以求一下面经吗[完啦R][完啦R],0,0,四川,0,1775803993000,2026-04-10T14:53:13,686c009b000000001e002f91,沈一石,姐姐姐姐可以求一下面经吗[完啦R][完啦R],0
69c433f7000000000203447c,67e633cf000000001d027c9a,,,,您好 想礼貌问问是什么岗位？,0,0,上海,0,1774466039000,2026-03-26T03:13:59,5f068cd10000000001000981,climbupthemoon_7,您好 想礼貌问问是什么岗位？,0
6851686a000000000401d88a,67e633cf000000001d027c9a,,,,看起来像是嘉实哈哈哈,0,0,辽宁,0,1750165611000,2025-06-17T21:06:51,5e325a5a000000000100384e,叶无道,看起来像是嘉实哈哈哈,0
69cbb9890000000015011bcc,67e633cf000000001d027c9a,,,,学姐求推荐[萌萌哒R],0,0,四川,0,1774958986000,2026-03-31T20:09:46,5f0eb9d10000000001003d3f,兜兜有贝才,学姐求推荐[萌萌哒R],0
67e697ab000000001f00669d,67e633cf000000001d027c9a,,,,姐姐带带,1,1,上海,0,1743165355000,2025-03-28T20:35:55,6020ba5a000000000101c324,Sahh,姐姐带带,0
684af1ec000000001102d68a,67e633cf000000001d027c9a,,,,姐姐求问🥺马上要去公募基金的相关行业实习了，想恶补一下知识可以请问一下有没有什么书或者资料可以推荐吗？谢谢[害羞R],1,0,上海,0,1749742061000,2025-06-12T23:27:41,5a2bbeba11be107728c3d88f,茶融_charon,姐姐求问🥺马上要去公募基金的相关行业实习了，想恶补一下知识可以请问一下有没有什么书或者资料可以推荐吗？谢谢[害羞R],0
67e6b8da000000001f005686,67e633cf000000001d027c9a,,,67e697ab000000001f00669d,[皱眉R]姐姐以后招我做你的实习生好不好？,2,0,四川,0,1743173851000,2025-03-28T22:57:31,5a6354ed4eacab596c09db96,宝剑公主,[皱眉R]姐姐以后招我做你的实习生好不好？,0
696282e4000000000f02f760,67e633cf000000001d027c9a,,,,请问方便了解下投递渠道嘛[皱眉R][皱眉R],0,0,湖北,0,1768063716000,2026-01-11T00:48:36,66e2fdc0000000001e008ce4,麦一Mai,请问方便了解下投递渠道嘛[皱眉R][皱眉R],0
67e63a31000000001e014da1,67e633cf000000001d027c9a,,,,你是哪个带教姐姐 我去年也在这实习哈哈哈哈,0,0,四川,0,1743141426000,2025-03-28T13:57:06,5b0aedf211be1019a341ec06,晚春拾叁,你是哪个带教姐姐 我去年也在这实习哈哈哈哈,0
67e6cf95000000001e015c0b,67e633cf000000001d027c9a,,,,项链很搭 [赞R],2,1,四川,0,1743179670000,2025-03-29T00:34:30,64e58e4f0000000001010b23,立哲,项链很搭 [赞R],0
67e6361a000000001200082f,67e633cf000000001d027c9a,,,,目前实习生名额已经满了哦[萌萌哒R],0,0,四川,0,1743140378000,2025-03-28T13:39:38,5a6354ed4eacab596c09db96,宝剑公主,目前实习生名额已经满了哦[萌萌哒R],0
67e7f3e3000000001200a3fc,67e633cf000000001d027c9a,,,67e6cf95000000001e015c0b,谢谢～,2,0,四川,0,1743254500000,2025-03-29T21:21:40,5a6354ed4eacab596c09db96,宝剑公主,谢谢～,0
6673f9110000000017010e2c,6673a1c8000000000e0301f8,,,,什么公司要问这么多问题啊[哭惹R]不就是一个普通的日常实习吗呜呜,5,2,上海,0,1718876434000,2024-06-20T17:40:34,5f2a22230000000001009cd3,床上平原睡眠专家,什么公司要问这么多问题啊[哭惹R]不就是一个普通的日常实习吗呜呜,0
6673af3b000000001500a9ff,6673a1c8000000000e0301f8,,,,学到了！[皱眉R],1,2,福建,0,1718857532000,2024-06-20T12:25:32,63b4d953000000002702947c,热奶宝吃不够,学到了！[皱眉R],0
6673b23d000000002100f62b,6673a1c8000000000e0301f8,,,,正式实习和小黑工差别好大[捂脸R],1,1,北京,0,1718858302000,2024-06-20T12:38:22,6012cafd0000000001000f49,朝歌,正式实习和小黑工差别好大[捂脸R],0
66e2cd310000000002004c3e,6673a1c8000000000e0301f8,,,,gt是哪家呀,0,1,湖北,0,1726139697000,2024-09-12T19:14:57,60c136190000000020028692,momo,gt是哪家呀,0
66757f19000000000d00f732,6673a1c8000000000e0301f8,,,,是中后台吗姐妹 为啥我面的腰部都是在跟我聊天,0,1,广东,0,1718976281000,2024-06-21T21:24:41,5ee6863d000000000101e774,小红薯5EE76587,是中后台吗姐妹 为啥我面的腰部都是在跟我聊天,0
6686d8450000000023019d8d,6673a1c8000000000e0301f8,,,,学长投的60封简历都是行研的吗,1,1,湖南,0,1720113222000,2024-07-05T01:13:42,5fe06f4c0000000001009bf0,momo,学长投的60封简历都是行研的吗,0
66740056000000002100ef24,6673a1c8000000000e0301f8,,,6673f9110000000017010e2c,这是几场面试里面我挑出来的普适性问题啦，不过有一家真的抓着我问了半个小时[哭惹R],2,0,福建,0,1718878295000,2024-06-20T18:11:35,657ae7d70000000020033d5f,再打一针内啡肽,这是几场面试里面我挑出来的普适性问题啦，不过有一家真的抓着我问了半个小时[哭惹R],0
6673af8a000000002101d9d9,6673a1c8000000000e0301f8,,,6673af3b000000001500a9ff,所以学姐能不能也带我做斯坦福博后研究助理[害羞R],0,0,福建,0,1718857610000,2024-06-20T12:26:50,657ae7d70000000020033d5f,再打一针内啡肽,所以学姐能不能也带我做斯坦福博后研究助理[害羞R],0
6673b297000000002100f64a,6673a1c8000000000e0301f8,,,6673b23d000000002100f62b,其实我面试下来基本上每个组都会正式走人事啦，只不过薪资比较困难[萌萌哒R],1,0,福建,0,1718858392000,2024-06-20T12:39:52,657ae7d70000000020033d5f,再打一针内啡肽,其实我面试下来基本上每个组都会正式走人事啦，只不过薪资比较困难[萌萌哒R],0
66e2cd63000000000c0148e7,6673a1c8000000000e0301f8,,,66e2cd310000000002004c3e,改过名的一家券商，剩下的不能多说了[赞R],0,0,广东,0,1726139748000,2024-09-12T19:15:48,657ae7d70000000020033d5f,再打一针内啡肽,改过名的一家券商，剩下的不能多说了[赞R],0
66757f74000000000500486e,6673a1c8000000000e0301f8,,,66757f19000000000d00f732,我也有几家都是电话来聊天的，一般就是他们真的很认可你或者是他们确实需要劳动力😂你可以和他们聊的过程中问一下具体的工作内容还有人事一类的～,2,0,福建,0,1718976373000,2024-06-21T21:26:13,657ae7d70000000020033d5f,再打一针内啡肽,我也有几家都是电话来聊天的，一般就是他们真的很认可你或者是他们确实需要劳动力😂你可以和他们聊的过程中问一下具体的工作内容还有人事一类的～,0
668745e70000000003039ecc,6673a1c8000000000e0301f8,,,6686d8450000000023019d8d,是的[捂脸R],1,0,福建,0,1720141287000,2024-07-05T09:01:27,657ae7d70000000020033d5f,再打一针内啡肽,是的[捂脸R],0
698bd801000000000600a719,698a71df000000001b016c8a,,,,…行业内的人肯定会告诉你华夏，但实际上选GS比选华夏好太多,27,23,上海,0,1770772481000,2026-02-11T09:14:41,5e52597d000000000100691a,Raymond 💼,…行业内的人肯定会告诉你华夏，但实际上选GS比选华夏好太多,0
698dbe27000000001d00b044,698a71df000000001b016c8a,,,,gs资管哪天关了国内业务你大概率也回不去内资公募,9,0,上海,0,1770896936000,2026-02-12T19:48:56,5c7b69b600000000160111ea,sunsun,gs资管哪天关了国内业务你大概率也回不去内资公募,0
698fd06100000000090379bd,698a71df000000001b016c8a,,,,GSAM在国内有Office？,0,1,中国香港,0,1771032674000,2026-02-14T09:31:14,62767504000000002102aaef,排排坐吃苹果,GSAM在国内有Office？,0
698a7b19000000000b0359b6,698a71df000000001b016c8a,,,,校招前，校招后，同学们的预期，可以是两个世界。,4,0,北京,0,1770683162000,2026-02-10T08:26:02,65758d2c000000001902e588,鸡精经理Z先生,校招前，校招后，同学们的预期，可以是两个世界。,0
698df45a0000000015012287,698a71df000000001b016c8a,,,,国内的外资公募确实不太行。。。,1,0,河北,0,1770910810000,2026-02-12T23:40:10,65853388000000003d02b50d,小红薯65861D4C,国内的外资公募确实不太行。。。,0
698b146300000000030114c2,698a71df000000001b016c8a,,,,国内的外资公募多数和内资做的事没什么区别,2,0,英国,0,1770722403000,2026-02-10T19:20:03,5a71e78111be107e1eb11d5b,EuZ,国内的外资公募多数和内资做的事没什么区别,0
698dbbb10000000015013bb4,698a71df000000001b016c8a,,,,华夏？那个年终奖发一点点，穷得要死的机构么[笑哭R],5,2,北京,-2,1770896306000,2026-02-12T19:38:26,60199886000000000101e6e9,Albert,华夏？那个年终奖发一点点，穷得要死的机构么[笑哭R],0
698b444d000000001802312e,698a71df000000001b016c8a,,,,肯定后者啊。除非就想外行面前装b,5,0,北京,-2,1770734669000,2026-02-10T22:44:29,5ed33402000000000101e913,塔里牛木,肯定后者啊。除非就想外行面前装b,0
69904df80000000003013227,698a71df000000001b016c8a,,,,肯定gsam，去了华夏也就多这这些a股，哦还有a债这个垃圾玩意儿,2,0,上海,-2,1771064824000,2026-02-14T18:27:04,610fddcb0000000001005604,最接近天国的岛屿,肯定gsam，去了华夏也就多这这些a股，哦还有a债这个垃圾玩意儿,0
69900a2e0000000011019bc3,698a71df000000001b016c8a,,,,"个人发展完全靠自己,问出这种问题的人没有前途",1,0,浙江,-2,1771047470000,2026-02-14T13:37:50,5e5b33a00000000001008e89,风涧小子,"个人发展完全靠自己,问出这种问题的人没有前途",0
698d6d510000000008030a99,698a71df000000001b016c8a,,,698bd801000000000600a719,在国内肯定华夏啊 我gs的朋友没一个跳回来的[doge]普通人去不了外资才对外资有滤镜[笑哭R],10,0,北京,0,1770876242000,2026-02-12T14:04:02,56b4ee3550c4b40cdf5ed4b8,一只小蘑菇菇,在国内肯定华夏啊 我gs的朋友没一个跳回来的[doge]普通人去不了外资才对外资有滤镜[笑哭R],0
69905682000000000f02fa01,698a71df000000001b016c8a,,,698fd06100000000090379bd,AM以前不是在17楼吗[笑哭R],1,0,北京,0,1771067011000,2026-02-14T19:03:31,61499cc6000000000201e1bd,至真园潘经理,AM以前不是在17楼吗[笑哭R],0
699042e10000000006031495,698a71df000000001b016c8a,,,698dbbb10000000015013bb4,我同学华夏某行业研究员 工作五年多 总包150w我觉得还行啊[捂嘴笑R],3,0,北京,0,1771061986000,2026-02-14T17:39:46,56432c4503eb845d9371c129,William,我同学华夏某行业研究员 工作五年多 总包150w我觉得还行啊[捂嘴笑R],0
698f05d700000000040010cb,698a71df000000001b016c8a,,,,这还用选？,0,0,广东,-2,1770980823000,2026-02-13T19:07:03,56aca07284edcd212e1b06f1,Yvenda in HongKong,这还用选？,0
698e7bc4000000000f01abbc,698a71df000000001b016c8a,,,,Gs大垃圾，关门的宿命,1,0,上海,-2,1770945477000,2026-02-13T09:17:57,566d7f950bf90c32b489ce5c,森宝,Gs大垃圾，关门的宿命,0
66027e0e000000000b0187af,660272b30000000012033258,,,,是那个银行渠道销售日常实习吗[笑哭R],0,2,广东,0,1711439374000,2024-03-26T15:49:34,609cde51000000000100747c,Hiya💗,是那个银行渠道销售日常实习吗[笑哭R],0
6602eb8d000000000b01b40c,660272b30000000012033258,,,,是日常实习还是暑期呀uu[哇R],1,2,中国香港,0,1711467406000,2024-03-26T23:36:46,5e4e112400000000010008b7,周肉肉：）,是日常实习还是暑期呀uu[哇R],0
6877e28a000000000c01457e,660272b30000000012033258,,,,哥们 请问下底薪多少，基金销售底薪五六千正常吗，试用期3-6个月转正才能调薪[叹气R],0,3,北京,0,1752687242000,2025-07-17T01:34:02,5f3291d9000000000101c898,令仪🌟,哥们 请问下底薪多少，基金销售底薪五六千正常吗，试用期3-6个月转正才能调薪[叹气R],0
682bede5000000000b0148b0,660272b30000000012033258,,,,姐妹入职了吗,0,2,湖北,0,1747709413000,2025-05-20T10:50:13,66a8ccad000000001d0231a5,用户已注销,姐妹入职了吗,0
66028aa1000000000d002d3b,660272b30000000012033258,,,,很好 又给我逮到你哈哈哈哈,1,1,中国香港,0,1711442593000,2024-03-26T16:43:13,621605e8000000001000a7b7,momo,很好 又给我逮到你哈哈哈哈,0
6602ef950000000012026791,660272b30000000012033258,,,,请问3咋准备呀,3,2,上海,0,1711468438000,2024-03-26T23:53:58,580c66c66a6a6929fc3536af,momoooo,请问3咋准备呀,0
69bff88b0000000015002f7c,660272b30000000012033258,,,,请问二面面了什么呀,0,1,广东,0,1774188683000,2026-03-22T22:11:23,60f51a0d0000000001008c81,鱼鱼鱼鱼鱼,请问二面面了什么呀,0
66040854000000001902c8aa,660272b30000000012033258,,,,我也面了 为什么你的这么难[捂脸R],0,1,广东,0,1711540308000,2024-03-27T19:51:48,5e724246000000000100a5d1,momo赶毕业论文版,我也面了 为什么你的这么难[捂脸R],0
6614b73f000000001902fdcb,660272b30000000012033258,,,,围城 外面的想进来 里面的想出去,2,0,广东,0,1712633663000,2024-04-09T11:34:23,569a3d2084edcd1f5e161269,航空零食周边小铺,围城 外面的想进来 里面的想出去,0
660681dd000000001902f36b,660272b30000000012033258,,,,蹲蹲,0,1,广东,-2,1711702493000,2024-03-29T16:54:53,5d196e6200000000110212f2,又怎么了我的大小姐,蹲蹲,0
66027ea5000000000b016d64,660272b30000000012033258,,,66027e0e000000000b0187af,yes 难道是一起申请的吗哈哈哈哈,1,0,中国香港,0,1711439525000,2024-03-26T15:52:05,6386ba2c000000001d01badc,AI,yes 难道是一起申请的吗哈哈哈哈,0
6602f0c1000000001902a7d2,660272b30000000012033258,,,6602eb8d000000000b01b40c,日常的 暑期估计还要笔试吧,0,0,中国香港,0,1711468737000,2024-03-26T23:58:57,6386ba2c000000001d01badc,AI,日常的 暑期估计还要笔试吧,0
68782fc8000000000c014ed9,660272b30000000012033258,,,6877e28a000000000c01457e,没入职正式的,0,0,中国香港,0,1752707017000,2025-07-17T07:03:37,6386ba2c000000001d01badc,AI,没入职正式的,0
682beeac000000000b02cf76,660272b30000000012033258,,,682bede5000000000b0148b0,没有 我是哥们,0,0,中国香港,0,1747709612000,2025-05-20T10:53:32,6386ba2c000000001d01badc,AI,没有 我是哥们,0
66028ae5000000000b014b23,660272b30000000012033258,,,66028aa1000000000d002d3b,可以哈哈哈哈哈,0,0,中国香港,0,1711442661000,2024-03-26T16:44:21,6386ba2c000000001d01badc,AI,可以哈哈哈哈哈,0
6602f167000000001902c020,660272b30000000012033258,,,6602ef950000000012026791,看一下股市（A股指数、恒生指数）、债市周总结以及月度总结，并且可以参考一些固收研报的观点（有名的刘老师、张老师的观点） --以上是我的个人看法 其实更多的是自己平常的积累 我自己也答的不好 也可以看看其他小伙伴有没有什么最优解的方法,6,0,中国香港,0,1711468904000,2024-03-27T00:01:44,6386ba2c000000001d01badc,AI,看一下股市（A股指数、恒生指数）、债市周总结以及月度总结，并且可以参考一些固收研报的观点（有名的刘老师、张老师的观点） --以上是我的个人看法 其实更多的是自己平常的积累 我自己也答的不好 也可以看看其他小伙伴有没有什么最优解的方法,0
69c0cab7000000001d00d139,660272b30000000012033258,,,69bff88b0000000015002f7c,路演华夏的产品,0,0,北京,0,1774242488000,2026-03-23T13:08:08,6386ba2c000000001d01badc,AI,路演华夏的产品,0
66040e5f000000001902bd40,660272b30000000012033258,,,66040854000000001902c8aa,[哭惹R]可能有过一段宏观实习,1,0,中国香港,0,1711541855000,2024-03-27T20:17:35,6386ba2c000000001d01badc,AI,[哭惹R]可能有过一段宏观实习,0
66068b600000000015039c44,660272b30000000012033258,,,660681dd000000001902f36b,蹲二面嘛[笑哭R]估计进不去,0,0,中国香港,0,1711704929000,2024-03-29T17:35:29,6386ba2c000000001d01badc,AI,蹲二面嘛[笑哭R]估计进不去,0
66027bad000000000b015ea9,660272b30000000012033258,,,,[暗中观察R],0,0,江苏,-2,1711438765000,2024-03-26T15:39:25,619f7ca4000000001000c3a8,Hiking,[暗中观察R],0
689304c10000000029035b57,678e0bfa0000000019018964,,,,请问远程行研的工作强度咋样呢[石化R]，想了解一下，怕任务太重影响学业[捂脸R],1,9,广东,0,1754465474000,2025-08-06T15:31:14,5ca5473b000000001201ffb2,嘆世界,请问远程行研的工作强度咋样呢[石化R]，想了解一下，怕任务太重影响学业[捂脸R],0
678e17cb000000002102fabd,678e0bfa0000000019018964,,,,3个月了还在纪要[偷笑R]麻了,9,3,上海,0,1737365451000,2025-01-20T17:30:51,650fb7ba0000000016038ffa,Phasmid,3个月了还在纪要[偷笑R]麻了,0
678e405d000000002101b343,678e0bfa0000000019018964,,,,姐妹你的这个深度报告的篇幅大概有多少呀[皱眉R]想自己写一篇再去投简历，不然一直找不到第一份行研实习[笑哭R],0,2,广东,0,1737375837000,2025-01-20T20:23:57,626f2d1c00000000100090b1,粪海狂蛆,姐妹你的这个深度报告的篇幅大概有多少呀[皱眉R]想自己写一篇再去投简历，不然一直找不到第一份行研实习[笑哭R],0
678e1480000000000c0112ac,678e0bfa0000000019018964,,,,bb我想问问你是去哪里找到实习啊[皱眉R],0,2,广西,0,1737364608000,2025-01-20T17:16:48,5d35b865000000001202ab75,咕噜爱咕噜咕噜,bb我想问问你是去哪里找到实习啊[皱眉R],0
678e0ee5000000002101ddbf,678e0bfa0000000019018964,,,,那个组呀[哭惹R],0,1,浙江,0,1737363173000,2025-01-20T16:52:53,60cc3d0000000000010002cf,Kawhi,那个组呀[哭惹R],0
67a6d23c0000000018033bcc,678e0bfa0000000019018964,,,,这个面试会问一些什么样的问题,1,1,北京,0,1738986044000,2025-02-08T11:40:44,623fbb69000000001000d5aa,Polaris,这个面试会问一些什么样的问题,0
678e36fd000000000a018dc1,678e0bfa0000000019018964,,,,什么是数据穿透,0,1,澳大利亚,0,1737373437000,2025-01-20T19:43:57,5d0cbe78000000001200578e,天天开心,什么是数据穿透,0
678e1012000000000b008190,678e0bfa0000000019018964,,,,什么公司呀，uu你的带教好好[哇R],0,1,辽宁,0,1737363475000,2025-01-20T16:57:55,670b57d0000000000b032ff5,嗨嗨嗨,什么公司呀，uu你的带教好好[哇R],0
678e44b4000000001a00fc30,678e0bfa0000000019018964,,,,第一份行研应该怎么找[哭惹R],0,1,湖北,0,1737376948000,2025-01-20T20:42:28,5d29b52b000000001600d9c9,好运来,第一份行研应该怎么找[哭惹R],0
678e13c6000000002102e9d9,678e0bfa0000000019018964,,,,妈呀哪家哪个组这么好....会议纪要做得我头晕眼花,2,1,福建,0,1737364423000,2025-01-20T17:13:43,5ae6a73c4eacab2ff64077b3,想真的放假的奥利奥炒酸奶,妈呀哪家哪个组这么好....会议纪要做得我头晕眼花,0
68930e3d000000002a0002e6,678e0bfa0000000019018964,,,689304c10000000029035b57,这个要看不同的mt耶！我这边mt是要求3-4天工作，一天工作量8小时左右，但是有些工作量预估有点大做不完也需要交文件，就得小加一下班啦,5,0,四川,0,1754467901000,2025-08-06T16:11:41,5df50a530000000001003443,早睡早起身体好,这个要看不同的mt耶！我这边mt是要求3-4天工作，一天工作量8小时左右，但是有些工作量预估有点大做不完也需要交文件，就得小加一下班啦,0
678e20d4000000001b034014,678e0bfa0000000019018964,,,678e17cb000000002102fabd,我也是[哭惹R]做了十来篇会议纪要了…,0,0,北京,0,1737367764000,2025-01-20T18:09:24,60cbce2a000000000100209e,Hannahhh,我也是[哭惹R]做了十来篇会议纪要了…,0
678e413a0000000021031f6e,678e0bfa0000000019018964,,,678e405d000000002101b343,姐妹我写的行业的深度报告大概20页PPT，公司的平均在1w5，不过我之前也没有经验去投递的，感觉小黑工很看投递时间点，并不需要啥经历[飞吻R],2,0,山东,0,1737376058000,2025-01-20T20:27:38,5df50a530000000001003443,早睡早起身体好,姐妹我写的行业的深度报告大概20页PPT，公司的平均在1w5，不过我之前也没有经验去投递的，感觉小黑工很看投递时间点，并不需要啥经历[飞吻R],0
678e18150000000021033be1,678e0bfa0000000019018964,,,678e1480000000000c0112ac,我是看学校实习群里的消息投递的uu,0,0,山东,0,1737365526000,2025-01-20T17:32:06,5df50a530000000001003443,早睡早起身体好,我是看学校实习群里的消息投递的uu,0
678e17a2000000002101c223,678e0bfa0000000019018964,,,678e0ee5000000002101ddbf,是传媒+某消费类的组[害羞R],0,0,山东,0,1737365410000,2025-01-20T17:30:10,5df50a530000000001003443,早睡早起身体好,是传媒+某消费类的组[害羞R],0
67a6e1da000000001801458c,678e0bfa0000000019018964,,,67a6d23c0000000018033bcc,看不同的所还有带教吧，我当时就问了一些基本能力和实习时间之类的,0,0,山东,0,1738990043000,2025-02-08T12:47:23,5df50a530000000001003443,早睡早起身体好,看不同的所还有带教吧，我当时就问了一些基本能力和实习时间之类的,0
678e3d580000000021036c8b,678e0bfa0000000019018964,,,678e36fd000000000a018dc1,比如A券商报告的数据来源是B咨询机构，B咨询机构的数据来源是C行业协会的官方报告，C的数据就是底稿可以承认的正规来源，A/B都存在侵权风险，报告不能引用,17,0,山东,0,1737375064000,2025-01-20T20:11:04,5df50a530000000001003443,早睡早起身体好,比如A券商报告的数据来源是B咨询机构，B咨询机构的数据来源是C行业协会的官方报告，C的数据就是底稿可以承认的正规来源，A/B都存在侵权风险，报告不能引用,0
678e17c60000000021015b8b,678e0bfa0000000019018964,,,678e1012000000000b008190,是不太知名的券商啦uu～主要是碰到的带教好[哭惹R],0,0,山东,0,1737365446000,2025-01-20T17:30:46,5df50a530000000001003443,早睡早起身体好,是不太知名的券商啦uu～主要是碰到的带教好[哭惹R],0
678e48f30000000021018595,678e0bfa0000000019018964,,,678e44b4000000001a00fc30,其实大部分都是公众号投递/学校实习群/学长学姐内推，学校和学长学姐这个途径的成功概率会大一些，如果能加到其他学校的实习群也可以看看[派对R],1,0,山东,0,1737378036000,2025-01-20T21:00:36,5df50a530000000001003443,早睡早起身体好,其实大部分都是公众号投递/学校实习群/学长学姐内推，学校和学长学姐这个途径的成功概率会大一些，如果能加到其他学校的实习群也可以看看[派对R],0
678e17fc000000002102c3a5,678e0bfa0000000019018964,,,678e13c6000000002102e9d9,哈哈哈哈我主要做的是传媒，也可能因为券商规模不大所以dirty work也少一些吧,0,0,山东,0,1737365500000,2025-01-20T17:31:40,5df50a530000000001003443,早睡早起身体好,哈哈哈哈我主要做的是传媒，也可能因为券商规模不大所以dirty work也少一些吧,0
67ac216b00000000160178ef,678e0bfa0000000019018964,,,,omg可以问问哪家哪个组吗这么好[皱眉R],1,0,浙江,0,1739333996000,2025-02-12T12:19:56,62e9a334000000001f017a31,JoeMu,omg可以问问哪家哪个组吗这么好[皱眉R],0
678e0e51000000000b03be48,678e0bfa0000000019018964,,,,想问一下线上的有工资嘛？[哭惹R],0,0,广东,3,1737363026000,2025-01-20T16:50:26,64e9ad9c00000000010068ff,起什么名字好呢？,想问一下线上的有工资嘛？[哭惹R],0
690961de0000000038027a40,678e0bfa0000000019018964,,,,有工资应该不是小黑工,0,0,上海,0,1762222558000,2025-11-04T10:15:58,63de36700000000026005d3e,好梦大王,有工资应该不是小黑工,0
695dca3300000000140343b5,678e0bfa0000000019018964,,,,你这种发工资的算什么小黑工[doge],1,0,广东,-2,1767754292000,2026-01-07T10:51:32,5d21da9e0000000011034ee1,Lizzzzzzzzz,你这种发工资的算什么小黑工[doge],0
68e505dd0000000037027599,68e505320000000003021039,,,,“离家近”这个因子，是无法用普适价值衡量的，可以觉得超越一切，也可以觉得暂时妥协。但是，除了“离家近”就缺乏其他价值吸引点的选择，工作后心态变化的比例不低。,9,0,北京,4,1759839709000,2025-10-07T20:21:49,65753502000000003d0355ba,鸡精经理Z先生咨询|培训,“离家近”这个因子，是无法用普适价值衡量的，可以觉得超越一切，也可以觉得暂时妥协。但是，除了“离家近”就缺乏其他价值吸引点的选择，工作后心态变化的比例不低。,0
68ea06c300000000330233c5,68e505320000000003021039,,,,现在对公客户经理跳机销还有机会吗,0,1,浙江,0,1760167620000,2025-10-11T15:27:00,61fc70bc00000000100040c1,PPinky,现在对公客户经理跳机销还有机会吗,0
68e507cd000000003902937b,68e505320000000003021039,,,,如果家就在北上广深的话是不是该图离家近,1,2,西班牙,0,1759840205000,2025-10-07T20:30:05,5c2dbb4f000000000700d939,xoxo,如果家就在北上广深的话是不是该图离家近,0
68e9e7620000000033005873,68e505320000000003021039,,,,苏银理财销售不也是渠道吗？,1,1,广东,0,1760159586000,2025-10-11T13:13:06,5702532a1c07df77d3c4e905,小胡要上2.0,苏银理财销售不也是渠道吗？,0
68e7394b000000003902c59a,68e505320000000003021039,,,,互金一票,1,0,江苏,0,1759983948000,2025-10-09T12:25:48,5e9a7e760000000001007592,雪雪末,互金一票,0
68e7ccb8000000003902339b,68e505320000000003021039,,,,top2,2,0,北京,0,1760021689000,2025-10-09T22:54:49,5c7a0fff000000001700dc23,Ro,top2,0
68e835ba000000003803dcc6,68e505320000000003021039,,,,先都拿到offer再挑吧，贷款毫无意义,0,0,美国,0,1760048571000,2025-10-10T06:22:51,5f9f514f0000000001007760,不抽香烟,先都拿到offer再挑吧，贷款毫无意义,0
68edf7c2000000003802f03a,68e505320000000003021039,,,,易方达华夏，以后再回去也行,0,0,广东,0,1760425923000,2025-10-14T15:12:03,5f340eab000000000101e451,11,易方达华夏，以后再回去也行,0
68ef111b0000000037011ce6,68e505320000000003021039,,,68ea06c300000000330233c5,不论“过去、现在、未来”，概率都很小,1,0,北京,0,1760497948000,2025-10-15T11:12:28,65758d2c000000001902e588,鸡精经理Z先生,不论“过去、现在、未来”，概率都很小,0
68e5089900000000330040e2,68e505320000000003021039,,,68e507cd000000003902937b,个体选择体现的是千人千面的价值观差异，没有简单的线性结论。一线家庭孩纸有从大学就看重“离家近”的，也有看重成长性第一的。,2,0,北京,0,1759840410000,2025-10-07T20:33:30,65758d2c000000001902e588,鸡精经理Z先生,个体选择体现的是千人千面的价值观差异，没有简单的线性结论。一线家庭孩纸有从大学就看重“离家近”的，也有看重成长性第一的。,0
68e9e9f400000000330240d8,68e505320000000003021039,,,68e9e7620000000033005873,我都没提这个,2,0,北京,0,1760160244000,2025-10-11T13:24:04,65758d2c000000001902e588,鸡精经理Z先生,我都没提这个,0
67e9071a000000001e03b57d,67d1472b000000002803f7ad,,,,你直接说：“你老爸在炒股，有好几百万在大A股市。只要我能有幸入职我们证券公司，我就把我爸的账户拉过来，我做我爸的客户经理！”,60,8,广东,0,1743324954000,2025-03-30T16:55:54,67ca96bb000000000e013178,黎康良,你直接说：“你老爸在炒股，有好几百万在大A股市。只要我能有幸入职我们证券公司，我就把我爸的账户拉过来，我做我爸的客户经理！”,0
67d159ba0000000017028070,67d1472b000000002803f7ad,,,,天哪这的假的 这么恐怖呢,3,3,广东,0,1741773243000,2025-03-12T17:54:03,5ad20e3fe8ac2b2d6f60e8b6,辛想事成,天哪这的假的 这么恐怖呢,0
67d8bbfe000000001703846d,67d1472b000000002803f7ad,,,,恕我直言，现在去券商，没资源的话，就像49年入国军,12,0,上海,0,1742257150000,2025-03-18T08:19:10,65c376be000000000903cc54,新韭菜的自我修养,恕我直言，现在去券商，没资源的话，就像49年入国军,0
67d148ed0000000015006c53,67d1472b000000002803f7ad,,,,主要试探你身边有没有资源，其他的不重要[吧唧R],129,1,浙江,0,1741768941000,2025-03-12T16:42:21,5ae72501e8ac2b5ff1104df4,旺崽萱贝,主要试探你身边有没有资源，其他的不重要[吧唧R],0
67d3d1500000000018014995,67d1472b000000002803f7ad,,,,其实...他想知道的只有一个信息...你有没有资源[doge]其他都不重要[doge]只要你有资源这份工作谁干都一样[doge],19,0,广东,0,1741934929000,2025-03-14T14:48:49,6410858300000000290140c9,momo,其实...他想知道的只有一个信息...你有没有资源[doge]其他都不重要[doge]只要你有资源这份工作谁干都一样[doge],0
67e90586000000001f00a0f6,67d1472b000000002803f7ad,,,,去营业部的前提就是家里有人 大资金在炒股 你进去后给他降点手续费 再分点手续费 完成点不伤根基的任务 混混就完了 不过现在手续费已经没赚头了 所以营业部等于49年的国军,6,0,江苏,0,1743324550000,2025-03-30T16:49:10,5a37ddc84eacab5f37556a77,我忘记我原来叫什么了,去营业部的前提就是家里有人 大资金在炒股 你进去后给他降点手续费 再分点手续费 完成点不伤根基的任务 混混就完了 不过现在手续费已经没赚头了 所以营业部等于49年的国军,0
67d291130000000018018f15,67d1472b000000002803f7ad,,,,表现的有野心一点，比较喜欢自信的，会认为你有资源,18,0,浙江,0,1741852948000,2025-03-13T16:02:28,57c7e30082ec390d3cdeac5b,Bagel,表现的有野心一点，比较喜欢自信的，会认为你有资源,0
67d43ca3000000001802da58,67d1472b000000002803f7ad,,,,营业部基本是做营销的，做创收的。,9,0,广东,0,1741962404000,2025-03-14T22:26:44,636e8e53000000001f01f2b6,六月的雨,营业部基本是做营销的，做创收的。,0
67e6a3c8000000001e022a6d,67d1472b000000002803f7ad,,,,就是招血包罢了,2,0,江苏,0,1743168456000,2025-03-28T21:27:36,5c6baa55000000001003c6ca,momo,就是招血包罢了,0
67d147d400000000150144f3,67d1472b000000002803f7ad,,,,真的假的姐妹好恐怖[猪头R],2,1,湖北,0,1741768660000,2025-03-12T16:37:40,5b45cd85e8ac2b762edaa23f,tysala,真的假的姐妹好恐怖[猪头R],0
67eec2520000000020010973,67d1472b000000002803f7ad,,,67e9071a000000001e03b57d,这个不行，直系亲属不能炒股，涉及合规,69,0,山东,0,1743700562000,2025-04-04T01:16:02,5f98f6b90000000001006d9e,暴暴不是爆爆👀,这个不行，直系亲属不能炒股，涉及合规,0
67d15a060000000015014431,67d1472b000000002803f7ad,,,67d159ba0000000017028070,难难难[叹气R],5,0,湖南,0,1741773318000,2025-03-12T17:55:18,57614c3d6a6a6907199f2e68,lz11🍊,难难难[叹气R],0
67d1494c0000000012015c9e,67d1472b000000002803f7ad,,,67d148ed0000000015006c53,还是太现实了[失望R],15,0,湖南,0,1741769036000,2025-03-12T16:43:56,57614c3d6a6a6907199f2e68,lz11🍊,还是太现实了[失望R],0
67d148e70000000015006adb,67d1472b000000002803f7ad,,,67d147d400000000150144f3,包真的家人🫰,3,0,湖南,0,1741768936000,2025-03-12T16:42:16,57614c3d6a6a6907199f2e68,lz11🍊,包真的家人🫰,0
67f5d64a000000001f001ac5,67d1472b000000002803f7ad,,,,家里亲戚朋友都来开户[偷笑R][偷笑R][偷笑R],1,0,浙江,0,1744164426000,2025-04-09T10:07:06,5be160b08ee92000015119a0,呱比比,家里亲戚朋友都来开户[偷笑R][偷笑R][偷笑R],0
67d3e8cc000000001500706c,67d1472b000000002803f7ad,,,,是不是zx证券[doge],0,1,中国香港,0,1741940941000,2025-03-14T16:29:01,5c166a1d000000000702a048,哈糗,是不是zx证券[doge],0
67d6c889000000001201465e,67d1472b000000002803f7ad,,,,你沒資源 走吧 不送,1,0,中国香港,0,1742129289000,2025-03-16T20:48:09,64a247a8000000002b00826b,Jason 吴浩贤 (Big Sir),你沒資源 走吧 不送,0
6864c8b3000000000401834c,67d1472b000000002803f7ad,,,,评论区很多讲资源的 能拿多少出来勉强够活啊[笑哭R]（小白）,0,0,江苏,0,1751435443000,2025-07-02T13:50:43,671d14b8000000001d030718,小红薯,评论区很多讲资源的 能拿多少出来勉强够活啊[笑哭R]（小白）,0
67ee9c98000000001f001321,67d1472b000000002803f7ad,,,,别去，不要觉得自己不一样，除非有资源,0,0,广东,0,1743690904000,2025-04-03T22:35:04,6407ef920000000014012ebd,黑米,别去，不要觉得自己不一样，除非有资源,0
67f5d62e000000001f0180fa,67d1472b000000002803f7ad,,,,就是销售，而且也没啥技巧,0,0,浙江,0,1744164398000,2025-04-09T10:06:38,5be160b08ee92000015119a0,呱比比,就是销售，而且也没啥技巧,0
681a340b00000000040150e0,67d1472b000000002803f7ad,,,,问兄弟姐妹是想试探什么呢,0,0,重庆,0,1746547724000,2025-05-07T00:08:44,5e51056a0000000001006f42,JamJam,问兄弟姐妹是想试探什么呢,0
67ee6665000000001202089e,67d1472b000000002803f7ad,,,,有没有uu知道券商财富管理部怎么样啊？面试官问我有没有升学计划，我说目前因为家庭原因没有[石化R]是不是完了,0,0,广东,0,1743677029000,2025-04-03T18:43:49,662545e4000000000d027d37,其实我每一天都真的超级无敌非常十分特别很想辞职！,有没有uu知道券商财富管理部怎么样啊？面试官问我有没有升学计划，我说目前因为家庭原因没有[石化R]是不是完了,0
6936ff22000000000e035507,67d1472b000000002803f7ad,,,,你有资格证吗 我听说没有证不让进的 如果有的话问一下难考嘛[害羞R],0,1,陕西,0,1765211938000,2025-12-09T00:38:58,5b175f99e8ac2b7eeb4c3b43,CtIc.🗿,你有资格证吗 我听说没有证不让进的 如果有的话问一下难考嘛[害羞R],0
67e1fee50000000012031f9b,67d1472b000000002803f7ad,,,,没事的 进去了还要个把月准备 最长几个月,1,0,广东,0,1742864102000,2025-03-25T08:55:02,67d2851f000000000a03c74e,跳跳包,没事的 进去了还要个把月准备 最长几个月,0
67e4eff5000000001f003b1b,67d1472b000000002803f7ad,,,67d3e8cc000000001500706c,我猜就是！下午要面试啊啊啊啊,1,0,河北,0,1743056886000,2025-03-27T14:28:06,611cbe5c000000000100b253,麻烦多加香菜少加班,我猜就是！下午要面试啊啊啊啊,0
6937efc6000000001403567b,67d1472b000000002803f7ad,,,6936ff22000000000e035507,有的，不难考,0,0,湖南,0,1765273543000,2025-12-09T17:45:43,57614c3d6a6a6907199f2e68,lz11🍊,有的，不难考,0
67d3b77a0000000012017bfb,67d1472b000000002803f7ad,,,,挺良心的真的，试探了一下知道你没有资源就放过你了。不然进去后你也难受。,3,0,北京,0,1741928314000,2025-03-14T12:58:34,5f2d33de000000000100739e,脆皮炸鸡,挺良心的真的，试探了一下知道你没有资源就放过你了。不然进去后你也难受。,0
691139d700000000390262a7,67d1472b000000002803f7ad,,,,有没有兄弟姐妹，怎么说,0,0,河北,0,1762736600000,2025-11-10T09:03:20,610c69d20000000001002fa6,不爱吃麻辣兔头的兔子,有没有兄弟姐妹，怎么说,0
67e4eff9000000001f019dc1,67d1472b000000002803f7ad,,,,是不是zx[暗中观察R][暗中观察R][暗中观察R],0,0,河北,0,1743056890000,2025-03-27T14:28:10,611cbe5c000000000100b253,麻烦多加香菜少加班,是不是zx[暗中观察R][暗中观察R][暗中观察R],0
67f5d61c0000000020012856,67d1472b000000002803f7ad,,,,哈哈哈哈哈,0,0,浙江,0,1744164380000,2025-04-09T10:06:20,5be160b08ee92000015119a0,呱比比,哈哈哈哈哈,0
67d4305b0000000018019362,67d1472b000000002803f7ad,,,,你会过的，因为他们要招客户,0,0,广东,0,1741959260000,2025-03-14T21:34:20,62b962f2000000001902ad4e,古谷,你会过的，因为他们要招客户,0
67d1c41a00000000150297c6,67d1472b000000002803f7ad,,,,所有的小聪明和捷径都会有报应[点赞R],0,1,上海,3,1741800475000,2025-03-13T01:27:55,67169600000000001d022291,Hart,所有的小聪明和捷径都会有报应[点赞R],0
67d6cb870000000018006394,67d1472b000000002803f7ad,,,,就看你家里有没有钱[偷笑R],0,0,浙江,0,1742130055000,2025-03-16T21:00:55,5f8c687c000000000101d3b0,不董先森,就看你家里有没有钱[偷笑R],0
69d72d220000000015007553,67d1472b000000002803f7ad,,,,太幸福了，这边估计要问半个小时左右[捂脸R],0,0,江苏,0,1775709474000,2026-04-09T12:37:54,63db82160000000026012436,Mia✨,太幸福了，这边估计要问半个小时左右[捂脸R],0
67e3f6cb0000000012009467,67d1472b000000002803f7ad,,,,可是证券的KPI感觉确实很高，后续放弃了！周六约的面试，周日晚上捋一下个人介绍，周一去面试了，和两个经理谈了一个小时，发现KPI真的很高，而且入行需要金融从业资格证（确定后就可以安排4月考试），我非金融专业的，应聘的岗位也只是新媒体运营，结果还是要帮助转化，虽然他们说自己有资源但是就是缺人来维护，面试问题也没有问我自身的资源，只对我上一份的工作经验很感兴趣！但是感觉这个岗位啥都要干，而且底薪真的低[哭惹R][哭惹R],5,1,广东,3,1742993099000,2025-03-26T20:44:59,67d426e40000000008015331,我要上岸,可是证券的KPI感觉确实很高，后续放弃了！周六约的面试，周日晚上捋一下个人介绍，周一去面试了，和两个经理谈了一个小时，发现KPI真的很高，而且入行需要金融从业资格证（确定后就可以安排4月考试），我非金融专业的，应聘的岗位也只是新媒体运营，结果还是要帮助转化，虽然他们说自己有资源但是就是缺人来维护，面试问题也没有问我自身的资源，只对我上一份的工作经验很感兴趣！但是感觉这个岗位啥都要干，而且底薪真的低[哭惹R][哭惹R],0
67d9275f000000001801562b,67d1472b000000002803f7ad,,,,券商营业部今年开始已经不招应届毕业生了，除非你自带资源,3,0,四川,0,1742284640000,2025-03-18T15:57:20,5e9ea73500000000010028be,海盗狗,券商营业部今年开始已经不招应届毕业生了，除非你自带资源,0
681082b0000000001f004832,67d1472b000000002803f7ad,,,67d1c41a00000000150297c6,？人家面试充分为什么会被报应,10,0,四川,0,1745912496000,2025-04-29T15:41:36,65a787b9000000000800ab79,小红薯65A8B188,？人家面试充分为什么会被报应,0
6947f989000000001403d065,67d1472b000000002803f7ad,,,67e3f6cb0000000012009467,请问主要是什么指标啊？卖理财产品吗,0,0,中国香港,0,1766324617000,2025-12-21T21:43:37,64f3580d0000000006033a29,七七,请问主要是什么指标啊？卖理财产品吗,0
67ef6d69000000001e00db63,67d1472b000000002803f7ad,,,,真的很喜欢问炒股，我不小心答错了，被我们学校靶向就业的券商面试给out了,2,1,江西,0,1743744361000,2025-04-04T13:26:01,6338c21c000000001901c207,春风有信,真的很喜欢问炒股，我不小心答错了，被我们学校靶向就业的券商面试给out了,0
684c4482000000000d014ef6,67d1472b000000002803f7ad,,,,然后呢 让你过了吗,0,0,浙江,0,1749828739000,2025-06-13T23:32:19,5d982348000000000100bec2,finefine,然后呢 让你过了吗,0
691435ff000000003300ccc6,67d1472b000000002803f7ad,,,,是hr面吗,0,0,中国澳门,0,1762932223000,2025-11-12T15:23:43,5fdc21580000000001006d82,Gaga,是hr面吗,0
67f8a1fa000000001f009588,67d1472b000000002803f7ad,,,,哪家证券公司？西南证券？,0,0,重庆,0,1744347643000,2025-04-11T13:00:43,6005983e000000000101e36a,小兔崽汁,哪家证券公司？西南证券？,0
67e17cd2000000001e016e9b,67d1472b000000002803f7ad,,,,感觉乍样,0,0,北京,0,1742830802000,2025-03-24T23:40:02,62245b6b000000001000f268,晴天,感觉乍样,0
67d39f4a000000001703b3b4,67d1472b000000002803f7ad,,,,主要看你有没有资源，没资源再怎么干也干不动,1,0,四川,0,1741922123000,2025-03-14T11:15:23,5c9cc84c0000000016026dc6,纳尼,主要看你有没有资源，没资源再怎么干也干不动,0
67d386b5000000001502a3ef,67d1472b000000002803f7ad,,,,别来就玩了，我天天想辞职[失望R],0,0,陕西,0,1741915830000,2025-03-14T09:30:30,5c924b73000000001102ce1c,大耳麦吉,别来就玩了，我天天想辞职[失望R],0
67d37ab0000000001800482c,67d1472b000000002803f7ad,,,,不进券商逃过一劫,0,0,江苏,0,1741912753000,2025-03-14T08:39:13,65ef02d900000000050086cd,未签收,不进券商逃过一劫,0
67d30a56000000001801302a,67d1472b000000002803f7ad,,,,金融这行就是吃资源的,1,0,湖南,0,1741883991000,2025-03-14T00:39:51,62d7ed1100000000020001ff,冷眸,金融这行就是吃资源的,0
67d2f825000000001800cfb1,67d1472b000000002803f7ad,,,,请问一下是哪个券商呀？可以私信,1,0,广东,0,1741879333000,2025-03-13T23:22:13,5fc9c9170000000001005849,Andrew,请问一下是哪个券商呀？可以私信,0
69c3feed0000000015008e47,67d1472b000000002803f7ad,,,67ef6d69000000001e00db63,所以正确答案是啥[笑哭R],0,0,湖北,0,1774452462000,2026-03-25T23:27:42,5c5a35df000000001a03ea1c,默.,所以正确答案是啥[笑哭R],0
67d2d0c8000000000f03b584,67d1472b000000002803f7ad,,,,金融销售好难啊，我都没有勇气去,1,0,湖南,0,1741869256000,2025-03-13T20:34:16,6102a8ed0000000001009b55,文小火🔥,金融销售好难啊，我都没有勇气去,0
67d2b4f8000000001500321d,67d1472b000000002803f7ad,,,,营业部有啥面的……,1,0,北京,0,1741862136000,2025-03-13T18:35:36,608d76c60000000001003f5b,KarlKeynes,营业部有啥面的……,0
67d28e43000000001800d2ca,67d1472b000000002803f7ad,,,,真实的要命,0,0,河南,0,1741852228000,2025-03-13T15:50:28,5cfccf0b0000000025039daf,诚以待人,真实的要命,0
67d28c3e000000001801288b,67d1472b000000002803f7ad,,,,营业部是人就要，人家还愁招不到人呢,1,0,安徽,0,1741851710000,2025-03-13T15:41:50,6035287500000000010050f7,桔红色双闪,营业部是人就要，人家还愁招不到人呢,0
67d27f710000000015003400,67d1472b000000002803f7ad,,,,😄券商3步曲,0,0,陕西,0,1741848433000,2025-03-13T14:47:13,64cd21d4000000000b005ab9,长安大脸猫🐈,😄券商3步曲,0
67d1d9f5000000001800d016,67d1472b000000002803f7ad,,,,我也是[笑哭R] 真的五分钟 就面试完了,0,0,广东,0,1741806070000,2025-03-13T03:01:10,6256a0e10000000021025a3e,用户已注销,我也是[笑哭R] 真的五分钟 就面试完了,0
67d1ab4f0000000015003bbc,67d1472b000000002803f7ad,,,,没资源做不下去的,0,0,湖南,0,1741794127000,2025-03-12T23:42:07,62fbb4cb000000000f007506,J1n,没资源做不下去的,0
67d1a22100000000120145c7,67d1472b000000002803f7ad,,,,这种就是招聘客户,0,0,四川,0,1741791777000,2025-03-12T23:02:57,5a20e96b11be1054f73f37a5,喜宝,这种就是招聘客户,0
67d197ce000000001703015e,67d1472b000000002803f7ad,,,,这还需要准备半个月？,0,0,浙江,0,1741789134000,2025-03-12T22:18:54,60209d3b0000000001005f6f,momo,这还需要准备半个月？,0
67d18b9a0000000018007caf,67d1472b000000002803f7ad,,,,只问资源，能不能来买产品，就是那么简单,0,0,浙江,0,1741786011000,2025-03-12T21:26:51,5e88ae530000000001006b0a,懒得动,只问资源，能不能来买产品，就是那么简单,0
67d16de500000000180286fd,67d1472b000000002803f7ad,,,,券商面试面什么？只会问你有证嘛？多长时间能做完1000万资产或者4万创收[笑哭R][笑哭R],3,0,山东,0,1741778406000,2025-03-12T19:20:06,619dfe990000000010006e72,也许真的无趣,券商面试面什么？只会问你有证嘛？多长时间能做完1000万资产或者4万创收[笑哭R][笑哭R],0
67d15bf8000000001702a018,67d1472b000000002803f7ad,,,,大家怎么对券商如此执着[笑哭R],0,0,广东,3,1741773816000,2025-03-12T18:03:36,56b4b9a150c4b42c5d8feaf4,听风就是水,大家怎么对券商如此执着[笑哭R],0
67d14ee8000000000f033e4e,67d1472b000000002803f7ad,,,,金融就是资源 其他都没意义,0,0,上海,0,1741770473000,2025-03-12T17:07:53,6482e7af0000000012035d8d,小红薯64834A85,金融就是资源 其他都没意义,0
67d149f00000000015006d37,67d1472b000000002803f7ad,,,,哈哈哈在了解你背后的资源怎么样其他无所谓的,0,0,河南,0,1741769201000,2025-03-12T16:46:41,61350b73000000001f035a70,momo,哈哈哈在了解你背后的资源怎么样其他无所谓的,0
685fad85000000002002fcdf,67d1472b000000002803f7ad,,,,接一接[害羞R][害羞R]后面就要去面试证券公司的实习生了,0,0,浙江,-2,1751100806000,2025-06-28T16:53:26,67a1a9d4000000000e02c744,精准控温洗澡水,接一接[害羞R][害羞R]后面就要去面试证券公司的实习生了,0
67d28130000000001800d56d,67d1472b000000002803f7ad,,,,头部0.8,0,0,河南,-2,1741848881000,2025-03-13T14:54:41,62722bd9000000002102908b,卢嘿嘿,头部0.8,0
681b7193000000000b01759b,67df4d540000000009038a63,,,,问问bg,1,6,北京,0,1746629011000,2025-05-07T22:43:31,60ef0439000000000101d485,人形干电池（粉领版）,问问bg,0
68d41620000000000b02d17b,67df4d540000000009038a63,,,,姐 请问9本大三，可以暑期去渠道实习吗[笑哭R]会不会不要本科[哭惹R],0,2,山东,0,1758729760000,2025-09-25T00:02:40,66a8ff37000000000d02642c,momo,姐 请问9本大三，可以暑期去渠道实习吗[笑哭R]会不会不要本科[哭惹R],0
684a5b920000000020010baf,67df4d540000000009038a63,,,,收入一年有40+么 头部应届生进去的话,2,3,上海,0,1749703571000,2025-06-12T12:46:11,5f643070000000000101dc71,过客,收入一年有40+么 头部应届生进去的话,0
67df83e2000000001e03942b,67df4d540000000009038a63,,,,中肯[微笑R],2,1,广东,0,1742701539000,2025-03-23T11:45:39,6516bcae000000002302498c,无敌小天才,中肯[微笑R],0
67e02066000000001202346f,67df4d540000000009038a63,,,,很到位🎉,0,1,山东,0,1742741606000,2025-03-23T22:53:26,5da7b81100000000010034fe,明天能打上球🏸吗？,很到位🎉,0
6a042021000000002702e948,67df4d540000000009038a63,,,,姐姐 我明天去top5的基金公司线下面试 临时通知的 也是这个岗位 不知道有没有必要去啊[哭惹R]目前还在做3c的行研,0,0,北京,0,1778655266000,2026-05-13T14:54:26,63527dfd0000000018023bc1,元颗粒,姐姐 我明天去top5的基金公司线下面试 临时通知的 也是这个岗位 不知道有没有必要去啊[哭惹R]目前还在做3c的行研,0
67df6e2d000000001e015aa6,67df4d540000000009038a63,,,,[偷笑R]👍,2,0,广东,0,1742695981000,2025-03-23T10:13:01,5e2e8f150000000001000ec7,here,[偷笑R]👍,0
69b2f9590000000015003b69,67df4d540000000009038a63,,,,很对[哭惹R],0,0,北京,0,1773336922000,2026-03-13T01:35:22,55046a422e1d9365a57e80ae,该叫什么名字好呢,很对[哭惹R],0
681b76ca000000000400f70e,67df4d540000000009038a63,,,681b7193000000000b01759b,普通,0,0,上海,0,1746630347000,2025-05-07T23:05:47,5b8a908727e3da0001642da9,年糕咬一咬,普通,0
68d418af000000003002e105,67df4d540000000009038a63,,,68d41620000000000b02d17b,我当时实习有本科生的～,0,0,上海,0,1758730416000,2025-09-25T00:13:36,5b8a908727e3da0001642da9,年糕咬一咬,我当时实习有本科生的～,0
684a5c1800000000200235ef,67df4d540000000009038a63,,,684a5b920000000020010baf,应届第一年没有,0,0,上海,0,1749703704000,2025-06-12T12:48:24,5b8a908727e3da0001642da9,年糕咬一咬,应届第一年没有,0
67df8491000000001e0230c1,67df4d540000000009038a63,,,67df83e2000000001e03942b,嘿嘿谢谢！,1,0,上海,0,1742701713000,2025-03-23T11:48:33,5b8a908727e3da0001642da9,年糕咬一咬,嘿嘿谢谢！,0
67e0208e000000001e01396c,67df4d540000000009038a63,,,67e02066000000001202346f,[赞R][赞R][赞R]谢谢！,0,0,上海,0,1742741646000,2025-03-23T22:54:06,5b8a908727e3da0001642da9,年糕咬一咬,[赞R][赞R][赞R]谢谢！,0
69b0fab1000000000d0378e4,69b02ed100000000150392dc,,,,主包 纯金融实习咋投互联网[黄金薯R],0,1,上海,0,1773206194000,2026-03-11T13:16:34,5e1fe9450000000001009ba0,kk,主包 纯金融实习咋投互联网[黄金薯R],0
69b0b9c3000000000f01ba71,69b02ed100000000150392dc,,,,主包，携程投的什么岗哇[微笑R][微笑R],0,1,北京,0,1773189571000,2026-03-11T08:39:31,5e43eedd0000000001002025,蟑螂恶霸,主包，携程投的什么岗哇[微笑R][微笑R],0
69bb5adf0000000016014b63,69b02ed100000000150392dc,,,,[doge]因为都是实习转正，所以发的效率高；不然的话就是笔试 线下一面 线下二面,6,0,江苏,0,1773886175000,2026-03-19T10:09:35,650f1e0500000000170217b5,ForestAFire,[doge]因为都是实习转正，所以发的效率高；不然的话就是笔试 线下一面 线下二面,0
69b23b5d000000000f02d316,69b02ed100000000150392dc,,,,想问问主包的转正实习需要做几个月呀～？[皱眉R][玫瑰R],0,0,北京,0,1773288286000,2026-03-12T12:04:46,5f213b460000000001004f42,不要洋葱和青椒（offer显化版）,想问问主包的转正实习需要做几个月呀～？[皱眉R][玫瑰R],0
69b50b160000000015014185,69b02ed100000000150392dc,,,,想问问姐妹你这个中诚信国际的面是啥时候投递的呀？春招已经发面了嘛,0,1,浙江,0,1773472534000,2026-03-14T15:15:34,621360cd000000001000bb59,丑鱼鱼豆腐,想问问姐妹你这个中诚信国际的面是啥时候投递的呀？春招已经发面了嘛,0
69b7f9650000000009034d6b,69b02ed100000000150392dc,,,,互联网公募双开太牛逼了,1,0,中国香港,0,1773664614000,2026-03-16T20:36:54,66c0affd000000001d032901,罗长鲤,互联网公募双开太牛逼了,0
69b263250000000009005656,69b02ed100000000150392dc,,,,老师公募是什么岗,0,0,北京,0,1773298470000,2026-03-12T14:54:30,65be357a000000000d03fe3c,小红薯65BE9948,老师公募是什么岗,0
69b6c2bf000000000d0340fd,69b02ed100000000150392dc,,,,top.20就算了吧除了top.3都没啥好发的,2,0,上海,0,1773585087000,2026-03-15T22:31:27,68047dd4000000000e02ce0d,momo,top.20就算了吧除了top.3都没啥好发的,0
69b91bad0000000031002e69,69b02ed100000000150392dc,,,,姐姐能问问怎么进的公募吗[哭惹R],0,0,湖北,0,1773738926000,2026-03-17T17:15:26,66d67211000000001d033df0,云那个云,姐姐能问问怎么进的公募吗[哭惹R],0
69b78d2d00000000180231b3,69b02ed100000000150392dc,,,,请问转正实习offer是什么样的呀 跟普通实习offer有什么区别吗,0,0,湖南,0,1773636909000,2026-03-16T12:55:09,607bf74a000000000100142e,Inuysuerrr,请问转正实习offer是什么样的呀 跟普通实习offer有什么区别吗,0
69b0fd1900000000140098dc,69b02ed100000000150392dc,,,69b0fab1000000000d0378e4,我不全是金融实习 有一段运营实习 另外还需要自己挖掘一下校园经历 往投递的互联网岗位jd人才画像上凑一凑 简历过筛的可能性会大一些[捂脸R],0,0,北京,3,1773206809000,2026-03-11T13:26:49,5b7924d12cc31d0001f5f3e1,小鱼小鱼快快游（春招版,我不全是金融实习 有一段运营实习 另外还需要自己挖掘一下校园经历 往投递的互联网岗位jd人才画像上凑一凑 简历过筛的可能性会大一些[捂脸R],0
69b0f85e000000001400bb76,69b02ed100000000150392dc,,,69b0b9c3000000000f01ba71,产品 （其实我对投的这个岗位都有点没印象了[捂脸R],0,0,北京,3,1773205599000,2026-03-11T13:06:39,5b7924d12cc31d0001f5f3e1,小鱼小鱼快快游（春招版,产品 （其实我对投的这个岗位都有点没印象了[捂脸R],0
69b795d2000000000d03e8ed,69b02ed100000000150392dc,,,69b50b160000000015014185,大概是三月初投递的 上周去参加了一面[飞吻R],0,0,北京,3,1773639123000,2026-03-16T13:32:03,5b7924d12cc31d0001f5f3e1,小鱼小鱼快快游（春招版,大概是三月初投递的 上周去参加了一面[飞吻R],0
6896220f000000002b014a3f,68961e0500000000230346c5,,,,姐姐！我想问问线上的行研实习怎么找呀 是去boss上直接投嘛 还有就是公司招人会比较看重什么呀 感觉大二我其实没有能学到什么知识[哭惹R],1,4,上海,0,1754669584000,2025-08-09T00:13:04,600582a9000000000100b64a,Cynthiaaaa,姐姐！我想问问线上的行研实习怎么找呀 是去boss上直接投嘛 还有就是公司招人会比较看重什么呀 感觉大二我其实没有能学到什么知识[哭惹R],0
689759b1000000002b01d427,68961e0500000000230346c5,,,,"写的好全面呀！我刚开始做行研的时候要是有这个笔记就好了[赞R][赞R]不过内容还是有几点可以再探讨一下，供你参考
1、好报告不只是解决市场问题的报告。什么叫做“解决市场问题”呢？这个说的比较泛。我认为好的报告是从一个新视角提供深度认知的报告，例如大家同样是写AI的产业报告，其他人是全产业链覆盖，而你能通过某一个新颖切入点提出你的看法并给出结论
2、公司基本面这块缺了产业链上下游关系，这个也非常重要，例如产业链上游和下游的议价权以及市场规模测算。这块我建议直接套用波特五力模型
3、信息来源不能局限于公司公告和财报，这些都是公司主观披露的。建议再看看业绩会、竞对公司和博主文章的观点，这种比较客观",41,0,江西,0,1754749361000,2025-08-09T22:22:41,65ba10a7000000000e026013,商科打工人（绝地求生版）,写的好全面呀！我刚开始做行研的时候要是有这个笔记就好了[赞R][赞R]不过内容还是有几点可以再探讨一下，供你参考 1、好报告不只是解决市场问题的报告。什么叫做“解决市场问题”呢？这个说的比较泛。我认为好的报告是从一个新视角提供深度认知的报告，例如大家同样是写AI的产业报告，其他人是全产业链覆盖，而你能通过某一个新颖切入点提出你的看法并给出结论 2、公司基本面这块缺了产业链上下游关系，这个也非常重要，例如产业链上游和下游的议价权以及市场规模测算。这块我建议直接套用波特五力模型 3、信息来源不能局限于公司公告和财报，这些都是公司主观披露的。建议再看看业绩会、竞对公司和博主文章的观点，这种比较客观,0
6896e7a3000000002b01630b,68961e0500000000230346c5,,,,姐，你这种笔记分享对于小白来说真的很管用,1,1,江苏,0,1754720164000,2025-08-09T14:16:04,6717b4f9000000000b033d24,小红薯67185A7D,姐，你这种笔记分享对于小白来说真的很管用,0
690692c9000000003800c697,68961e0500000000230346c5,,,,姐姐可以给个本子链接吗？谢谢,0,1,黑龙江,0,1762038473000,2025-11-02T07:07:53,687b17ab000000001b022c15,哦哦,姐姐可以给个本子链接吗？谢谢,0
68972dee000000002b020f4c,68961e0500000000230346c5,,,,姐姐求线上行研是哪里呀[喝奶茶R],1,0,河北,0,1754738158000,2025-08-09T19:15:58,5ba59d3ce97eb40001278d2e,谭某吃葡萄皮,姐姐求线上行研是哪里呀[喝奶茶R],0
68a431bb00000000300132cc,68961e0500000000230346c5,,,,想知道工作时间会很久吗 没做过行研 害怕从早到晚work,0,0,安徽,0,1755591099000,2025-08-19T16:11:39,611017c40000000001016ba0,簌簌酱捏,想知道工作时间会很久吗 没做过行研 害怕从早到晚work,0
689622e7000000002b01808f,68961e0500000000230346c5,,,6896220f000000002b014a3f,明天出投递方式的 写不下了这里～,3,0,天津,0,1754669800000,2025-08-09T00:16:40,609ea0cb000000000100365c,小楚的星球,明天出投递方式的 写不下了这里～,0
6896ebe8000000002b021f83,68961e0500000000230346c5,,,6896e7a3000000002b01630b,yeah！那我暑假多更点！,0,0,天津,0,1754721256000,2025-08-09T14:34:16,609ea0cb000000000100365c,小楚的星球,yeah！那我暑假多更点！,0
6906aedf0000000039001e1e,68961e0500000000230346c5,,,690692c9000000003800c697,凯萨！,1,0,天津,0,1762045664000,2025-11-02T09:07:44,609ea0cb000000000100365c,小楚的星球,凯萨！,0
680333fb000000001f004bd3,6761005f000000000b022f1b,,,,会计专业有希望吗[哭惹R],0,1,安徽,0,1745040379000,2025-04-19T13:26:19,5cfe2eb1000000001203a2ad,🍀,会计专业有希望吗[哭惹R],0
676387b1000000000f033997,6761005f000000000b022f1b,,,,菁姐！好厉害！我都不知道怎么回答这些知识[哭惹R],0,1,四川,0,1734576049000,2024-12-19T10:40:49,63ea43c20000000026005f10,Roach（接offer！）,菁姐！好厉害！我都不知道怎么回答这些知识[哭惹R],0
6763d2e0000000000c029824,6761005f000000000b022f1b,,,,"尽调报告基本结构（不全面）： 1、发行人基本情况
2、发行人业务与技术调查
3、同业竞争与关联交易调查
4、董监高和核心技术人员调查
5、公司组织结构调查
6、财务
7、业务发展目标
8、发行人募集资金运用调查
9、发行人历次募集资金调查
10、风险及其他重要事项
11、结论性意见
	
",8,0,四川,0,1734595296000,2024-12-19T16:01:36,5e4a5677000000000100a000,卷卷企鹅🐧,尽调报告基本结构（不全面）： 1、发行人基本情况 2、发行人业务与技术调查 3、同业竞争与关联交易调查 4、董监高和核心技术人员调查 5、公司组织结构调查 6、财务 7、业务发展目标 8、发行人募集资金运用调查 9、发行人历次募集资金调查 10、风险及其他重要事项 11、结论性意见,0
6773bd9e000000000e00d95c,6761005f000000000b022f1b,,,,加油妹妹,1,0,四川,0,1735638430000,2024-12-31T17:47:10,5831744e5e87e733fcce87e1,Echo,加油妹妹,0
678209cf000000001a00df64,6761005f000000000b022f1b,,,,量化还是主观,0,0,上海,0,1736575440000,2025-01-11T14:04:00,5b7435fb5588320001671fc3,monart,量化还是主观,0
6761040c000000000d03bafe,6761005f000000000b022f1b,,,,收藏了刘,0,0,北京,0,1734411277000,2024-12-17T12:54:37,61b9d4b5000000001000e9b9,左左,收藏了刘,0
68fcc6af000000003800fbea,6761005f000000000b022f1b,,,680333fb000000001f004bd3,姐我约了个私募基金公司会计助理面试[哭惹R]不晓得会问啥,0,0,河北,0,1761396399000,2025-10-25T20:46:39,62bd2ba60000000015015cc0,lucky,姐我约了个私募基金公司会计助理面试[哭惹R]不晓得会问啥,0
6763d1ff000000000d01a8a7,6761005f000000000b022f1b,,,676387b1000000000f033997,我也是面试前一天搜的[暗中观察R],3,0,四川,0,1734595072000,2024-12-19T15:57:52,5e4a5677000000000100a000,卷卷企鹅🐧,我也是面试前一天搜的[暗中观察R],0
67bd950b000000001803e1e1,67bd937d000000000900c8c8,,,,有问题欢迎随时提问呀,0,0,北京,4,1740477708000,2025-02-25T18:01:48,66e53b55000000000d027cd7,爱研究的吉伊,有问题欢迎随时提问呀,0
67c1257e0000000016011ab6,67bd937d000000000900c8c8,,,,想问下暑期会影响秋招吗？,0,3,江苏,0,1740711295000,2025-02-28T10:54:55,60d03433000000000101cf70,momo,想问下暑期会影响秋招吗？,0
67bdcadd0000000016015836,67bd937d000000000900c8c8,,,,投研简历大概卡到什么程度呀,3,4,北京,0,1740491486000,2025-02-25T21:51:26,5da88c7f0000000001003733,李子香草雪花酥,投研简历大概卡到什么程度呀,0
6965be23000000001803b319,67bd937d000000000900c8c8,,,,一般答辩完多久会通知答辩结果呢？,0,2,安徽,0,1768275491000,2026-01-13T11:38:11,633db421000000001802268b,momo,一般答辩完多久会通知答辩结果呢？,0
67bd9a03000000001601c10d,67bd937d000000000900c8c8,,,,最终留用三人包含秋招吗还是纯暑期[doge][doge],6,2,上海,0,1740478980000,2025-02-25T18:23:00,63c403270000000026004d8b,星星今天亮了吗,最终留用三人包含秋招吗还是纯暑期[doge][doge],0
69acf503000000000d03fe3d,67bd937d000000000900c8c8,,,,请问暑期面试是线上还是线下呀,0,2,北京,0,1772942596000,2026-03-08T12:03:16,5f76b003000000000101f65b,翻斗花园牛爷爷,请问暑期面试是线上还是线下呀,0
69fc3c74000000002a02f4fc,67bd937d000000000900c8c8,,,,算法岗怎么样啊,0,2,四川,0,1778138229000,2026-05-07T15:17:09,669f1084000000000b032988,雁斜日,算法岗怎么样啊,0
681e0309000000000a0360e5,67bd937d000000000900c8c8,,,,请问暑期日常工作压力大吗,0,1,北京,0,1746797322000,2025-05-09T21:28:42,63ce9a51000000002702b855,理性人不理性,请问暑期日常工作压力大吗,0
67bdd70a0000000016035c3f,67bd937d000000000900c8c8,,,,请问之前大四时候投过一次直接挂简历后，会影响今年的投递吗？[笑哭R],0,1,北京,0,1740494603000,2025-02-25T22:43:23,5e2106d50000000001003cd0,梦月洗礼,请问之前大四时候投过一次直接挂简历后，会影响今年的投递吗？[笑哭R],0
69dfa104000000001400be49,67bd937d000000000900c8c8,,,,为什么投的是行研的 但是先收到了笔试啊没有面试[哭惹R],0,0,澳大利亚,0,1776263428000,2026-04-15T22:30:28,629457880000000015014e2f,胖虎小孩,为什么投的是行研的 但是先收到了笔试啊没有面试[哭惹R],0
67c148b90000000019013d07,67bd937d000000000900c8c8,,,67c1257e0000000016011ab6,理论上无影响，实际上暑期没过秋招基本不太可能过[笑哭R],2,0,北京,0,1740720314000,2025-02-28T13:25:14,66e53b55000000000d027cd7,爱研究的吉伊,理论上无影响，实际上暑期没过秋招基本不太可能过[笑哭R],0
67bdcba50000000018034e30,67bd937d000000000900c8c8,,,67bdcadd0000000016015836,Top4本硕 big name实习 且有高质量产出 如果是秋招偏好别家offeree,13,0,北京,0,1740491686000,2025-02-25T21:54:46,66e53b55000000000d027cd7,爱研究的吉伊,Top4本硕 big name实习 且有高质量产出 如果是秋招偏好别家offeree,0
6965d864000000001d0080f7,67bd937d000000000900c8c8,,,6965be23000000001803b319,一般当天都会有结论了 但是出结果还需要等等,0,0,上海,0,1768282212000,2026-01-13T13:30:12,66e53b55000000000d027cd7,爱研究的吉伊,一般当天都会有结论了 但是出结果还需要等等,0
67bda0ee0000000019004c4c,67bd937d000000000900c8c8,,,67bd9a03000000001601c10d,包括所有,0,0,广东,0,1740480751000,2025-02-25T18:52:31,5c2716e600000000070027e7,经济学爱好者momo,包括所有,0
69acf520000000001d0091ea,67bd937d000000000900c8c8,,,69acf503000000000d03fe3d,都是线下,0,0,上海,0,1772942624000,2026-03-08T12:03:44,66e53b55000000000d027cd7,爱研究的吉伊,都是线下,0
69fc5a14000000002b000fdc,67bd937d000000000900c8c8,,,69fc3c74000000002a02f4fc,公募中后台吃大锅饭，算是性价比不错的去处,0,0,河南,0,1778145813000,2026-05-07T17:23:33,66e53b55000000000d027cd7,爱研究的吉伊,公募中后台吃大锅饭，算是性价比不错的去处,0
681e128500000000030376e3,67bd937d000000000900c8c8,,,681e0309000000000a0360e5,暑期实习不会给你派什么工作的 就是自己写报告,6,0,北京,0,1746801285000,2025-05-09T22:34:45,66e53b55000000000d027cd7,爱研究的吉伊,暑期实习不会给你派什么工作的 就是自己写报告,0
67bdd8fc0000000019010c3b,67bd937d000000000900c8c8,,,67bdd70a0000000016035c3f,肯定没影响啊[笑哭R],1,0,北京,0,1740495101000,2025-02-25T22:51:41,66e53b55000000000d027cd7,爱研究的吉伊,肯定没影响啊[笑哭R],0
67fe223c000000001202115f,67bd937d000000000900c8c8,,,,求债券交易面经或流程[哭惹R],0,0,北京,0,1744708157000,2025-04-15T17:09:17,624ab112000000001000dcc5,无语死啦,求债券交易面经或流程[哭惹R],0
689c63400000000026035cbf,67bd937d000000000900c8c8,,,,答辩通过后一般还有几轮呀，是什么面,0,0,广东,0,1755079488000,2025-08-13T18:04:48,5ad4bb054eacab7079a65b55,大帅逼,答辩通过后一般还有几轮呀，是什么面,0
67e4b8830000000020016544,67bd937d000000000900c8c8,,,,研究部支持总是什么[笑哭R],0,0,安徽,0,1743042691000,2025-03-27T10:31:31,6523fd08000000002a018a18,蒋森,研究部支持总是什么[笑哭R],0
67e52f22000000001e03f378,67bd937d000000000900c8c8,,,,易方达是不是不能看应聘流程啊，我3.20号投递的到现在鳄鱼没动静[哭惹R],0,0,上海,0,1743073059000,2025-03-27T18:57:39,6576bf9e0000000020031dec,爱吃香菜,易方达是不是不能看应聘流程啊，我3.20号投递的到现在鳄鱼没动静[哭惹R],0
67f640b900000000200163b7,67bd937d000000000900c8c8,,,,易方达权益研究跟其他岗笔试时间一样吗,1,0,上海,0,1744191673000,2025-04-09T17:41:13,62257ad30000000010006f20,天,易方达权益研究跟其他岗笔试时间一样吗,0
69aed8e80000000015014916,69aeb3ab000000001b01dc57,,,,nb。,0,2,英国,0,1773066473000,2026-03-09T22:27:53,6069c42f00000000010059f2,Angelinnabell多喝水,nb。,0
69aeb3bd000000000d03eb8b,69aeb3ab000000001b01dc57,,,,上一篇热度太低了遂再发一遍。,0,2,广东,0,1773056958000,2026-03-09T19:49:18,58f573a15e87e741da1d7103,乱乱的快乐小狗,上一篇热度太低了遂再发一遍。,0
6a09df0e000000002803c2c3,69aeb3ab000000001b01dc57,,,,你还找实习吗哈哈 突然看到你也是CICF志愿者,1,0,中国香港,0,1779031822000,2026-05-17T23:30:22,5dd7fb690000000001000b9f,SPF99,你还找实习吗哈哈 突然看到你也是CICF志愿者,0
69bc0a7900000000030133ef,69aeb3ab000000001b01dc57,,,,华泰不是最低研0吗,0,1,四川,0,1773931130000,2026-03-19T22:38:50,69a3c380000000002100baf8,选择困难,华泰不是最低研0吗,0
6a0bb13b000000002803ef81,69aeb3ab000000001b01dc57,,,,好厉害,0,0,天津,0,1779151163000,2026-05-19T08:39:23,66a27c18000000001d03305f,Dahommie,好厉害,0
69b4e3c40000000015003f59,69aeb3ab000000001b01dc57,,,,哪里有行研？,1,0,美国,0,1773462469000,2026-03-14T12:27:49,607ef345000000000100b58f,好运降临掌心,哪里有行研？,0
69b1e57a0000000002037473,69aeb3ab000000001b01dc57,,,,NB[呃R],0,0,澳大利亚,0,1773266299000,2026-03-12T05:58:19,5f16a238000000000101f784,大喵（春招版）,NB[呃R],0
69aedd8c000000001d00f57c,69aeb3ab000000001b01dc57,,,,怎么又发一遍。,1,0,广东,0,1773067660000,2026-03-09T22:47:40,5eeb56c7000000000101e9c2,Mecy,怎么又发一遍。,0
69af122e000000001500a117,69aeb3ab000000001b01dc57,,,,[飞吻R],0,2,瑞典,-2,1773081134000,2026-03-10T02:32:14,64be3051000000001403b16b,昨日游鱼,[飞吻R],0
69aedad10000000015001849,69aeb3ab000000001b01dc57,,,69aed8e80000000015014916,想怎样。,1,0,广东,0,1773066962000,2026-03-09T22:36:02,58f573a15e87e741da1d7103,乱乱的快乐小狗,想怎样。,0
69aedd900000000015017c4d,69aeb3ab000000001b01dc57,,,69aeb3bd000000000d03eb8b,哦是这样,1,0,广东,0,1773067665000,2026-03-09T22:47:45,5eeb56c7000000000101e9c2,Mecy,哦是这样,0
69bc20ce0000000016015ec4,69aeb3ab000000001b01dc57,,,69bc0a7900000000030133ef,vip,0,0,广东,0,1773936847000,2026-03-20T00:14:07,58f573a15e87e741da1d7103,乱乱的快乐小狗,vip,0
69afa08c0000000014009e2d,69aeb3ab000000001b01dc57,,,69af122e000000001500a117,呜呜,0,0,广东,0,1773117580000,2026-03-10T12:39:40,58f573a15e87e741da1d7103,乱乱的快乐小狗,呜呜,0
6863b0080000000020022eb5,686398560000000012021b0d,,,,我只是在自嘲罢了宝宝们...不是vip也不是在炫耀[微笑R],176,14,四川,4,1751363593000,2025-07-01T17:53:13,5e3a68b7000000000100aca2,LuRVe,我只是在自嘲罢了宝宝们...不是vip也不是在炫耀[微笑R],0
6864ad910000000006005e1a,686398560000000012021b0d,,,,那就让真正学金融的人来啊,682,15,四川,3,1751428498000,2025-07-02T11:54:58,65f9400b000000000b00f658,鼎鼎,那就让真正学金融的人来啊,0
6863a773000000001100f347,686398560000000012021b0d,,,,别搞这么尴尬的行不行 [石化R][石化R],448,18,湖南,0,1751361395000,2025-07-01T17:16:35,61da694e0000000021021733,Knox_艇仔粥没有翅🥟,别搞这么尴尬的行不行 [石化R][石化R],0
6a0b3595000000002803deed,686398560000000012021b0d,,,,辅修金融的要去证券公司实习感觉什么都不懂…有什么可以学的提前打打底子进去,0,0,广东,0,1779119510000,2026-05-18T23:51:50,69d46c050000000033015a40,小熊爱喝葡萄汽水🍇,辅修金融的要去证券公司实习感觉什么都不懂…有什么可以学的提前打打底子进去,0
6863a744000000000400ff51,686398560000000012021b0d,,,,刚结束实习、但我说实话呆了两个月已经对金融业祛魅,43,11,上海,0,1751361348000,2025-07-01T17:15:48,5cbaf87c0000000010030d2f,换个id重新做人,刚结束实习、但我说实话呆了两个月已经对金融业祛魅,0
6863da7b000000001102ec67,686398560000000012021b0d,,,,额额额现在已经绝望到根本共情不了资本家小孩的优越感幽默了,434,4,广东,0,1751374460000,2025-07-01T20:54:20,5dc95f530000000001000d55,oo,额额额现在已经绝望到根本共情不了资本家小孩的优越感幽默了,0
6863b024000000000401475f,686398560000000012021b0d,,,,plq把整个行业的氛围体现的淋漓尽致[doge],166,2,湖北,0,1751363621000,2025-07-01T17:53:41,670a28e8000000001d0310ca,Delulu,plq把整个行业的氛围体现的淋漓尽致[doge],0
68673fb40000000004018e5a,686398560000000012021b0d,,,,正在经历…我马上也要去证券公司实习了，我是想问美术生也能进吗，评论区好歹还有跟金融相关的，我一个艺术生是真的完全不懂啊😱[哭惹R]进去能干嘛啊😱😱😱😱,21,11,安徽,0,1751596980000,2025-07-04T10:43:00,60c1fe1d000000000100353b,天天向上,正在经历…我马上也要去证券公司实习了，我是想问美术生也能进吗，评论区好歹还有跟金融相关的，我一个艺术生是真的完全不懂啊😱[哭惹R]进去能干嘛啊😱😱😱😱,0
69a08405000000000d01234f,686398560000000012021b0d,,,,真正的金融民工正在一脸失禁得看着你！,19,2,江苏,0,1772127238000,2026-02-27T01:33:58,5f34903a000000000101e52e,奶油粥,真正的金融民工正在一脸失禁得看着你！,0
693bb694000000003802abc5,686398560000000012021b0d,,,,"我有点看不懂评论区[呃R]，也可能看不懂up要表达什么，但是除了那句""被爸爸硬塞进证券""，其他都和我现在的状态一模一样。然后有人说证券行业难进，我没有背景也不是金融专业，个人觉得这儿不是什么值得很多人竞争的好地方，在里面的人似乎也没有优越感，在外面的人好像也没对里面有什么滤镜[呃R][呃R]",20,1,湖北,0,1765521044000,2025-12-12T14:30:44,6135e0e40000000002019e5f,Hwadee,"我有点看不懂评论区[呃R]，也可能看不懂up要表达什么，但是除了那句""被爸爸硬塞进证券""，其他都和我现在的状态一模一样。然后有人说证券行业难进，我没有背景也不是金融专业，个人觉得这儿不是什么值得很多人竞争的好地方，在里面的人似乎也没有优越感，在外面的人好像也没对里面有什么滤镜[呃R][呃R]",0
6863b827000000002002c74f,686398560000000012021b0d,,,6863b0080000000020022eb5,有人可以给我推荐一下成都的奶茶吗啊啊 想不出来喝什么了[吧唧R],32,0,四川,0,1751365672000,2025-07-01T18:27:52,5e3a68b7000000000100aca2,LuRVe,有人可以给我推荐一下成都的奶茶吗啊啊 想不出来喝什么了[吧唧R],0
6866472c000000000400e039,686398560000000012021b0d,,,6864ad910000000006005e1a,难以理解，这种人还要发出来[微笑R],310,0,福建,0,1751533356000,2025-07-03T17:02:36,5f097fb7000000000101c11a,(「」,难以理解，这种人还要发出来[微笑R],0
6863a7d200000000060078a1,686398560000000012021b0d,,,6863a773000000001100f347,[大笑R]哇～～好厉害的VIP！！,319,0,湖南,0,1751361491000,2025-07-01T17:18:11,61da694e0000000021021733,Knox_艇仔粥没有翅🥟,[大笑R]哇～～好厉害的VIP！！,0
6863a9ca000000002000ea08,686398560000000012021b0d,,,6863a744000000000400ff51,可以说说为什么嘛宝宝,4,0,湖北,0,1751361995000,2025-07-01T17:26:35,60b355950000000001008f1d,一根传奇笋条,可以说说为什么嘛宝宝,0
688187f1000000000f03f391,686398560000000012021b0d,,,6863da7b000000001102ec67,浪费了资源还伤感起来了,133,0,四川,0,1753319409000,2025-07-24T09:10:09,65a8cb6700000000080048f3,海枫,浪费了资源还伤感起来了,0
6863e6dc000000000401537f,686398560000000012021b0d,,,6863b024000000000401475f,这个评论区让人感觉之前xhs上对这个行业的刻板印象是真的,51,0,安徽,0,1751377628000,2025-07-01T21:47:08,6481a9ed000000002a034195,米,这个评论区让人感觉之前xhs上对这个行业的刻板印象是真的,0
6867e882000000001102fc4b,686398560000000012021b0d,,,68673fb40000000004018e5a,没事 专业是什么不重要 去混段时间就知道了,8,0,四川,0,1751640195000,2025-07-04T22:43:15,5d5a49970000000001019b6b,住在翻斗大街翻斗花园,没事 专业是什么不重要 去混段时间就知道了,0
69a14a7a000000001d00ea92,686398560000000012021b0d,,,69a13ef40000000018021c1d,我去！不早说！,0,0,江苏,0,1772178042000,2026-02-27T15:40:42,5f34903a000000000101e52e,奶油粥,我去！不早说！,0
694e145a000000000f02a7c9,686398560000000012021b0d,,,693bb694000000003802abc5,那是因为真正金融专业的进不去 非专业的 被塞进去的在自嘲 前者更可怜吧 读大半辈子书出来 自己的专业有对口工作 再努力可能都不一定跨进去 跨进去的全是不是这个专业的 结果看着他们自嘲,14,0,日本,-2,1766724699000,2025-12-26T12:51:39,59da080fde5fb468c0a4f5b6,程桉,那是因为真正金融专业的进不去 非专业的 被塞进去的在自嘲 前者更可怜吧 读大半辈子书出来 自己的专业有对口工作 再努力可能都不一定跨进去 跨进去的全是不是这个专业的 结果看着他们自嘲,0
6864abfc0000000004019ad9,686398560000000012021b0d,,,,正在经历… 家里人丢在进证券公司 一头雾水,3,4,广西,0,1751428093000,2025-07-02T11:48:13,5aae1c324eacab0fc45f985d,还没睡醒呢,正在经历… 家里人丢在进证券公司 一头雾水,0
68647d4a000000000401802c,686398560000000012021b0d,,,,狠狠共情了某大证券公司营业部vip小孩，第二天了，第一天什么股票都看不懂为了融入公司我说我要开户，后面一个小姐姐抓着我跟我讲买什么买什么股票，实则自己什么都不懂偷偷在查百度查xhs，晨会是要听的，听是听不懂的[哭惹R]快把我整抑郁了,37,8,广东,0,1751416138000,2025-07-02T08:28:58,64b64346000000001001c390,子非鱼,狠狠共情了某大证券公司营业部vip小孩，第二天了，第一天什么股票都看不懂为了融入公司我说我要开户，后面一个小姐姐抓着我跟我讲买什么买什么股票，实则自己什么都不懂偷偷在查百度查xhs，晨会是要听的，听是听不懂的[哭惹R]快把我整抑郁了,0
6876f1550000000004017001,686398560000000012021b0d,,,,最搞笑的是这个笔记做出来是为了自嘲，结果评论区一群人发出共鸣和附和[笑哭R],36,2,广西,0,1752625494000,2025-07-16T08:24:54,62327fc6000000001000fb74,爱打蓝莓,最搞笑的是这个笔记做出来是为了自嘲，结果评论区一群人发出共鸣和附和[笑哭R],0
6863b21000000000200260a3,686398560000000012021b0d,,,,笑死了，我去cicc实习，坐那打了整个实习期的游戏，没人鸟我,4,4,广东,0,1751364113000,2025-07-01T18:01:53,6551670700000000040391be,A1aS,笑死了，我去cicc实习，坐那打了整个实习期的游戏，没人鸟我,0
6864105f00000000130341f1,686398560000000012021b0d,,,,家里没关系学这个是不是完了比如我[黄金薯R],8,2,湖南,0,1751388255000,2025-07-02T00:44:15,62a17f48000000001b025a59,绵绵,家里没关系学这个是不是完了比如我[黄金薯R],0
6864f4b90000000020032587,686398560000000012021b0d,,,,我8月也要去券商实习[哭惹R]学的金融但大一[失望R]啥也不懂,5,8,广东,0,1751446714000,2025-07-02T16:58:34,60d8016c000000000100ab58,柠檬统治柠檬树,我8月也要去券商实习[哭惹R]学的金融但大一[失望R]啥也不懂,0
6868f4f50000000020011082,686398560000000012021b0d,,,,我大学学的外语，也已经在券商上班了[生气R],0,3,广东,0,1751708917000,2025-07-05T17:48:37,5faa3624000000000101fbbb,momo,我大学学的外语，也已经在券商上班了[生气R],0
686399d7000000001101b165,686398560000000012021b0d,,,,双子塔上有券商嘛[呃R],6,9,四川,0,1751357911000,2025-07-01T16:18:31,67a4d1b2000000000d008ad6,靓仔没有心,双子塔上有券商嘛[呃R],0
6879d5a2000000000602e743,686398560000000012021b0d,,,,同，干了一年金融转券商，从早到晚待了2天，人还是蒙的……[哭惹R]每天在晨会上巨困 刚开始只能听他们打电话在这块自学，无人问津,3,2,浙江,0,1752815011000,2025-07-18T13:03:31,5c261cc100000000070236ed,桃子枳,同，干了一年金融转券商，从早到晚待了2天，人还是蒙的……[哭惹R]每天在晨会上巨困 刚开始只能听他们打电话在这块自学，无人问津,0
6866750e00000000200339d2,686398560000000012021b0d,,,,评论区的真的假的[哭惹R]，谁能发发善心给我找份实习[萌萌哒R],1,2,河南,0,1751545102000,2025-07-03T20:18:22,630112510000000012000f58,那我呢,评论区的真的假的[哭惹R]，谁能发发善心给我找份实习[萌萌哒R],0
6979d9b3000000000c017aba,686398560000000012021b0d,,,6864abfc0000000004019ad9,现在怎么样了姐妹,1,0,内蒙古,0,1769593267000,2026-01-28T17:41:07,5cfe15db00000000250248f9,鲨鱼彩椒,现在怎么样了姐妹,0
68649041000000000400d12b,686398560000000012021b0d,,,68647d4a000000000401802c,妈呀，明天也要去证券公司实习了，专业完全没关系，不敢想会有多煎熬[抽泣R],12,0,福建,0,1751420994000,2025-07-02T09:49:54,62a82a0c000000001b028e77,四月四月,妈呀，明天也要去证券公司实习了，专业完全没关系，不敢想会有多煎熬[抽泣R],0
6887f7040000000002007d13,686398560000000012021b0d,,,6876f1550000000004017001,看似自嘲实际上是少爷小姐在炫耀,75,0,广东,3,1753741061000,2025-07-29T06:17:41,6394091e00000000260058fe,Ariandel,看似自嘲实际上是少爷小姐在炫耀,0
6863bc5b0000000020033cd8,686398560000000012021b0d,,,6863b21000000000200260a3,这么爽嘛[哭惹R],0,0,广东,0,1751366748000,2025-07-01T18:45:48,6315cfaf000000000f0059b7,坚韧阿尔法,这么爽嘛[哭惹R],0
686bda20000000000c016293,686398560000000012021b0d,,,6864105f00000000130341f1,比如我，xhs给我苦命学金融的干哪来了，TD退订[生气R],1,0,河北,0,1751898656000,2025-07-07T22:30:56,63ec51ff0000000028018242,神秘酷白羊,比如我，xhs给我苦命学金融的干哪来了，TD退订[生气R],0
6865d1540000000011018aa9,686398560000000012021b0d,,,6864f4b90000000020032587,我已经在实习了也是大一，给我的感觉就是我的带教老师每天总是想着稍微找点事给我干让我显得不那么闲，但是还是特别闲,1,0,上海,0,1751503188000,2025-07-03T08:39:48,617a91f500000000020196fd,不会说话的爽歪歪,我已经在实习了也是大一，给我的感觉就是我的带教老师每天总是想着稍微找点事给我干让我显得不那么闲，但是还是特别闲,0
68719dc5000000000201bf21,686398560000000012021b0d,,,687150e6000000000c027b3b,我暂时不用拉客户，但是听别人说营业部拉客户就是找自己的亲朋好友靠家里的人脉,1,0,广东,0,1752276421000,2025-07-12T07:27:01,5faa3624000000000101fbbb,momo,我暂时不用拉客户，但是听别人说营业部拉客户就是找自己的亲朋好友靠家里的人脉,0
68639a39000000002000fdad,686398560000000012021b0d,,,686399d7000000001101b165,具体位置不方便透露[doge],2,0,四川,0,1751358009000,2025-07-01T16:20:09,5e3a68b7000000000100aca2,LuRVe,具体位置不方便透露[doge],0
6950e445000000001d00da0e,686398560000000012021b0d,,,6879d5a2000000000602e743,现在怎样呢，想参考一下[害羞R],1,0,广东,0,1766908998000,2025-12-28T16:03:18,5ea01876000000000100b5dc,Au,现在怎样呢，想参考一下[害羞R],0
6887f63800000000020073f5,686398560000000012021b0d,,,6866750e00000000200339d2,望父成龙吧,12,0,广东,3,1753740856000,2025-07-29T06:14:16,6394091e00000000260058fe,Ariandel,望父成龙吧,0
6863e95e000000000400c4d3,686398560000000012021b0d,,,,不是姐妹，世另我啊[呃R]，不过甚至没人跟我说话讨论股票，可能知道我啥也不会，除了带我的姐给我布置点任务，因为我是法学专业的,9,2,辽宁,0,1751378271000,2025-07-01T21:57:51,600049180000000001006062,栽培西红柿🍅,不是姐妹，世另我啊[呃R]，不过甚至没人跟我说话讨论股票，可能知道我啥也不会，除了带我的姐给我布置点任务，因为我是法学专业的,0
68648c5d0000000020027271,686398560000000012021b0d,,,,当你们看到我的评论的时候，我已经坐在工位里无聊到刷xhs了，不过这里还好，教我们量化啥的，我也快写完论文了，效率比在家里高太多了[捂脸R],29,5,中国澳门,0,1751419998000,2025-07-02T09:33:18,62d9f35e0000000002000fc4,🍃,当你们看到我的评论的时候，我已经坐在工位里无聊到刷xhs了，不过这里还好，教我们量化啥的，我也快写完论文了，效率比在家里高太多了[捂脸R],0
6866b9d7000000000400d87c,686398560000000012021b0d,,,,[doge]去上海吧,0,3,广东,0,1751562711000,2025-07-04T01:11:51,59f03606e8ac2b499a973475,scotthh,[doge]去上海吧,0
68639a76000000000c02617a,686398560000000012021b0d,,,,P2是啥看起来好好喝,1,3,广东,0,1751358071000,2025-07-01T16:21:11,616993b30000000002019fe7,麻薯多多,P2是啥看起来好好喝,0
686655ca000000000401c904,686398560000000012021b0d,,,,Rebecca再找十个a12客户小孩来 你是想要这种感觉吗[偷笑R],28,1,上海,0,1751537098000,2025-07-03T18:04:58,61f55ba1000000001000d5d8,Rarity麦麦,Rebecca再找十个a12客户小孩来 你是想要这种感觉吗[偷笑R],0
6863b04800000000200261a3,686398560000000012021b0d,,,,虽然但是，听起来像是营业部的......,19,1,澳大利亚,0,1751363657000,2025-07-01T17:54:17,5d044709000000001003616b,玛卡巴卡睡不醒,虽然但是，听起来像是营业部的......,0
686690f2000000002002daf3,686398560000000012021b0d,,,,太像了啊姐妹和我 但我确实是经济学的 可这些老师真没教,2,0,浙江,0,1751552243000,2025-07-03T22:17:23,5cf29e520000000016002ffb,飞飞猪,太像了啊姐妹和我 但我确实是经济学的 可这些老师真没教,0
6863ce290000000004015db0,686398560000000012021b0d,,,,不是没人觉得作者文笔很好吗 淡淡的很讽刺,9,0,北京,0,1751371306000,2025-07-01T20:01:46,5d5565b1000000000100563d,Gee.,不是没人觉得作者文笔很好吗 淡淡的很讽刺,0
6863f41a0000000013034e0a,686398560000000012021b0d,,,,小布尔乔亚闹麻了,5,0,浙江,3,1751381018000,2025-07-01T22:43:38,6554ecfe0000000002035e81,荒原嬉皮,小布尔乔亚闹麻了,0
688888b8000000002b016a6f,686398560000000012021b0d,,,,评论区怎么那么多酸的...这个年代能挣到钱就是本事,4,1,北京,0,1753778361000,2025-07-29T16:39:21,5f15bee1000000000101f58d,🐺lism,评论区怎么那么多酸的...这个年代能挣到钱就是本事,0
6863e963000000000c0265be,686398560000000012021b0d,,,6863e95e000000000400c4d3,[哭惹R][哭惹R],1,0,辽宁,0,1751378275000,2025-07-01T21:57:55,600049180000000001006062,栽培西红柿🍅,[哭惹R][哭惹R],0
686490d8000000001e01ec65,686398560000000012021b0d,,,68648c5d0000000020027271,我昨天来实习的，除了昨天上午学点东西，其余时间都在摸鱼[扯脸H],1,0,湖南,0,1751421145000,2025-07-02T09:52:25,65a4255e000000000203ca49,🐾45sssssu,我昨天来实习的，除了昨天上午学点东西，其余时间都在摸鱼[扯脸H],0
686724150000000013036f45,686398560000000012021b0d,,,6866b9d7000000000400d87c,在上海了也不懂[哭惹R],0,0,上海,0,1751589910000,2025-07-04T08:45:10,5f47cb590000000001005ea2,冷面公主,在上海了也不懂[哭惹R],0
68639b700000000020033b4b,686398560000000012021b0d,,,68639a76000000000c02617a,manner香蕉风味拿铁,1,0,四川,0,1751358321000,2025-07-01T16:25:21,5e3a68b7000000000100aca2,LuRVe,manner香蕉风味拿铁,0
68666ec6000000002002356d,686398560000000012021b0d,,,686655ca000000000401c904,哈哈哈哈哈中登出手了,0,0,河南,0,1751543494000,2025-07-03T19:51:34,63774e5e00000000230249dd,昱,哈哈哈哈哈中登出手了,0
6863b351000000000602f5f9,686398560000000012021b0d,,,6863b04800000000200261a3,一看就是,0,0,北京,0,1751364434000,2025-07-01T18:07:14,607838880000000001008649,叶青霜,一看就是,0
688a07d1000000002b01f225,686398560000000012021b0d,,,688888b8000000002b016a6f,ip正确,6,0,广东,3,1753876434000,2025-07-30T19:53:54,6394091e00000000260058fe,Ariandel,ip正确,0
691ffb58000000001600eaa3,686398560000000012021b0d,,,,有个问题，可以染头发吗，我是浅浅浅黄，假发套戴上去好闷[哭惹R],0,1,上海,0,1763703641000,2025-11-21T13:40:41,671cab0f000000000b0328bf,lilililililalalalala,有个问题，可以染头发吗，我是浅浅浅黄，假发套戴上去好闷[哭惹R],0
6863adb4000000001100db95,686398560000000012021b0d,,,,速速拍一个ipo图片，整顿一下券商实习打黑工局面[doge],15,1,北京,0,1751362996000,2025-07-01T17:43:16,626768d60000000021022881,邦邦给你两拳,速速拍一个ipo图片，整顿一下券商实习打黑工局面[doge],0
687de308000000000f03e569,686398560000000012021b0d,,,,说白了券商也是高级销售[微笑R],4,0,江苏,0,1753080585000,2025-07-21T14:49:45,5e79d5ea00000000010031a9,还好my,说白了券商也是高级销售[微笑R],0
6863ac23000000001e035986,686398560000000012021b0d,,,,看到arbitrage 终于绷不住笑死了。金融abandon,0,0,英国,0,1751362595000,2025-07-01T17:36:35,5c4a5eb2000000001201ba9d,nono,看到arbitrage 终于绷不住笑死了。金融abandon,0
68c1a1c40000000030021892,686398560000000012021b0d,,,,我觉得写得很可爱啊，用家里资源有错吗,5,0,江西,0,1757520325000,2025-09-11T00:05:25,5eb16fb10000000001006e04,momo,我觉得写得很可爱啊，用家里资源有错吗,0
6863f5b1000000000400cf5b,686398560000000012021b0d,,,,我爸也想把我塞进去，但是我前几天的证从考试有一门没过[哭惹R],2,1,河南,0,1751381426000,2025-07-01T22:50:26,62d92825000000000303cf99,Gnim_M,我爸也想把我塞进去，但是我前几天的证从考试有一门没过[哭惹R],0
68678eea000000000c02554b,686398560000000012021b0d,,,,本艺术生已经在两个金融单位实习过了[哭惹R]一坐就是吉祥物,4,1,上海,0,1751617258000,2025-07-04T16:20:58,5cf8d081000000001602041c,satoh_mone,本艺术生已经在两个金融单位实习过了[哭惹R]一坐就是吉祥物,0
696709c0000000000c01627e,686398560000000012021b0d,,,,学金融的也不会[黄金薯R],1,0,河北,0,1768360384000,2026-01-14T11:13:04,649d3335000000000b017263,00:00:00,学金融的也不会[黄金薯R],0
687dd345000000001a028d50,686398560000000012021b0d,,,,呃呃呃。为什么在嘲笑博主 简直就是我现在啊。 找关系 学校教的和工作不是一个东西,2,0,辽宁,0,1753076549000,2025-07-21T13:42:29,65eb145b000000000d02617b,粗薯重度依赖,呃呃呃。为什么在嘲笑博主 简直就是我现在啊。 找关系 学校教的和工作不是一个东西,0
6863ba64000000000f03ee74,686398560000000012021b0d,,,,什么专业能去干这个[萌萌哒R],0,1,北京,0,1751366244000,2025-07-01T18:37:24,677fcff9000000000801e9c6,小红薯6780AA4F,什么专业能去干这个[萌萌哒R],0
69b8c6dc000000000f027e35,686398560000000012021b0d,,,691ffb58000000001600eaa3,可以,0,0,辽宁,0,1773717213000,2026-03-17T11:13:33,62a85dd40000000019028407,小小史考特,可以,0
6863ae63000000000401f5ba,686398560000000012021b0d,,,6863adb4000000001100db95,王总直呼受不了,2,0,广东,0,1751363172000,2025-07-01T17:46:12,5f6230cc000000000100565e,超级无敌宇宙超人,王总直呼受不了,0
686470ae00000000110183e2,686398560000000012021b0d,,,6863f5b1000000000400cf5b,我糙 不是刷到你 我都不知道出成绩了,1,0,河南,0,1751412911000,2025-07-02T07:35:11,603f252700000000010054cc,旅喝今,我糙 不是刷到你 我都不知道出成绩了,0
6868c77d00000000200322b5,686398560000000012021b0d,,,68678eea000000000c02554b,我靠 我真的 绘画专业的 去金融实习不知道行不行能不能活下去[捂脸R],1,0,广东,0,1751697278000,2025-07-05T14:34:38,5c2427c3000000000701917c,芊芊,我靠 我真的 绘画专业的 去金融实习不知道行不行能不能活下去[捂脸R],0
6863bc7f000000001102cb28,686398560000000012021b0d,,,6863ba64000000000f03ee74,家里有关系就行，去年还有个学体育的,7,0,宁夏,0,1751366783000,2025-07-01T18:46:23,652e4d85000000000200f7df,👊👊👊,家里有关系就行，去年还有个学体育的,0
69d429f00000000003012e5a,686398560000000012021b0d,,,,营业部闹麻了[笑哭R],1,0,美国,0,1775512048000,2026-04-07T05:47:28,67395b5e000000001c01abcd,Hikaritsu,营业部闹麻了[笑哭R],0
68873996000000001a02d080,686398560000000012021b0d,,,,写实了，感觉找了个自习室,2,0,安徽,0,1753692567000,2025-07-28T16:49:27,669a2c6d000000000d0268f5,被金融中登面试毒死的双非实习生,写实了，感觉找了个自习室,0
6863bd4800000000060054c5,686398560000000012021b0d,,,,握草你连加息都不知道是不是太离谱了…,4,0,湖北,0,1751366984000,2025-07-01T18:49:44,6226235900000000100053f4,AMO大馍王,握草你连加息都不知道是不是太离谱了…,0
68649ba80000000020027a47,686398560000000012021b0d,,,,快跑，这个是简历污点,0,1,上海,0,1751423913000,2025-07-02T10:38:33,5ccf8538000000001101d373,西蒙,快跑，这个是简历污点,0
6863b0ca000000000f03cde5,686398560000000012021b0d,,,,我感觉你完全把我之前实习的感受说出来了，不过我是学金融的(学的烂)基础的听得懂，根本没人给我安排涉及客户的任务[笑哭R] 一到听不懂的地方我就装懂[哭惹R],8,1,四川,0,1751363786000,2025-07-01T17:56:26,5ac37fa6e8ac2b6b31761989,Rem🐏,我感觉你完全把我之前实习的感受说出来了，不过我是学金融的(学的烂)基础的听得懂，根本没人给我安排涉及客户的任务[笑哭R] 一到听不懂的地方我就装懂[哭惹R],0
686406760000000020012beb,686398560000000012021b0d,,,,文笔这么好？[黄金薯R],4,1,浙江,0,1751385719000,2025-07-02T00:01:59,5ca6e093000000001100a797,6小77,文笔这么好？[黄金薯R],0
6863a85a0000000004015bdf,686398560000000012021b0d,,,,[微笑R]VIP：不想了，一会给我5万亿的爷爷打个电话，就让那个什么VP来陪我玩吧,1,0,上海,0,1751361627000,2025-07-01T17:20:27,5dbd79870000000001007b7b,小红薯68000AEE,[微笑R]VIP：不想了，一会给我5万亿的爷爷打个电话，就让那个什么VP来陪我玩吧,0
6889cbc4000000002903a8da,686398560000000012021b0d,,,,.,0,0,福建,0,1753861060000,2025-07-30T15:37:40,66267c41000000000303016a,背包不背包,.,0
68662c70000000001100c285,686398560000000012021b0d,,,,纯数要不还是先走统计分析吧 这些东西就算是个金融渣子也都应该大概了解…[石化R],1,0,上海,0,1751526512000,2025-07-03T15:08:32,5fbcaff0000000000100b2b3,Blrrrrrr,纯数要不还是先走统计分析吧 这些东西就算是个金融渣子也都应该大概了解…[石化R],0
6863c037000000002000f729,686398560000000012021b0d,,,,当过vip 但是天天没正事 就是帮mentor用印打印做会议纪要 其实懂不懂那些词也没关系[哭惹R],0,0,上海,0,1751367736000,2025-07-01T19:02:16,5c4dedb3000000001201fdc8,RitAries🌙,当过vip 但是天天没正事 就是帮mentor用印打印做会议纪要 其实懂不懂那些词也没关系[哭惹R],0
6864c8ac000000001303788e,686398560000000012021b0d,,,68649ba80000000020027a47,为啥呀,0,0,江苏,0,1751435436000,2025-07-02T13:50:36,6443d3b9000000001002a779,我不是轲乐不加冰,为啥呀,0
6863bc5500000000200272a1,686398560000000012021b0d,,,6863b0ca000000000f03cde5,羡慕你[笑哭R],0,0,广东,0,1751366741000,2025-07-01T18:45:41,6315cfaf000000000f0059b7,坚韧阿尔法,羡慕你[笑哭R],0
6864068d0000000020027634,686398560000000012021b0d,,,686406760000000020012beb,如临其境了属于是,6,0,浙江,0,1751385741000,2025-07-02T00:02:21,5ca6e093000000001100a797,6小77,如临其境了属于是,0
68ad1e030000000002000708,686398560000000012021b0d,,,,技术面分析确实比较难学习啊[失望R][失望R]先学习了解每个热点板块的上下游和基本面分析也可以的...,0,0,江苏,0,1756175875000,2025-08-26T10:37:55,5dea2e000000000001004068,Tsuki,技术面分析确实比较难学习啊[失望R][失望R]先学习了解每个热点板块的上下游和基本面分析也可以的...,0
6932f09f000000003900a131,686398560000000012021b0d,,,,我也想来证券 但我想学点东西 VIP是不是也可以学东西啊,0,0,上海,0,1764946080000,2025-12-05T22:48:00,5932f9c05e87e72d88e4f454,Madeleine,我也想来证券 但我想学点东西 VIP是不是也可以学东西啊,0
6936c399000000003900a30f,686398560000000012021b0d,,,,我靠了，都不想去了,0,0,重庆,0,1765196697000,2025-12-08T20:24:57,62b6ec50000000001b024338,远海深水鱼,我靠了，都不想去了,0
6a094b5f000000002803549c,686398560000000012021b0d,,,,去年实习就在看这个帖子 今年依旧。,0,0,江苏,0,1778994015000,2026-05-17T13:00:15,60d8016c000000000100ab58,柠檬统治柠檬树,去年实习就在看这个帖子 今年依旧。,0
6863b3da000000000c0170c4,686398560000000012021b0d,,,,看macd人的水平也就那样了，别怕，投顾和分析师亏起来比一般人还恐怖[doge],2,0,上海,0,1751364570000,2025-07-01T18:09:30,639abe1300000000270299e9,请多指教,看macd人的水平也就那样了，别怕，投顾和分析师亏起来比一般人还恐怖[doge],0
6887050d000000001500202d,686398560000000012021b0d,,,,太真实了🤦‍♂️,2,0,上海,0,1753679118000,2025-07-28T13:05:18,6030c3b0000000000101d137,Gu,太真实了🤦‍♂️,0
6863ad78000000000600595f,686398560000000012021b0d,,,,楼上楼下不得见的领居啊[doge],0,0,四川,0,1751362936000,2025-07-01T17:42:16,664d6294000000000d025e43,评论区达人,楼上楼下不得见的领居啊[doge],0
6940b2f4000000003803e7bf,686398560000000012021b0d,,,,别骂了哥，我真破防了,0,0,山西,0,1765847796000,2025-12-16T09:16:36,61dae13e000000001000c8d8,，，，,别骂了哥，我真破防了,0
698166ea00000000140311d5,686398560000000012021b0d,,,,电脑开着同花顺是吧[doge],0,0,上海,0,1770088171000,2026-02-03T11:09:31,6717b4f9000000000b033d24,小红薯67185A7D,电脑开着同花顺是吧[doge],0
6948fa02000000001d027e86,686398560000000012021b0d,,,,好真实 打开GRR单词本哈哈哈哈,0,0,北京,0,1766390274000,2025-12-22T15:57:54,62f4ec69000000001f004b6c,kkdog,好真实 打开GRR单词本哈哈哈哈,0
69cf55d50000000016017058,686398560000000012021b0d,,,,看完感觉自己完蛋了[捂脸R],0,0,广东,0,1775195605000,2026-04-03T13:53:25,6458f27f000000001002537e,~Camilla It Is,看完感觉自己完蛋了[捂脸R],0
69403c8d000000001d025c15,686398560000000012021b0d,,,,宝宝，行研的人是不会那么闲的哦[害羞R],0,0,上海,0,1765817485000,2025-12-16T00:51:25,5c80a05d00000000160021d1,momo,宝宝，行研的人是不会那么闲的哦[害羞R],0
6863b2c2000000001101aa9e,686398560000000012021b0d,,,,里面的人想出去，外面的想进来，这就是我对金融的评价，懂得都懂,3,0,江苏,0,1751364290000,2025-07-01T18:04:50,5ea087b10000000001005a19,loka,里面的人想出去，外面的想进来，这就是我对金融的评价，懂得都懂,0
6863b9e2000000002000dccd,686398560000000012021b0d,,,,没事的，把自己的钱去买股票不出一个月你都懂了[笑哭R],0,0,广东,0,1751366115000,2025-07-01T18:35:15,64d61347000000000200e183,anyu,没事的，把自己的钱去买股票不出一个月你都懂了[笑哭R],0
693b2e31000000001502eed8,686398560000000012021b0d,,,,世另我[石化R][石化R][石化R],0,0,上海,0,1765486130000,2025-12-12T04:48:50,64c79d4e000000000e027110,🙃,世另我[石化R][石化R][石化R],0
69b6db41000000000f02ca42,686398560000000012021b0d,,,,主播入职营业部了吗,0,0,四川,0,1773591361000,2026-03-16T00:16:01,5ed9b3b40000000001007185,天才少年(备战幺妹峰),主播入职营业部了吗,0
69b8fd80000000000d011e89,686398560000000012021b0d,,,,我去但我是证劵比赛第一然后总经理直接给我的实习机会[失望R]可我啥也不会我是会计专业，但我爸炒股比较厉害他帮的我，我在想我要不要去实习,0,0,北京,0,1773731200000,2026-03-17T15:06:40,64ba59f0000000001403716b,momo,我去但我是证劵比赛第一然后总经理直接给我的实习机会[失望R]可我啥也不会我是会计专业，但我爸炒股比较厉害他帮的我，我在想我要不要去实习,0
696d1e0400000000090219b0,686398560000000012021b0d,,,,@粽子叶 @JackyforJupiter @momo @-Jessy夕殷芯 除了不是我爸塞进去 别的不就是我吗[微笑R]一天天云里雾里啥也不知道全靠AI,3,0,浙江,0,1768758789000,2026-01-19T01:53:09,5ceab12e00000000180282b1,KathySharky,@粽子叶 @JackyforJupiter @momo @-Jessy夕殷芯 除了不是我爸塞进去 别的不就是我吗[微笑R]一天天云里雾里啥也不知道全靠AI,0
68897db8000000002a01e18f,686398560000000012021b0d,,,, @M O nn 0 m o ,0,0,江苏,0,1753841080000,2025-07-30T10:04:40,6522a35c000000002b002fb0,comic,@M O nn 0 m o,0
688834cb000000000400ada7,686398560000000012021b0d,,,,太好笑了感觉是大一大二的精致小幻想@S.K.,2,1,浙江,0,1753756875000,2025-07-29T10:41:15,5c30649a000000000603c7bd,闵生,太好笑了感觉是大一大二的精致小幻想@S.K.,0
6888b9be000000002b01b0a2,686398560000000012021b0d,,,688834cb000000000400ada7,怎么感觉没进过券商全是想象[笑哭R],0,0,上海,0,1753790911000,2025-07-29T20:08:31,62f120f6000000001e01e86a,S.K.,怎么感觉没进过券商全是想象[笑哭R],0
6885ec3600000000090153bc,686398560000000012021b0d,,,,@叮叮隆咚锵 懒得喷,0,0,上海,0,1753607223000,2025-07-27T17:07:03,642aba32000000001f03248e,C_,@叮叮隆咚锵 懒得喷,0
6884a7f200000000180028ef,686398560000000012021b0d,,,,@啦啦啦 只有我感觉自己明年就这样子吗,1,0,江苏,0,1753524210000,2025-07-26T18:03:30,66a74871000000001d033dbc,sereining,@啦啦啦 只有我感觉自己明年就这样子吗,0
68820b59000000000900e0d7,686398560000000012021b0d,,,,@momo 关系户就这样,5,1,广西,0,1753353049000,2025-07-24T18:30:49,63d1c8630000000027028dc7,天天向上,@momo 关系户就这样,0
6881b6b0000000001303506b,686398560000000012021b0d,,,,@Xxxhh,0,0,辽宁,0,1753331377000,2025-07-24T12:29:37,5ef202f40000000001001f12,切开的蓝莓是冻梨,@Xxxhh,0
6880bef1000000000900ffff,686398560000000012021b0d,,,,我是汉语言的也在证券实习，实习了二十多天我就填过表格和粘过纸质材料，不过我知道macd，就是学习这些知识的时候总在工位上睡着[哭惹R]真的越看越好睡，别人都在工作没有人在意我,3,0,云南,0,1753267954000,2025-07-23T18:52:34,649d365e000000001c0284e8,小红薯649DAA3D,我是汉语言的也在证券实习，实习了二十多天我就填过表格和粘过纸质材料，不过我知道macd，就是学习这些知识的时候总在工位上睡着[哭惹R]真的越看越好睡，别人都在工作没有人在意我,0
6880948d000000001902659d,686398560000000012021b0d,,,,什么，居然可以顺带背gre单词吗，天才，看评论区其他人居然说工位是天然自习室。我不行了，来劲儿了，没出分的留子有救了,2,0,北京,0,1753257102000,2025-07-23T15:51:42,6124cc82000000000101d4e2,Clouday,什么，居然可以顺带背gre单词吗，天才，看评论区其他人居然说工位是天然自习室。我不行了，来劲儿了，没出分的留子有救了,0
688034ac000000000900d1f4,686398560000000012021b0d,,,,[doge][doge]事实证明证券公司人也不会炒[笑哭R],1,0,四川,0,1753232557000,2025-07-23T09:02:37,60bf60ef0000000001007a74,睡个串串起来嗨,[doge][doge]事实证明证券公司人也不会炒[笑哭R],0
687f53460000000002005772,686398560000000012021b0d,,,,想看美甲[色色R][色色R],1,0,福建,0,1753174854000,2025-07-22T17:00:54,5d2d5e2d0000000011018fb9,s苏苏苏苏,想看美甲[色色R][色色R],0
687f114c000000001100e3fa,686398560000000012021b0d,,,,太真实了,0,0,广东,0,1753157964000,2025-07-22T12:19:24,672c1c7d000000001c0184fa,渣渣馆长,太真实了,0
687ce5c3000000001b03c856,686398560000000012021b0d,,,,心疼你宝宝[飞吻R],0,0,四川,0,1753015747000,2025-07-20T20:49:07,5ace063111be103792a1d5ed,ty姜姜,心疼你宝宝[飞吻R],0
68820e32000000001b03f584,686398560000000012021b0d,,,68820b59000000000900e0d7,蛙趣[扶墙R],0,0,广东,0,1753353779000,2025-07-24T18:42:59,64a82ae2000000001c02a97e,momo,蛙趣[扶墙R],0
6878c1500000000004018bd9,686398560000000012021b0d,,,,在演我,0,0,河北,0,1752744273000,2025-07-17T17:24:33,63aaaa5a0000000028018741,shesaid,在演我,0
68779689000000000f03f713,686398560000000012021b0d,,,,没关系，李哥也不懂，毕竟macd不好使,1,0,北京,0,1752667786000,2025-07-16T20:09:46,64ad721d000000001f0062c5,冯河之虎,没关系，李哥也不懂，毕竟macd不好使,0
687744d0000000000c026a6f,686398560000000012021b0d,,,,@goodluck 笑死我了来看,0,1,江苏,0,1752646865000,2025-07-16T14:21:05,635de7340000000018021499,INSPIRE,@goodluck 笑死我了来看,0
6877157600000000150014b8,686398560000000012021b0d,,,,@Jellymillet @西兰花大王 @今天也喜欢小柴 @👿,1,0,海南,0,1752634742000,2025-07-16T10:59:02,5b56ab304eacab629f473bab,##,@Jellymillet @西兰花大王 @今天也喜欢小柴 @👿,0
6876170c000000000900d60c,686398560000000012021b0d,,,,天哪简直是说出了我的心声[笑哭R]第一天实习开晨会，说到ETF，我一脸懵的赶紧搜ETF是啥[哭惹R],6,0,江苏,0,1752569613000,2025-07-15T16:53:33,611c8df70000000001004916,wish me Rich and Lucky,天哪简直是说出了我的心声[笑哭R]第一天实习开晨会，说到ETF，我一脸懵的赶紧搜ETF是啥[哭惹R],0
6871c318000000001101be9b,686398560000000012021b0d,,,,Rebecca 人才储备库,4,0,山东,0,1752285977000,2025-07-12T10:06:17,5effe5ea000000000101e0b2,一颗地瓜,Rebecca 人才储备库,0
686b86100000000020022256,686398560000000012021b0d,,,,筑波 我懂你.......,2,0,北京,0,1751877137000,2025-07-07T16:32:17,600c02c600000000010018f9,B.G,筑波 我懂你.......,0
6867942c000000000401fc91,686398560000000012021b0d,,,,@新垣绘 @Minority @辣鸡面暴走中 @spursy @蓝与橙之歌,1,0,重庆,0,1751618605000,2025-07-04T16:43:25,5fb8a7850000000001002402,毒奶并非鲜奶,@新垣绘 @Minority @辣鸡面暴走中 @spursy @蓝与橙之歌,0
686730a8000000000401d85a,686398560000000012021b0d,,,,@j竭力的山竹 求赐VIP爸爸让我混吃等死我也愿意。,1,0,浙江,0,1751593129000,2025-07-04T09:38:49,602772cb0000000001000ebc,整点薯条,@j竭力的山竹 求赐VIP爸爸让我混吃等死我也愿意。,0
6866bbb70000000020011382,686398560000000012021b0d,,,,天啊我不敢想我要是也这样怎么办[失望R],0,0,河北,0,1751563191000,2025-07-04T01:19:51,5ed250570000000001002f9b,xxx,天啊我不敢想我要是也这样怎么办[失望R],0
687765860000000015002edb,686398560000000012021b0d,,,687744d0000000000c026a6f,[笑哭R]讨厌这样的工作,0,0,浙江,0,1752655238000,2025-07-16T16:40:38,62720c26000000001000bf03,goodluck,[笑哭R]讨厌这样的工作,0
6866903b000000002000f5a1,686398560000000012021b0d,,,,@Banana小魔仙 [汗颜R],0,0,湖北,0,1751552060000,2025-07-03T22:14:20,64d7a3460000000001012d0d,肘击你二舅,@Banana小魔仙 [汗颜R],0
686668ae00000000200210c6,686398560000000012021b0d,,,,哪个部门啊，研究所，ibd还是自营？,0,0,广东,0,1751541934000,2025-07-03T19:25:34,5c071dbb000000000500de17,nevermind,哪个部门啊，研究所，ibd还是自营？,0
68663eca000000002000ce70,686398560000000012021b0d,,,,在广州还是四川啊[doge][doge],0,0,广东,0,1751531210000,2025-07-03T16:26:50,5afc2d6f4eacab7df3407a9d,哈哈娱乐零投资,在广州还是四川啊[doge][doge],0
68663e81000000000c02745c,686398560000000012021b0d,,,,跟我完全一样，甚至我和博主一样是纯数学专业[doge],0,0,浙江,0,1751531137000,2025-07-03T16:25:37,5ee3c0660000000001001636,QQ,跟我完全一样，甚至我和博主一样是纯数学专业[doge],0
6866303b0000000013037b5e,686398560000000012021b0d,,,,刷到自己了[抽泣R],1,0,山东,0,1751527483000,2025-07-03T15:24:43,60921eaf0000000001009f55,屿寻,刷到自己了[抽泣R],0
686628c0000000002000dc45,686398560000000012021b0d,,,,@西亚呀呀呀 [皱眉R][暗中观察R][暗中观察R],0,0,江苏,0,1751525569000,2025-07-03T14:52:49,5e4e91d900000000010071e1,想要文俊尼鼻骨🐰🐱,@西亚呀呀呀 [皱眉R][暗中观察R][暗中观察R],0
686623560000000020033c1c,686398560000000012021b0d,,,,牛马标配了。。,0,0,北京,0,1751524185000,2025-07-03T14:29:45,622475bf0000000010004686,Christinnnnna,牛马标配了。。,0
68661f8f000000000401beac,686398560000000012021b0d,,,,@LOLLIPOP 又刷到这个帖子了,0,0,上海,0,1751523216000,2025-07-03T14:13:36,5b9bb77c26b94a00016348e1,奔跑的夜宵,@LOLLIPOP 又刷到这个帖子了,0
6865f307000000002000f97b,686398560000000012021b0d,,,,@再吱哇乱叫小心我啄你啊,0,1,北京,3,1751511816000,2025-07-03T11:03:36,63c8dc96000000002702bf42,爱吃好饭无人来拼,@再吱哇乱叫小心我啄你啊,0
6865e74c0000000004019766,686398560000000012021b0d,,,,话说考了证从了吗[失望R],0,0,青海,0,1751508812000,2025-07-03T10:13:32,5aa8da9ee8ac2b549978b734,挽易年,话说考了证从了吗[失望R],0
68660064000000000c0146a7,686398560000000012021b0d,,,6865f307000000002000f97b,哎,0,0,北京,0,1751515236000,2025-07-03T12:00:36,63d51bfb0000000026005718,再吱哇乱叫小心我啄你啊,哎,0
6865dcfe000000000400c1b1,686398560000000012021b0d,,,,前面简直一模一样..,0,0,浙江,0,1751506175000,2025-07-03T09:29:35,5d005a9400000000120059b9,小甜面包bunv,前面简直一模一样..,0
6865dac7000000000400f101,686398560000000012021b0d,,,,文笔这么好应该能找到活啊[doge],1,0,上海,0,1751505607000,2025-07-03T09:20:07,66e6c1f2000000000b0314c6,云裳,文笔这么好应该能找到活啊[doge],0
6865d0dc0000000004014226,686398560000000012021b0d,,,,太有趣了，请博主多多更新,1,0,广东,0,1751503068000,2025-07-03T08:37:48,590fd9a56a6a6971f9496b6c,大大大大大大黄鸭,太有趣了，请博主多多更新,0
6864fe0d000000002000e4fe,686398560000000012021b0d,,,,@🍜 @Tyl_L @壹 @momo 被真实哦,0,0,浙江,0,1751449102000,2025-07-02T17:38:22,60bdf4620000000001000974,早睡早起喜烊烊,@🍜 @Tyl_L @壹 @momo 被真实哦,0
6864e2fb000000001101b55c,686398560000000012021b0d,,,,这个熟悉的塔+manner，我们应该在同一栋楼实习[笑哭R],0,0,四川,3,1751442172000,2025-07-02T15:42:52,6709d413000000001d03198b,chief Justice,这个熟悉的塔+manner，我们应该在同一栋楼实习[笑哭R],0
6864dc12000000000600600b,686398560000000012021b0d,,,,我现在也是找关系，进了PICC实习，原本以为很高大上，结果给我安排个墙角的位置让我盖章[捂脸R],1,0,广东,0,1751440403000,2025-07-02T15:13:23,5c3deb0c0000000007005725,橙子味小桶^,我现在也是找关系，进了PICC实习，原本以为很高大上，结果给我安排个墙角的位置让我盖章[捂脸R],0
6864d8990000000020030817,686398560000000012021b0d,,,,禁止窥探我的生活[哭惹R]破如防,2,0,上海,0,1751439514000,2025-07-02T14:58:34,5b84c70cf25aeb0001b739f1,忆忆跟你拼啦!!!,禁止窥探我的生活[哭惹R]破如防,0
6864aa6b000000000602e2c1,686398560000000012021b0d,,,,@刺猬崔 ？！？？？,1,0,陕西,0,1751427692000,2025-07-02T11:41:32,60921489000000000100460a,Pyrotechnic56,@刺猬崔 ？！？？？,0
686496ca000000000c017229,686398560000000012021b0d,,,,之前去实习，完全懵逼,0,0,重庆,0,1751422667000,2025-07-02T10:17:47,59bf9c6f50c4b46de1f2a653,酷得你哭,之前去实习，完全懵逼,0
68648d56000000000c0263e5,686398560000000012021b0d,,,,@もも,0,0,北京,0,1751420246000,2025-07-02T09:37:26,5a09661ee8ac2b0b42f5b470,菠菜菠菜菠菜,@もも,0
68648bb70000000004019f0c,686398560000000012021b0d,,,,同vip实习生 还在苦苦挣扎自学股票[哭惹R],0,0,重庆,0,1751419832000,2025-07-02T09:30:32,62a84c65000000001b026fc2,小捏,同vip实习生 还在苦苦挣扎自学股票[哭惹R],0
68648b84000000001102e47e,686398560000000012021b0d,,,,macd金叉是骗人的[黄金薯R],0,0,上海,0,1751419781000,2025-07-02T09:29:41,59aea5456a6a693614c60e7b,xcj,macd金叉是骗人的[黄金薯R],0
68647cea000000001102e3dd,686398560000000012021b0d,,,,大学对金钱的渴望不够[doge]我们大学就拿着真金白银冲股市了十年前，不过那时候家里给的钱不多，只有2万我[笑哭R],2,0,浙江,0,1751416043000,2025-07-02T08:27:23,5571986022cfcd70e55df45e,小鱼泡泡,大学对金钱的渴望不够[doge]我们大学就拿着真金白银冲股市了十年前，不过那时候家里给的钱不多，只有2万我[笑哭R],0
68647a55000000000401c917,686398560000000012021b0d,,,,至少你愿意学习[笑哭R][笑哭R][偷笑R],0,0,广东,0,1751415382000,2025-07-02T08:16:22,594272086f02d65184fadd14,吧啦,至少你愿意学习[笑哭R][笑哭R][偷笑R],0
6864781a0000000020026305,686398560000000012021b0d,,,,有业绩压力不[doge],0,0,湖南,0,1751414810000,2025-07-02T08:06:50,63de62050000000026011397,杯中浮沉,有业绩压力不[doge],0
686422160000000013034d8f,686398560000000012021b0d,,,,上小红书搜术语好真实哈哈哈,2,0,广东,0,1751392791000,2025-07-02T01:59:51,5f24016b0000000001001e1c,耶耶,上小红书搜术语好真实哈哈哈,0
686403d2000000001100cceb,686398560000000012021b0d,,,,@国家一级保护废物 会这样吗,2,1,江苏,0,1751385043000,2025-07-01T23:50:43,6028d2180000000001003491,vkcctmx5729rjou,@国家一级保护废物 会这样吗,0
6863fd1c000000000f03f628,686398560000000012021b0d,,,,终于有人说了我的感受了[笑哭R]根本没人教没人带……,0,0,江苏,0,1751383324000,2025-07-01T23:22:04,5b7d47f993e09c0001ed3c37,九旬太奶,终于有人说了我的感受了[笑哭R]根本没人教没人带……,0
6863f5d40000000020011084,686398560000000012021b0d,,,,真正对金融感兴趣的门槛都没有，博主随便进，还是一无所知，果然背景才是一个人的勋章,6,0,广东,0,1751381460000,2025-07-01T22:51:00,62bf182c000000001b02795b,荣华福龟,真正对金融感兴趣的门槛都没有，博主随便进，还是一无所知，果然背景才是一个人的勋章,0
6863f3bd000000000401ebe9,686398560000000012021b0d,,,,@睿睿子 我真的背了一天的gre[微笑R][微笑R],0,0,上海,0,1751380925000,2025-07-01T22:42:05,5992fab050c4b47e79a01a7b,Greening,@睿睿子 我真的背了一天的gre[微笑R][微笑R],0
6864ca700000000020030790,686398560000000012021b0d,,,686403d2000000001100cceb,我不搞券商,0,0,江苏,3,1751435889000,2025-07-02T13:58:09,5ea259c800000000010081cd,国家一级保护废物,我不搞券商,0
67e8e866000000001f0031a7,67d42590000000001c009a24,,,,厦大怎么找行研实习呀[萌萌哒R],1,3,福建,0,1743317094000,2025-03-30T14:44:54,620cd10d00000000100069e6,Levi,厦大怎么找行研实习呀[萌萌哒R],0
67ed0ddf0000000012011cc0,67d42590000000001c009a24,,,,新财富组跟三中一华有什么区别,1,2,湖北,0,1743588832000,2025-04-02T18:13:52,5f13e6b70000000001004ea3,等命运垂爱,新财富组跟三中一华有什么区别,0
69b7ce35000000000103fe2b,67d42590000000001c009a24,,,,想问一下怎么识别假继任呀 那种主页好多招人信息的是真是假啊,0,2,北京,0,1773653558000,2026-03-16T17:32:38,5e5c7ce400000000010065b6,nullthin,想问一下怎么识别假继任呀 那种主页好多招人信息的是真是假啊,0
68e10714000000003802a52b,67d42590000000001c009a24,,,,同学，你什么专业,1,3,辽宁,0,1759577876000,2025-10-04T19:37:56,64bcdbbd000000001403b518,晔,同学，你什么专业,0
69da0232000000003500c4ae,67d42590000000001c009a24,,,,线下要满三个月才能开实习证明 我只做俩个月走人可以吗[哭惹R],0,1,广东,0,1775895091000,2026-04-11T16:11:31,60f6e9b500000000010058df,五分甜烟雨乌龙,线下要满三个月才能开实习证明 我只做俩个月走人可以吗[哭惹R],0
69dc7bfa0000000002035d65,67d42590000000001c009a24,,,,请问线上行研一般一天工作多久，线下实习一般还能兼顾线上行研吗,0,1,山东,0,1776057339000,2026-04-13T13:15:39,6386a26c000000001f01f9f9,momo,请问线上行研一般一天工作多久，线下实习一般还能兼顾线上行研吗,0
67d43e6e0000000015014576,67d42590000000001c009a24,,,,虽然简单但是投了三家并没有谁回我[捂脸R],0,1,四川,0,1741962862000,2025-03-14T22:34:22,5e0d4fdd0000000001002967,消逝世界漫游指南,虽然简单但是投了三家并没有谁回我[捂脸R],0
6852d173000000001e034886,67d42590000000001c009a24,,,,目前我可选线上、线下，请问有必要线下吗？,0,1,浙江,0,1750258036000,2025-06-18T22:47:16,64e691ff000000000100db50,别吃我青草蛋糕🍰,目前我可选线上、线下，请问有必要线下吗？,0
6870700d000000001e01d318,67d42590000000001c009a24,,,,老师我一直想了解，行研或者金融是怎么转互联网？转去做什么岗位呀？,0,1,天津,0,1752199182000,2025-07-11T09:59:42,59e4dff011be1067f4d0b2e2,白熊章鱼,老师我一直想了解，行研或者金融是怎么转互联网？转去做什么岗位呀？,0
69a1226e0000000004002e30,67d42590000000001c009a24,,,,线上行研强度大吗,0,1,广东,0,1772167791000,2026-02-27T12:49:51,5c5979eb0000000010016aff,Daisy,线上行研强度大吗,0
67e8f7a6000000001f007039,67d42590000000001c009a24,,,67e8e866000000001f0031a7,学院实习群不是一堆继任帖子吗[暗中观察R][暗中观察R],0,0,福建,0,1743320999000,2025-03-30T15:49:59,618883350000000010009108,爱上达美乐（实习版）,学院实习群不是一堆继任帖子吗[暗中观察R][暗中观察R],0
67f49cce0000000012022302,67d42590000000001c009a24,,,67ed0ddf0000000012011cc0,三中一华有很多组，但不是每个组都是xcf,4,0,福建,0,1744084174000,2025-04-08T11:49:34,618883350000000010009108,爱上达美乐（实习版）,三中一华有很多组，但不是每个组都是xcf,0
69b7d40d0000000011019ccc,67d42590000000001c009a24,,,69b7ce35000000000103fe2b,让你➕联系方式的一般都是骗子[暗中观察R],0,0,上海,0,1773655054000,2026-03-16T17:57:34,618883350000000010009108,爱上达美乐（实习版）,让你➕联系方式的一般都是骗子[暗中观察R],0
68e1073000000000380260a8,67d42590000000001c009a24,,,68e10714000000003802a52b,文科[暗中观察R],0,0,福建,0,1759577904000,2025-10-04T19:38:24,618883350000000010009108,爱上达美乐（实习版）,文科[暗中观察R],0
69da1c3c000000003501461a,67d42590000000001c009a24,,,69da0232000000003500c4ae,可以啊 直接走,0,0,上海,0,1775901756000,2026-04-11T18:02:36,618883350000000010009108,爱上达美乐（实习版）,可以啊 直接走,0
69dc7d39000000003500b486,67d42590000000001c009a24,,,69dc7bfa0000000002035d65,问问+1 不同组工作量不一样的,0,0,上海,0,1776057657000,2026-04-13T13:20:57,618883350000000010009108,爱上达美乐（实习版）,问问+1 不同组工作量不一样的,0
67d43fc0000000001703bfd5,67d42590000000001c009a24,,,67d43e6e0000000015014576,多投几家呀，三家太少了😯,6,0,福建,0,1741963200000,2025-03-14T22:40:00,618883350000000010009108,爱上达美乐（实习版）,多投几家呀，三家太少了😯,0
6852d41e000000000c016c23,67d42590000000001c009a24,,,6852d173000000001e034886,预算够的话可以试试线下，体验感不一样的,0,0,福建,0,1750258718000,2025-06-18T22:58:38,618883350000000010009108,爱上达美乐（实习版）,预算够的话可以试试线下，体验感不一样的,0
687071640000000004019399,67d42590000000001c009a24,,,6870700d000000001e01d318,改简历，改成你想去的方向，运营/产品/战略/算法/市场等等都可以，然后海投就行了[暗中观察R],0,0,上海,0,1752199525000,2025-07-11T10:05:25,618883350000000010009108,爱上达美乐（实习版）,改简历，改成你想去的方向，运营/产品/战略/算法/市场等等都可以，然后海投就行了[暗中观察R],0
69a12635000000001803bcf6,67d42590000000001c009a24,,,69a1226e0000000004002e30,看组,0,0,北京,0,1772168757000,2026-02-27T13:05:57,618883350000000010009108,爱上达美乐（实习版）,看组,0
690ef5ca0000000038015cdb,67d42590000000001c009a24,,,,您好，央企的用户研究怎么样（其实我感觉工作内容有点偏行研）,0,0,河北,0,1762588106000,2025-11-08T15:48:26,675bc2ef000000001d02dd90,嗯。。。,您好，央企的用户研究怎么样（其实我感觉工作内容有点偏行研）,0
68076c6c000000001f00f42b,67d42590000000001c009a24,,,,请问没有证明的线上行研就业时有用嘛,0,0,山东,0,1745316972000,2025-04-22T18:16:12,606b1c3d000000000100882d,The other me,请问没有证明的线上行研就业时有用嘛,0
6929b4040000000016027bbf,67d42590000000001c009a24,,,,您好为什么新财富组首选呀,0,0,重庆,0,1764340741000,2025-11-28T22:39:01,5b822f97d72b630001872f7b,斑呼,您好为什么新财富组首选呀,0
67fce89b000000001e0168fc,67d42590000000001c009a24,,,,广发策略实习值得去吗[哭惹R],0,0,中国香港,0,1744627867000,2025-04-14T18:51:07,678f2c4d000000000d00b09f,info,广发策略实习值得去吗[哭惹R],0
679df6d6000000000c011fa8,679de962000000001800840c,,,,家人们欢迎关zhu博主，定期更新职场干货[哇R][哇R],2,0,湖北,4,1738405590000,2025-02-01T18:26:30,60e157440000000001004d6f,薛定谔的凡,家人们欢迎关zhu博主，定期更新职场干货[哇R][哇R],0
6801ca65000000001f00eddf,679de962000000001800840c,,,,理工科专业目前第一份实习中。工作第一周只做会议纪要，建议实习多久后可以和mt表达诉求,0,2,湖北,0,1744947813000,2025-04-18T11:43:33,5d08c9d50000000010037cd7,葱油不加葱,理工科专业目前第一份实习中。工作第一周只做会议纪要，建议实习多久后可以和mt表达诉求,0
68d149f6000000000200211b,679de962000000001800840c,,,,人文学生能干吗[哭惹R],1,1,中国香港,0,1758546422000,2025-09-22T21:07:02,60f2bfd0000000000101f109,白月驹,人文学生能干吗[哭惹R],0
69db2c18000000003501e7f0,679de962000000001800840c,,,,为什么我目前实习下来全是纪要 别说深度报告了连找数据维护数据库这些都没有[完啦R],0,1,北京,0,1775971352000,2026-04-12T13:22:32,61f8934f0000000010005b8e,Momo,为什么我目前实习下来全是纪要 别说深度报告了连找数据维护数据库这些都没有[完啦R],0
68a582a500000000260056b3,679de962000000001800840c,,,,可以分享一些细节吗？曾经行研实习划水了，想补充一下简历细节[害羞R],4,2,新加坡,0,1755677350000,2025-08-20T16:09:10,574c2ef06a6a6979f8cd7d5b,π,可以分享一些细节吗？曾经行研实习划水了，想补充一下简历细节[害羞R],0
69a5384d000000000f00d788,679de962000000001800840c,,,,请问一下我撰写一篇公司深度，包括公司行业历史和公司基本面，但没有参与撰写估值和投资建议内容，这种能在简历上说是自己写的吗？,0,1,陕西,0,1772435533000,2026-03-02T15:12:13,578f53213460941fa2e46953,一1几一,请问一下我撰写一篇公司深度，包括公司行业历史和公司基本面，但没有参与撰写估值和投资建议内容，这种能在简历上说是自己写的吗？,0
68b841d7000000003002c51c,679de962000000001800840c,,,,一周五天随时oncall[笑哭R]在校生不适合吧,0,0,湖北,0,1756905944000,2025-09-03T21:25:44,621dcd3b0000000010009fe5,Aliiicee,一周五天随时oncall[笑哭R]在校生不适合吧,0
682aac0a000000001c02d351,679de962000000001800840c,,,,为何同一家券商有的组有实习补贴，有的没有。都是走人事的[哭惹R],0,0,江苏,0,1747627018000,2025-05-19T11:56:58,5f0f1fb70000000001002ac8,毛毛爱喵喵,为何同一家券商有的组有实习补贴，有的没有。都是走人事的[哭惹R],0
681ecc320000000004014dd6,679de962000000001800840c,,,,行研实习含金量怎么样呀？,0,0,福建,0,1746848819000,2025-05-10T11:46:59,634ca2b7000000001901d995,Jim,行研实习含金量怎么样呀？,0
6801ca7f00000000200123a4,679de962000000001800840c,,,6801ca65000000001f00eddf,表达撰写报告的诉求,0,0,湖北,0,1744947839000,2025-04-18T11:43:59,5d08c9d50000000010037cd7,葱油不加葱,表达撰写报告的诉求,0
68d2bf4700000000010024d3,679de962000000001800840c,,,68d149f6000000000200211b,都能干,1,0,美国,0,1758641992000,2025-09-23T23:39:52,60e157440000000001004d6f,薛定谔的凡,都能干,0
69df37540000000015001ace,679de962000000001800840c,,,69db2c18000000003501e7f0,找数据最痛苦了[微笑R][微笑R]，我那个带教让我在公粽号上找数据，然后填进excel中，数据量居多，会议纪要非常多[鄙视R],0,0,四川,0,1776236372000,2026-04-15T14:59:32,6486b29b000000001f006be6,猫了个京剧猫,找数据最痛苦了[微笑R][微笑R]，我那个带教让我在公粽号上找数据，然后填进excel中，数据量居多，会议纪要非常多[鄙视R],0
68a67c33000000002700eae8,679de962000000001800840c,,,68a582a500000000260056b3,好，我之后出一篇行研实习写简历,7,0,美国,0,1755741236000,2025-08-21T09:53:56,60e157440000000001004d6f,薛定谔的凡,好，我之后出一篇行研实习写简历,0
69b7a1940000000001006dc7,679de962000000001800840c,,,69a5384d000000000f00d788,写了就有被问及细节的可能，如果你觉得自己能完整说出，那应该问题不大，反之，不如写参与了这个报告,0,0,中国香港,0,1773642132000,2026-03-16T14:22:12,5d85afd4000000000101b841,除却巫山,写了就有被问及细节的可能，如果你觉得自己能完整说出，那应该问题不大，反之，不如写参与了这个报告,0
69e824d9000000001401e00e,69e08568000000002200c0ce,,,,这个很好了啊 为啥不满意,6,9,黑龙江,0,1776821465000,2026-04-22T09:31:05,65f3f90a000000000500b0c8,飞鸟与🐟,这个很好了啊 为啥不满意,0
69ecf210000000002701df63,69e08568000000002200c0ce,,,,私募百亿更有含金量了[笑哭R],2,1,北京,0,1777136144000,2026-04-26T00:55:44,5f0d127d0000000001001c85,puppy,私募百亿更有含金量了[笑哭R],0
6a0161d30000000029012500,69e08568000000002200c0ce,,,,为什么不喜欢pe呀,0,5,上海,0,1778475475000,2026-05-11T12:57:55,5a0fbb92db2e600de13cd411,菌,为什么不喜欢pe呀,0
69e5b03f000000001401e40c,69e08568000000002200c0ce,,,,感觉可以接了 我现在做梦都想找个买方研究岗 9本美硕[捂脸R][哭惹R],3,2,美国,0,1776660543000,2026-04-20T12:49:03,5da9a7860000000001002dc5,男宝,感觉可以接了 我现在做梦都想找个买方研究岗 9本美硕[捂脸R][哭惹R],0
6a09cc3c0000000027028835,69e08568000000002200c0ce,,,,牛逼啊，你这个，一般的双9 还真进不去,0,1,湖北,0,1779027004000,2026-05-17T22:10:04,60d7f8d30000000001003cc0,fxxk the world,牛逼啊，你这个，一般的双9 还真进不去,0
69ed8359000000002702f266,69e08568000000002200c0ce,,,,求面经[偷笑R],0,2,山东,0,1777173337000,2026-04-26T11:15:37,5f586c22000000000100b096,cici🥕,求面经[偷笑R],0
69e89e18000000001401b024,69e08568000000002200c0ce,,,,还招人不，我还没找到工作[捂脸R],0,2,浙江,0,1776852505000,2026-04-22T18:08:25,6576bf9e0000000020031dec,爱吃香菜,还招人不，我还没找到工作[捂脸R],0
6a096932000000002701523b,69e08568000000002200c0ce,,,,老师您好，方便私信您了解学习一下这家私募详情以及您的投递过程嘛！谢谢[派对R][害羞R],0,1,上海,0,1779001650000,2026-05-17T15:07:30,5f068cd10000000001000981,climbupthemoon_7,老师您好，方便私信您了解学习一下这家私募详情以及您的投递过程嘛！谢谢[派对R][害羞R],0
69ed8592000000002100f673,69e08568000000002200c0ce,,,,可以问问uu之前实习是做什么方向的吗，一直是投研吗,0,1,上海,0,1777173907000,2026-04-26T11:25:07,5bb4eabd743913000198d7fc,0万年前化石一枚,可以问问uu之前实习是做什么方向的吗，一直是投研吗,0
69f5892a000000002a03065f,69e08568000000002200c0ce,,,,很厉害了 uus是中外合办本嘛[偷笑R],0,1,上海,0,1777699115000,2026-05-02T13:18:35,5b0825b911be10558031eb44,鸭鸭鸭gagagaga,很厉害了 uus是中外合办本嘛[偷笑R],0
69e8300b000000001401b803,69e08568000000002200c0ce,,,69e824d9000000001401e00e,私募不知道未来再跳槽的话好不好搞,2,0,辽宁,0,1776824331000,2026-04-22T10:18:51,64146e290000000011020c33,emo的momo,私募不知道未来再跳槽的话好不好搞,0
69ed85c200000000270298ce,69e08568000000002200c0ce,,,69ecf210000000002701df63,[合十R],1,0,辽宁,-2,1777173955000,2026-04-26T11:25:55,64146e290000000011020c33,emo的momo,[合十R],0
6a0162f7000000002701db3d,69e08568000000002200c0ce,,,6a0161d30000000029012500,有点担心职业发展路径，但是已经决定去啦,0,0,辽宁,0,1778475768000,2026-05-11T13:02:48,64146e290000000011020c33,emo的momo,有点担心职业发展路径，但是已经决定去啦,0
69e5b84c000000001401c424,69e08568000000002200c0ce,,,69e5b03f000000001401e40c,诶加油 公募和保险资管我bg是不够哈哈,0,0,河北,0,1776662605000,2026-04-20T13:23:25,64146e290000000011020c33,emo的momo,诶加油 公募和保险资管我bg是不够哈哈,0
6a09ccc6000000002701ee7f,69e08568000000002200c0ce,,,6a09cc3c0000000027028835,[抱拳R][抱拳R][抱拳R],0,0,辽宁,0,1779027143000,2026-05-17T22:12:23,64146e290000000011020c33,emo的momo,[抱拳R][抱拳R][抱拳R],0
69ed867f000000002702e867,69e08568000000002200c0ce,,,69ed8359000000002702f266,上来问了15分钟概率论与统计问题，问了之前行研和二级买基本面量化等实习经历，问了一些关于研究过的行业和公司的看法，剩下的就是做过的python项目，从头到尾让我介绍并且追问了一些细节,0,0,辽宁,-2,1777174144000,2026-04-26T11:29:04,64146e290000000011020c33,emo的momo,上来问了15分钟概率论与统计问题，问了之前行研和二级买基本面量化等实习经历，问了一些关于研究过的行业和公司的看法，剩下的就是做过的python项目，从头到尾让我介绍并且追问了一些细节,0
69e8b11d000000001401c021,69e08568000000002200c0ce,,,69e89e18000000001401b024,哈哈哈我也不知道还缺人不,0,0,辽宁,0,1776857373000,2026-04-22T19:29:33,64146e290000000011020c33,emo的momo,哈哈哈我也不知道还缺人不,0
6a098d000000000027020bdc,69e08568000000002200c0ce,,,6a096932000000002701523b,可以的,0,0,辽宁,0,1779010817000,2026-05-17T17:40:17,64146e290000000011020c33,emo的momo,可以的,0
69ed86aa00000000270204df,69e08568000000002200c0ce,,,69ed8592000000002100f673,投行，行研，二级买投研，资管风控，股衍都做过,1,0,辽宁,0,1777174187000,2026-04-26T11:29:47,64146e290000000011020c33,emo的momo,投行，行研，二级买投研，资管风控，股衍都做过,0
69f5896d000000002800bd79,69e08568000000002200c0ce,,,69f5892a000000002a03065f,不是哒,0,0,山东,0,1777699181000,2026-05-02T13:19:41,64146e290000000011020c33,emo的momo,不是哒,0
69e8865d000000001401c405,69e08568000000002200c0ce,,,,你接的这offer已经胜过太多所谓好学历的人了....,0,1,上海,0,1776846429000,2026-04-22T16:27:09,63e23bc90000000026013e8f,momo,你接的这offer已经胜过太多所谓好学历的人了....,0
69e5be8a000000001401e801,69e08568000000002200c0ce,,,,这不是挺好的嘛[石化R],0,1,吉林,0,1776664202000,2026-04-20T13:50:02,5f0bccbb0000000001006fd2,檐下芋头圆,这不是挺好的嘛[石化R],0
69e08701000000001401c822,69e08568000000002200c0ce,,,,有offer就不错了，我到现在还在焦急等待拼多多二面反馈，要是凉了我也是两手空空,0,1,安徽,0,1776322306000,2026-04-16T14:51:46,5fb39465000000000101e726,历史学去死好吗,有offer就不错了，我到现在还在焦急等待拼多多二面反馈，要是凉了我也是两手空空,0
69e84fbc000000001401c819,69e08568000000002200c0ce,,,,真挺好的了双9也卷不进去你这个岗,3,1,湖南,0,1776832445000,2026-04-22T12:34:05,5a4f09ece8ac2b692a6345dc,奶豆儿,真挺好的了双9也卷不进去你这个岗,0
69e82fcf0000000014018005,69e08568000000002200c0ce,,,,这还不好吗 ,0,7,浙江,-2,1776824272000,2026-04-22T10:17:52,5c5ea8ba000000001103ee6f,miooo,这还不好吗,0
69e8897e000000001401cc15,69e08568000000002200c0ce,,,69e8865d000000001401c405,好的[合十R],0,0,辽宁,0,1776847230000,2026-04-22T16:40:30,64146e290000000011020c33,emo的momo,好的[合十R],0
69e5c204000000001401c819,69e08568000000002200c0ce,,,69e5be8a000000001401e801,主要还是考虑它是私募 虽然规模不错,1,0,河北,0,1776665093000,2026-04-20T14:04:53,64146e290000000011020c33,emo的momo,主要还是考虑它是私募 虽然规模不错,0
69e087c5000000001401bc00,69e08568000000002200c0ce,,,69e08701000000001401c822,加油，找工作太艰难了,1,0,辽宁,0,1776322501000,2026-04-16T14:55:01,64146e290000000011020c33,emo的momo,加油，找工作太艰难了,0
69e85f46000000001401b808,69e08568000000002200c0ce,,,69e84fbc000000001401c819,好的[合十R],0,0,辽宁,0,1776836422000,2026-04-22T13:40:22,64146e290000000011020c33,emo的momo,好的[合十R],0
69e8301d000000001401b818,69e08568000000002200c0ce,,,69e82fcf0000000014018005,毕竟是私募哈哈,0,0,辽宁,0,1776824350000,2026-04-22T10:19:10,64146e290000000011020c33,emo的momo,毕竟是私募哈哈,0
68696552000000002000fe6c,68693ab800000000120177f4,,,,14k还回？是急着回来享受外卖补贴？,150,9,上海,0,1751737682000,2025-07-06T01:48:02,5f81c18a00000000010021da,lllllllll,14k还回？是急着回来享受外卖补贴？,0
686a5945000000001e01b2da,68693ab800000000120177f4,,,,刚还刷到个应届生想在上海找个能提供50平以上单人宿舍的工作..没事儿，继续找吧[点赞R],3,1,上海,0,1751800133000,2025-07-06T19:08:53,61de3d6b0000000010008e3c,Gengar,刚还刷到个应届生想在上海找个能提供50平以上单人宿舍的工作..没事儿，继续找吧[点赞R],0
6869d74900000000200117e4,68693ab800000000120177f4,,,,14k应届至少中上水平的应届base，国内就这环境,42,0,北京,0,1751766857000,2025-07-06T09:54:17,61fcaa130000000021022298,金融街首席美食研究员,14k应届至少中上水平的应届base，国内就这环境,0
688a29b8000000002b01bf3d,68693ab800000000120177f4,,,,别说现在了，前几年行情好的时候也就这么点钱啊。。。,1,0,辽宁,0,1753885112000,2025-07-30T22:18:32,5c5daa95000000001a02baa1,tsunami,别说现在了，前几年行情好的时候也就这么点钱啊。。。,0
686a966c0000000011019ac9,68693ab800000000120177f4,,,,买方应届入行这个base已经不错了，评论区是不食人间烟火吗？[鄙视R][鄙视R][鄙视R],15,0,上海,0,1751815788000,2025-07-06T23:29:48,5e4504100000000001009d7d,芒mang,买方应届入行这个base已经不错了，评论区是不食人间烟火吗？[鄙视R][鄙视R][鄙视R],0
686a89150000000004018e30,68693ab800000000120177f4,,,,读博吧,1,0,上海,0,1751812374000,2025-07-06T22:32:54,5d67510400000000010049df,ZH爱吃超级辣,读博吧,0
6869e76d000000001100f17f,68693ab800000000120177f4,,,,信用还有啥好研究的啊[doge],10,0,上海,0,1751770989000,2025-07-06T11:03:09,5e8f129c0000000001003d74,我有猫！我有狗！,信用还有啥好研究的啊[doge],0
687736650000000006005aa3,68693ab800000000120177f4,,,,1.4如果能有年终那还是可以的，没有就另说了[呃R],0,0,云南,0,1752643173000,2025-07-16T13:19:33,5fe2e8220000000001007e43,moyes,1.4如果能有年终那还是可以的，没有就另说了[呃R],0
68734927000000000400dfca,68693ab800000000120177f4,,,,读博也很辛苦的[哭惹R],0,0,江苏,0,1752385831000,2025-07-13T13:50:31,5d0514850000000011018b87,艾伦星甜甜的辣,读博也很辛苦的[哭惹R],0
688030a40000000002006ad5,68693ab800000000120177f4,,,,读博士啊,0,0,广东,0,1753231524000,2025-07-23T08:45:24,6052b96a0000000001000673,喵🐱,读博士啊,0
6869b0ae000000000602c60c,68693ab800000000120177f4,,,68696552000000002000fe6c,不过有一说一最近外卖补贴是真的不错[哇R],53,0,上海,0,1751756975000,2025-07-06T07:09:35,627f630b0000000021023629,略略略,不过有一说一最近外卖补贴是真的不错[哇R],0
687ed5e2000000000900fec3,68693ab800000000120177f4,,,686a5945000000001e01b2da,[doge]这种月base得4000-了吧,0,0,上海,0,1753142754000,2025-07-22T08:05:54,650f1e0500000000170217b5,ForestAFire,[doge]这种月base得4000-了吧,0
687792da000000000c017bf6,68693ab800000000120177f4,,,,14k本科进四大也差不多[笑哭R],0,0,福建,0,1752666842000,2025-07-16T19:54:02,63dbc4500000000026004290,poainagsg,14k本科进四大也差不多[笑哭R],0
68790d30000000001100feab,68693ab800000000120177f4,,,,14k我双非本+qs100硕都能拿到，这个bg不值吧[笑哭R],1,0,英国,0,1752763696000,2025-07-17T22:48:16,668d1c880000000003030648,momo,14k我双非本+qs100硕都能拿到，这个bg不值吧[笑哭R],0
68694ef4000000000c0141aa,68693ab800000000120177f4,,,,留美读博吧...,18,0,上海,0,1751731956000,2025-07-06T00:12:36,56f602af4775a7107a636fd1,腻腻,留美读博吧...,0
686f43a40000000004015d91,68693ab800000000120177f4,,,,信用算了[笑哭R],0,0,上海,0,1752122276000,2025-07-10T12:37:56,66bb576b000000001d022994,Careerrr,信用算了[笑哭R],0
68693f93000000002000e9a2,68693ab800000000120177f4,,,,确实很好了[赞R],2,0,北京,0,1751728020000,2025-07-05T23:07:00,584a1be66a6a697d53fc06f9,老石人,确实很好了[赞R],0
686aac15000000000c027c82,68693ab800000000120177f4,,,,读博吧 人家双非都不少2w的[捂脸R] 到时候肯定心态不好了,1,0,上海,0,1751821334000,2025-07-07T01:02:14,630b980f00000000120023cc,小当家,读博吧 人家双非都不少2w的[捂脸R] 到时候肯定心态不好了,0
686d262b0000000015003b7f,68693ab800000000120177f4,,,,信用研究算了,3,0,中国香港,0,1751983660000,2025-07-08T22:07:40,604c299e000000000100bd4a,momo5,信用研究算了,0
687e18680000000002004e2a,68693ab800000000120177f4,,,,这孩子认知停留在哪年啊[doge],0,0,上海,0,1753094249000,2025-07-21T18:37:29,639d7158000000002702a527,茄茄qq,这孩子认知停留在哪年啊[doge],0
686a08fa000000000401af4e,68693ab800000000120177f4,,,,不错啦，之前公墓给我开9K呢[笑哭R],1,0,北京,0,1751779579000,2025-07-06T13:26:19,5f7018c6000000000100717b,dede,不错啦，之前公墓给我开9K呢[笑哭R],0
686f5551000000000400e7e0,68693ab800000000120177f4,,,,感觉是 JHU 的吧，也就美国的学校JHU把自己叫做QS前30…像是Yale UCB 普林斯顿都恨不得把自己学校写脸上，985去JHU 读经济，在中国的就业市场，真不算是往上读吧，最多算是平读[笑哭R],6,0,加拿大,0,1752126802000,2025-07-10T13:53:22,635dc9920000000018028b17,7911,感觉是 JHU 的吧，也就美国的学校JHU把自己叫做QS前30…像是Yale UCB 普林斯顿都恨不得把自己学校写脸上，985去JHU 读经济，在中国的就业市场，真不算是往上读吧，最多算是平读[笑哭R],0
686a22fc000000001100e032,68693ab800000000120177f4,,,,别活在过去金融行业辉煌幻世里,11,0,广东,0,1751786237000,2025-07-06T15:17:17,57ca67405e87e75de982f14a,好又可以冲了,别活在过去金融行业辉煌幻世里,0
68694449000000002000c5d1,68693ab800000000120177f4,,,,买方base这个价格很正常呀,5,0,江苏,0,1751729226000,2025-07-05T23:27:06,597d745e6a6a6966816403f3,椰林宾治Gym Bunnie,买方base这个价格很正常呀,0
6869c6c7000000000c01675d,68693ab800000000120177f4,,,,还没银行客户经理高,15,0,广东,3,1751762632000,2025-07-06T08:43:52,6833beba000000000601e116,mama,还没银行客户经理高,0
6869634c000000000400d2bb,68693ab800000000120177f4,,,,很好了[doge],1,0,上海,0,1751737164000,2025-07-06T01:39:24,6012c205000000000100001f,花店momo,很好了[doge],0
687cdb5700000000110197e9,68693ab800000000120177f4,,,,@loveShyvana,0,0,上海,0,1753013080000,2025-07-20T20:04:40,5b3356e34eacab2aca05bc9d,Re_,@loveShyvana,0
687c565f000000001100d224,68693ab800000000120177f4,,,,@老面馒头 你到的了14k吗你,0,0,澳大利亚,0,1752979040000,2025-07-20T10:37:20,5fc27a23000000000101f7df,mono,@老面馒头 你到的了14k吗你,0
686b8923000000002002db60,68693ab800000000120177f4,,,,这两年市场薪资行情下这不是很正常?你以为是互联网啊。[偷笑R],2,0,湖北,-2,1751877924000,2025-07-07T16:45:24,61552fd5000000000201c6c6,小红薯615693D3,这两年市场薪资行情下这不是很正常?你以为是互联网啊。[偷笑R],0
68a1d7950000000026034838,68a1cc83000000001d005a55,,,,现在8月份应该每天会议纪要吧[捂脸R] 纯牛马工作,13,9,上海,0,1755436950000,2025-08-17T21:22:30,661a77470000000007004d32,半导体星球,现在8月份应该每天会议纪要吧[捂脸R] 纯牛马工作,0
68a1db53000000002700191f,68a1cc83000000001d005a55,,,,请问你觉得行研实习做多久就够学到所有有含金量的东西，以及你打算做多久呀,0,2,广东,0,1755437908000,2025-08-17T21:38:28,5b9472f421693800017c3a72,才起来懒得吃,请问你觉得行研实习做多久就够学到所有有含金量的东西，以及你打算做多久呀,0
68a1d18d0000000030028d8f,68a1cc83000000001d005a55,,,,药学怎么想不开干金融[笑哭R],0,2,北京,0,1755435405000,2025-08-17T20:56:45,600829370000000001007443,落下的弦,药学怎么想不开干金融[笑哭R],0
68a1d4cf0000000030021c27,68a1cc83000000001d005a55,,,,这也太厉害了[失望R]，实习科研两手都要抓，还是实验学科，能搞定导师，实习还是转向金融[飞吻R],2,3,北京,0,1755436239000,2025-08-17T21:10:39,65385bfd000000000301d5a5,环颈鸻,这也太厉害了[失望R]，实习科研两手都要抓，还是实验学科，能搞定导师，实习还是转向金融[飞吻R],0
68a1da37000000003002b82c,68a1cc83000000001d005a55,,,,一个月没有让上手接触报告吗[叹气R],0,1,上海,0,1755437624000,2025-08-17T21:33:44,5fa367d10000000001007128,一粒星轨,一个月没有让上手接触报告吗[叹气R],0
68a3f5820000000030025152,68a1cc83000000001d005a55,,,,"你应该一个星期祛魅的[doge]实际上一个月剩下3周不也是在重复第一周的工作罢了",5,0,北京,0,1755575682000,2025-08-19T11:54:42,6086dcbb0000000001003af1,Doublelift,你应该一个星期祛魅的[doge] 实际上一个月剩下3周不也是在重复第一周的工作罢了,0
68a2abdb0000000030004ba3,68a1cc83000000001d005a55,,,,你是做医药行研实习的，问问你们创新药带教研究员今年赚了多少钱（真实收入，不是工资收入），你就不会祛魅了[坏笑R],1,1,广东,0,1755491291000,2025-08-18T12:28:11,664a031000000000030315db,Hsu Chung-en,你是做医药行研实习的，问问你们创新药带教研究员今年赚了多少钱（真实收入，不是工资收入），你就不会祛魅了[坏笑R],0
68a1da86000000003001646c,68a1cc83000000001d005a55,,,,srds光做个行研就祛魅...,0,1,安徽,0,1755437703000,2025-08-17T21:35:03,611be7670000000001003705,mmx,srds光做个行研就祛魅...,0
68a822f80000000027000fe7,68a1cc83000000001d005a55,,,,坏了，让你做到真行研了[偷笑R],1,0,重庆,0,1755849465000,2025-08-22T15:57:45,5e63b85100000000010081b6,卖女孩的小火柴,坏了，让你做到真行研了[偷笑R],0
68a67a8c0000000030012c24,68a1cc83000000001d005a55,,,,软广...,0,0,上海,0,1755740813000,2025-08-21T09:46:53,61755b370000000002024dea,性感堵狗,软广...,0
68a1d7cf0000000030010ef4,68a1cc83000000001d005a55,,,68a1d7950000000026034838,强推那两个软件，大大节省时间及效率！,3,0,浙江,0,1755437008000,2025-08-17T21:23:28,5d39fc33000000001001e99e,Up,强推那两个软件，大大节省时间及效率！,0
68a1de24000000003001a100,68a1cc83000000001d005a55,,,68a1db53000000002700191f,我感觉得看带教[皱眉R][皱眉R]，得和带教沟通一下，希望能有所产出,3,0,浙江,0,1755438628000,2025-08-17T21:50:28,5d39fc33000000001001e99e,Up,我感觉得看带教[皱眉R][皱眉R]，得和带教沟通一下，希望能有所产出,0
68a1d296000000003000580c,68a1cc83000000001d005a55,,,68a1d18d0000000030028d8f,入行前：金融人都是穿着西装出入高楼的精英白领，比我们实验鼠强太多了,6,0,上海,0,1755435671000,2025-08-17T21:01:11,5d39fc33000000001001e99e,Up,入行前：金融人都是穿着西装出入高楼的精英白领，比我们实验鼠强太多了,0
68a1d82000000000300129e5,68a1cc83000000001d005a55,,,68a1d4cf0000000030021c27,其中心酸苦的无法言说[皱眉R][皱眉R][皱眉R],5,0,浙江,0,1755437088000,2025-08-17T21:24:48,5d39fc33000000001001e99e,Up,其中心酸苦的无法言说[皱眉R][皱眉R][皱眉R],0
68a1ddcc00000000300169e2,68a1cc83000000001d005a55,,,68a1da37000000003002b82c,还没写完呢,0,0,浙江,0,1755438540000,2025-08-17T21:49:00,5d39fc33000000001001e99e,Up,还没写完呢,0
694b9706000000000e034fc5,68a1cc83000000001d005a55,,,68a2abdb0000000030004ba3,做创新药的投行研究很赚钱吗[doge],0,0,上海,0,1766561543000,2025-12-24T15:32:23,5f2a65a00000000001006b11,么一奥Miao,做创新药的投行研究很赚钱吗[doge],0
68a1dde50000000030008b39,68a1cc83000000001d005a55,,,68a1da86000000003001646c,困难不会让我变得更好，只会打倒我[哭惹R],3,0,浙江,0,1755438566000,2025-08-17T21:49:26,5d39fc33000000001001e99e,Up,困难不会让我变得更好，只会打倒我[哭惹R],0
68a2039e0000000030033753,68a1cc83000000001d005a55,,,,会议纪要能不能直接把会议的所有内容丢ai里让它总结呀,0,0,甘肃,0,1755448222000,2025-08-18T00:30:22,5bb475737d87110001376131,汪啧一只灰,会议纪要能不能直接把会议的所有内容丢ai里让它总结呀,0
6954c69b000000000f027ad4,68a1cc83000000001d005a55,,,,这个视角 是不是cj啊哈哈,0,0,湖北,0,1767163548000,2025-12-31T14:45:48,66e2fdc0000000001e008ce4,麦一Mai,这个视角 是不是cj啊哈哈,0
69bcf2e1000000003002688e,68a1cc83000000001d005a55,,,,请问可以用ev录屏录制腾讯会议吗,0,0,北京,0,1773990625000,2026-03-20T15:10:25,574c2d125e87e7342c5ad271,oin-,请问可以用ev录屏录制腾讯会议吗,0
68a1fc7c0000000030015287,68a1cc83000000001d005a55,,,,看位置视角有点像，不会同是cj的uu吧[叹气R],0,0,上海,0,1755446397000,2025-08-17T23:59:57,670f22a8000000001d020a37,momo,看位置视角有点像，不会同是cj的uu吧[叹气R],0
68e8bbe90000000038030040,68a1cc83000000001d005a55,,,,线上行研怎么样啊[派对R],0,0,北京,0,1760082921000,2025-10-10T15:55:21,678098e8000000000801eca5,今晚要早睡,线上行研怎么样啊[派对R],0
68a317740000000030008b83,68a1cc83000000001d005a55,,,,后面可以试试去买方实习,0,0,浙江,0,1755518837000,2025-08-18T20:07:17,611e00f2000000002002d2c7,momo,后面可以试试去买方实习,0
68a2e0430000000030025b11,68a1cc83000000001d005a55,,,,谢谢你的经验啊啊啊啊,0,0,北京,0,1755504707000,2025-08-18T16:11:47,5f731c61000000000100aa33,氮氮三键,谢谢你的经验啊啊啊啊,0
68a1e755000000003000acde,68a1cc83000000001d005a55,,,,我三天就让我写深度[笑哭R],0,0,上海,0,1755440981000,2025-08-17T22:29:41,5ca877dc000000001003b01b,momo,我三天就让我写深度[笑哭R],0
68a56e1300000000300308a6,68a1cc83000000001d005a55,,,,秘塔AI的软广吗？,6,0,上海,0,1755672083000,2025-08-20T14:41:23,62ee9004000000001f00619a,momo,秘塔AI的软广吗？,0
68a1dc14000000002603443f,68a1cc83000000001d005a55,,,,太现实了我破防了、、、,0,0,上海,0,1755438100000,2025-08-17T21:41:40,5b0c13834eacab40da27d795,Yolandaaaa,太现实了我破防了、、、,0
698c5e4900000000080306ae,68a1cc83000000001d005a55,,,,很中肯的建议[偷笑R],0,0,辽宁,0,1770806858000,2026-02-11T18:47:38,630ec555000000000f004b4c,小红薯630FB1D3,很中肯的建议[偷笑R],0
68a208920000000027004885,68a1cc83000000001d005a55,,,,过于真实了我想说@ᅠᅠᅠ,0,2,广东,0,1755449491000,2025-08-18T00:51:31,6222c54b000000001000ad23,小红薯6223B9D0,过于真实了我想说@ᅠᅠᅠ,0
68a2968e000000003001e0e3,68a1cc83000000001d005a55,,,68a208920000000027004885,怎么是医药转行[石化R],0,0,湖北,0,1755485838000,2025-08-18T10:57:18,605dcd1e00000000010097ce,ᅠᅠᅠ,怎么是医药转行[石化R],0
678a3ea4000000002103c5ea,678a2c990000000019011ee0,,,,uu们公众号上搜一下可以找到的,38,20,上海,0,1737113252000,2025-01-17T19:27:32,56c01a8f84edcd393bc2ff72,佩帕泰格,uu们公众号上搜一下可以找到的,0
678ab0760000000022003e64,678a2c990000000019011ee0,,,,真想偷一本,0,3,广东,0,1737142390000,2025-01-18T03:33:10,5a76aed211be1042c2805857,可乐,真想偷一本,0
678c93ee000000001a039d54,678a2c990000000019011ee0,,,,固收是卖方标杆,1,1,上海,0,1737266158000,2025-01-19T13:55:58,673212b7000000001d02d303,全球宏观与全球金融市场,固收是卖方标杆,0
678b0bb0000000001b03f5db,678a2c990000000019011ee0,,,,求电子版,0,1,江苏,0,1737165744000,2025-01-18T10:02:24,5c981e64000000001201b8eb,ᅠᅠᅠ,求电子版,0
678b0fd20000000022006398,678a2c990000000019011ee0,,,,这书肯定也是前面的苦逼实习生做的[偷笑R],19,1,浙江,0,1737166802000,2025-01-18T10:20:02,5b1b9681f7e8b97efd2e7301,冰阔落不加冰,这书肯定也是前面的苦逼实习生做的[偷笑R],0
678a837f000000002101aa1c,678a2c990000000019011ee0,,,,想问除了固收组其他组有类似的宝典吗？,0,1,江苏,0,1737130879000,2025-01-18T00:21:19,648751180000000025036ce5,momo,想问除了固收组其他组有类似的宝典吗？,0
678a7ea8000000001b01cfff,678a2c990000000019011ee0,,,,年年都有这纸质版书发给一些机构[笑哭R],1,2,北京,3,1737129641000,2025-01-18T00:00:41,584c148250c4b41b1d6eeb9e,hdcvhhg,年年都有这纸质版书发给一些机构[笑哭R],0
678a322c0000000022009493,678a2c990000000019011ee0,,,,这玩意有电子版吗[笑哭R]想要[赞R],1,1,广东,0,1737110061000,2025-01-17T18:34:21,60f8d34a0000000001006390,Fengggg,这玩意有电子版吗[笑哭R]想要[赞R],0
6792611d0000000021033849,678a2c990000000019011ee0,,,,十年前的材料还要发吗？[失望R],8,0,上海,0,1737646365000,2025-01-23T23:32:45,5c799e060000000018038461,小红猪在小红📕,十年前的材料还要发吗？[失望R],0
678a2fc100000000210340cd,678a2c990000000019011ee0,,,,优秀[哇R],0,0,广东,0,1737109442000,2025-01-17T18:24:02,6080ed15000000000100bcd0,洞穴之外的柏拉图,优秀[哇R],0
678cc2b6000000002200432b,678a2c990000000019011ee0,,,678a3ea4000000002103c5ea,[哇R][哇R],3,0,上海,0,1737278135000,2025-01-19T17:15:35,5d1770d3000000001003e8f5,是丽丽子呀,[哇R][哇R],0
678cc2c1000000002200483c,678a2c990000000019011ee0,,,678ab0760000000022003e64,我也想[doge],0,0,上海,0,1737278146000,2025-01-19T17:15:46,5d1770d3000000001003e8f5,是丽丽子呀,我也想[doge],0
678cc2a30000000022007a94,678a2c990000000019011ee0,,,678c93ee000000001a039d54,真的吗[doge],1,0,上海,0,1737278116000,2025-01-19T17:15:16,5d1770d3000000001003e8f5,是丽丽子呀,真的吗[doge],0
678b205e00000000220069e1,678a2c990000000019011ee0,,,678b0bb0000000001b03f5db,我没有[哭惹R],0,0,上海,0,1737171038000,2025-01-18T11:30:38,5d1770d3000000001003e8f5,是丽丽子呀,我没有[哭惹R],0
678b1a3a000000002103ed79,678a2c990000000019011ee0,,,678b0fd20000000022006398,[偷笑R]对的 图表各种都宛如艺术品,4,0,上海,0,1737169467000,2025-01-18T11:04:27,5d1770d3000000001003e8f5,是丽丽子呀,[偷笑R]对的 图表各种都宛如艺术品,0
678b1a47000000002200ac23,678a2c990000000019011ee0,,,678a837f000000002101aa1c,这个我不清楚 [哭惹R],0,0,上海,0,1737169480000,2025-01-18T11:04:40,5d1770d3000000001003e8f5,是丽丽子呀,这个我不清楚 [哭惹R],0
678b1a590000000022004068,678a2c990000000019011ee0,,,678a7ea8000000001b01cfff,[哭惹R][哭惹R]对实习生来说太有用了,0,0,上海,0,1737169498000,2025-01-18T11:04:58,5d1770d3000000001003e8f5,是丽丽子呀,[哭惹R][哭惹R]对实习生来说太有用了,0
678cc2900000000022009347,678a2c990000000019011ee0,,,678a322c0000000022009493,我没有 [哭惹R],0,0,上海,0,1737278096000,2025-01-19T17:14:56,5d1770d3000000001003e8f5,是丽丽子呀,我没有 [哭惹R],0
678b6df10000000021033032,678a2c990000000019011ee0,,,,求分享！,0,0,北京,0,1737190898000,2025-01-18T17:01:38,5b07f9c94eacab5da26025d4,耶耶,求分享！,0
679df70a000000002101e0ae,678a2c990000000019011ee0,,,,这本书是啥呀 封面是怎么样的,0,0,福建,0,1738405643000,2025-02-01T18:27:23,56645eb6cb35fb21debde0eb,masson,这本书是啥呀 封面是怎么样的,0
678a5286000000001b031bd2,678a2c990000000019011ee0,,,,蹲蹲可以分享吗,0,0,北京,0,1737118342000,2025-01-17T20:52:22,5cbc24ed0000000012023f99,可能R,蹲蹲可以分享吗,0
678b2906000000002200cc93,678a2c990000000019011ee0,,,,求电子版,0,0,江苏,0,1737173255000,2025-01-18T12:07:35,5572a4ec3397db0c320ce1b0,jessie,求电子版,0
678a3aac000000002200631d,678a2c990000000019011ee0,,,,蹲蹲可以分享嘛[偷笑R][派对R],0,0,上海,0,1737112236000,2025-01-17T19:10:36,60c726160000000001006851,树,蹲蹲可以分享嘛[偷笑R][派对R],0
68f9b13d0000000038013867,678a2c990000000019011ee0,,,,求面经,0,0,北京,0,1761194302000,2025-10-23T12:38:22,5c4d384100000000120358b1,眉眼如初.,求面经,0
678a43d400000000220012fb,678a2c990000000019011ee0,,,,求电子版,0,0,上海,0,1737114580000,2025-01-17T19:49:40,644b5e7b0000000029015fca,小红薯644C706F,求电子版,0
678be357000000001a03aafb,678a2c990000000019011ee0,,,,我当时在保利也注意到这本书，一直想看，没时间看，后面实习就结束了,1,0,四川,0,1737220951000,2025-01-19T01:22:31,5d3db902000000001202f033,田小麦,我当时在保利也注意到这本书，一直想看，没时间看，后面实习就结束了,0
67aa05fe0000000016014e83,678a2c990000000019011ee0,,,,公众号搜索什么呀,0,0,上海,0,1739195903000,2025-02-10T21:58:23,639af9c800000000260063cf,meetaer,公众号搜索什么呀,0
678b28e200000000220047c1,678a2c990000000019011ee0,,,,求电子版[微笑R],0,0,江苏,0,1737173218000,2025-01-18T12:06:58,5572a4ec3397db0c320ce1b0,jessie,求电子版[微笑R],0
678a4d0e0000000021036337,678a2c990000000019011ee0,,,,求分享电子版[自拍R],0,0,四川,0,1737116942000,2025-01-17T20:29:02,601cec6d000000000100384b,Luc,求分享电子版[自拍R],0
678a39d4000000002200e62a,678a2c990000000019011ee0,,,,蹲蹲可以分享吗,0,0,北京,0,1737112020000,2025-01-17T19:07:00,5b474cbb11be106db35cb938,momo,蹲蹲可以分享吗,0
678a4aef000000002200d0db,678a2c990000000019011ee0,,,,求分享电子版[加油R][加油R][加油R],1,0,上海,0,1737116400000,2025-01-17T20:20:00,59f07e46e8ac2b3a3c139d76,CandiceTing,求分享电子版[加油R][加油R][加油R],0
678a3883000000001b03f01c,678a2c990000000019011ee0,,,,有电子版吗[飞吻R]想要[飞吻R],0,0,上海,0,1737111683000,2025-01-17T19:01:23,54832807d6e4a91b71c92e56,高头宝宝,有电子版吗[飞吻R]想要[飞吻R],0
68493e99000000000d0175c6,678a2c990000000019011ee0,,,,@深渊,0,0,上海,0,1749630617000,2025-06-11T16:30:17,6071a4040000000001001c8c,砧骨incus,@深渊,0
678e2c3a000000001b0325e1,678a2c990000000019011ee0,,,,@我家阿芳,0,1,上海,0,1737370683000,2025-01-20T18:58:03,55e31b05e4b1cf5924d9e436,Linnn,@我家阿芳,0
682ec94000000000090165aa,678a2c990000000019011ee0,,,,这本固收宝典确实贴心！建议实操时多关注风险预算，就像旅行前规划路线，能帮你在资产配置时更游刃有余～,0,0,上海,-2,1747896640000,2025-05-22T14:50:40,64aab585000000001f0054b6,量化捕手,这本固收宝典确实贴心！建议实操时多关注风险预算，就像旅行前规划路线，能帮你在资产配置时更游刃有余～,0
678e2f1d000000000a02c029,678a2c990000000019011ee0,,,678e2c3a000000001b0325e1,..你要看吗我有,0,0,上海,-2,1737371422000,2025-01-20T19:10:22,5fcdc65100000000010044cc,我家阿芳阿兔,..你要看吗我有,0
6691e58600000000090168c5,6691e51d0000000025001630,,,,你说得太对了，行研实习是我实习里面最累的一段[哭惹R],33,6,上海,3,1720837511000,2024-07-13T10:25:11,6512421200000000230244dd,outlier,你说得太对了，行研实习是我实习里面最累的一段[哭惹R],0
66955604000000000901644e,6691e51d0000000025001630,,,,如果是和帅哥我勉强可以接受，和电脑我只能说拒绝[石化R],3,3,北京,0,1721062917000,2024-07-16T01:01:57,657f1885000000003d028f34,用户已注销,如果是和帅哥我勉强可以接受，和电脑我只能说拒绝[石化R],0
6691e7b70000000018028b5a,6691e51d0000000025001630,,,,[笑哭R][笑哭R]这就是[失望R][失望R]水行研和不水的区别吗,2,1,澳大利亚,0,1720838072000,2024-07-13T10:34:32,5f1ac69800000000010043cd,😭😭😭,[笑哭R][笑哭R]这就是[失望R][失望R]水行研和不水的区别吗,0
6699fdb6000000002601f0b8,6691e51d0000000025001630,,,,滴，您的倒霉同事已到账[哭惹R],6,2,吉林,0,1721367990000,2024-07-19T13:46:30,642714d100000000120126f8,一粒米,滴，您的倒霉同事已到账[哭惹R],0
680d1964000000000400b2ae,6691e51d0000000025001630,,,,你说我为什么这个点刷到你了[哭惹R][哭惹R][哭惹R],0,1,北京,0,1745688933000,2025-04-27T01:35:33,6183551c0000000010007dcd,tlvvv..,你说我为什么这个点刷到你了[哭惹R][哭惹R][哭惹R],0
678f9df4000000000a019ba1,6691e51d0000000025001630,,,,哈哈哈这个好搞笑[笑哭R][笑哭R][笑哭R],0,1,浙江,0,1737465332000,2025-01-21T21:15:32,5b8d5c9acb86550001499a74,🍁可乐要加盐゜,哈哈哈这个好搞笑[笑哭R][笑哭R][笑哭R],0
669785f6000000000503335d,6691e51d0000000025001630,,,,但是你这个本硕没必要做这个实习吧  纯纯自己找罪收啊  做些能入职的实习,0,2,广东,0,1721206262000,2024-07-17T16:51:02,622c02c00000000010006fa8,小猪爱赚钱！,但是你这个本硕没必要做这个实习吧 纯纯自己找罪收啊 做些能入职的实习,0
66921734000000002300f594,6691e51d0000000025001630,,,,感觉最累的还是因为一件事情没处理完 心悬着 休息的时候也很累[哭惹R],6,1,浙江,0,1720850228000,2024-07-13T13:57:08,63b4d953000000002702947c,热奶宝吃不够,感觉最累的还是因为一件事情没处理完 心悬着 休息的时候也很累[哭惹R],0
6691e6e10000000016025bd4,6691e51d0000000025001630,,,,每天无比心累,0,1,山东,0,1720837858000,2024-07-13T10:30:58,606e91740000000001008624,kikikirarara,每天无比心累,0
669228e70000000015008e68,6691e51d0000000025001630,,,,毕业晚会我笑死了哥，你干活我甩荧光棒,2,1,浙江,0,1720854759000,2024-07-13T15:12:39,5f114f6e00000000010078df,无滤镜骨头,毕业晚会我笑死了哥，你干活我甩荧光棒,0
6691e72d00000000050387f6,6691e51d0000000025001630,,,6691e58600000000090168c5,免费的牛马，还要经受身心的摧残[捂脸R],18,0,福建,0,1720837933000,2024-07-13T10:32:13,657ae7d70000000020033d5f,再打一针内啡肽,免费的牛马，还要经受身心的摧残[捂脸R],0
66962c0c0000000005020182,6691e51d0000000025001630,,,66955604000000000901644e,?[doge][doge],0,0,山东,0,1721117708000,2024-07-16T16:15:08,6349806e000000001802848e,momo,?[doge][doge],0
6691e9430000000009016423,6691e51d0000000025001630,,,6691e7b70000000018028b5a,带教比较严格，我自己也想认真负责一点，所以就开始随地大小干了[捂脸R],0,0,福建,0,1720838468000,2024-07-13T10:41:08,657ae7d70000000020033d5f,再打一针内啡肽,带教比较严格，我自己也想认真负责一点，所以就开始随地大小干了[捂脸R],0
6699fdf0000000000901776e,6691e51d0000000025001630,,,6699fdb6000000002601f0b8,祝优秀同事以后事事顺心[哭惹R],0,0,内蒙古,0,1721368049000,2024-07-19T13:47:29,657ae7d70000000020033d5f,再打一针内啡肽,祝优秀同事以后事事顺心[哭惹R],0
680deba0000000001f00b6bd,6691e51d0000000025001630,,,680d1964000000000400b2ae,好家伙，这是真的辛苦了[石化R],0,0,陕西,0,1745742752000,2025-04-27T16:32:32,657ae7d70000000020033d5f,再打一针内啡肽,好家伙，这是真的辛苦了[石化R],0
678f9e2b000000000a02e35c,6691e51d0000000025001630,,,678f9df4000000000a019ba1,全是真实全部有效全部没毛病[石化R],0,0,内蒙古,0,1737465387000,2025-01-21T21:16:27,657ae7d70000000020033d5f,再打一针内啡肽,全是真实全部有效全部没毛病[石化R],0
6698a0b10000000009014b34,6691e51d0000000025001630,,,669785f6000000000503335d,这不是双非本硕吗,0,0,山东,0,1721278642000,2024-07-18T12:57:22,6261e84a0000000021020e7f,momo,这不是双非本硕吗,0
669222210000000005023049,6691e51d0000000025001630,,,66921734000000002300f594,没事，多磨练一段时间，变成职场老油子就好了[偷笑R],1,0,江西,0,1720853026000,2024-07-13T14:43:46,657ae7d70000000020033d5f,再打一针内啡肽,没事，多磨练一段时间，变成职场老油子就好了[偷笑R],0
6691e73e0000000005038e42,6691e51d0000000025001630,,,6691e6e10000000016025bd4,睡了[睡觉R],0,0,福建,0,1720837950000,2024-07-13T10:32:30,657ae7d70000000020033d5f,再打一针内啡肽,睡了[睡觉R],0
66923bb700000000090167e5,6691e51d0000000025001630,,,669228e70000000015008e68,我是真的谢[捂脸R],0,0,湖北,0,1720859575000,2024-07-13T16:32:55,657ae7d70000000020033d5f,再打一针内啡肽,我是真的谢[捂脸R],0
66947f000000000026003789,6691e51d0000000025001630,,,,研究所已经是夕阳中的夕阳产业了,1,0,上海,0,1721007872000,2024-07-15T09:44:32,5be829f13d92970001747be2,多喜,研究所已经是夕阳中的夕阳产业了,0
6691f02600000000150120a4,6691e51d0000000025001630,,,,券商粪坑早跳出早享福,2,0,浙江,0,1720840230000,2024-07-13T11:10:30,6052aa6600000000010061f7,早茶,券商粪坑早跳出早享福,0
6691f838000000001b011597,6691e51d0000000025001630,,,,火车站[黄金薯R]笑死,0,0,德国,0,1720842297000,2024-07-13T11:44:57,5f8b1542000000000101e314,kiuuu,火车站[黄金薯R]笑死,0
6691f2d0000000002300d0bb,6691e51d0000000025001630,,,,火车上真的，以前看别人在动车上工作都觉得是商业精英，结果自己经历了才知道都是牛马,27,0,福建,0,1720840913000,2024-07-13T11:21:53,5d0da68e00000000160337f5,momo,火车上真的，以前看别人在动车上工作都觉得是商业精英，结果自己经历了才知道都是牛马,0
669294390000000016025c7e,6691e51d0000000025001630,,,,哈哈哈哈,0,0,上海,0,1720882234000,2024-07-13T22:50:34,60707d4600000000010075ba,有鹿弓,哈哈哈哈,0
66926cbd000000001303dd61,6691e51d0000000025001630,,,,🐂🐴过后是超人🦸‍♂️,1,0,内蒙古,0,1720872125000,2024-07-13T20:02:05,5e3fd01f000000000100707f,倔强的 70后大姐,🐂🐴过后是超人🦸‍♂️,0
669e841c000000001500ae69,6691e51d0000000025001630,,,,我做过一段行研实习，记忆犹新[失望R],0,0,江苏,0,1721664540000,2024-07-23T00:09:00,60e96f26000000000101cddf,行迁,我做过一段行研实习，记忆犹新[失望R],0
67271f8b000000001b0366fd,6691e51d0000000025001630,,,,少了一个，在地铁干[害羞R],0,0,上海,0,1730617227000,2024-11-03T15:00:27,5ff2640d0000000001006e31,叫俺图爷爷,少了一个，在地铁干[害羞R],0
669600380000000005021647,6691e51d0000000025001630,,,,我证明没有夸张[偷笑R]所以我溜了,0,0,上海,0,1721106488000,2024-07-16T13:08:08,5bef831544363b135aa443fc,二项箔,我证明没有夸张[偷笑R]所以我溜了,0
69b06073000000000d0354fc,6691e51d0000000025001630,,,,大二的时候干行研是拿着电脑在路上狂奔，因为宿舍要关门了[笑哭R],0,0,河北,0,1773166708000,2026-03-11T02:18:28,5c5410f5000000001203b745,小瓶矿泉水,大二的时候干行研是拿着电脑在路上狂奔，因为宿舍要关门了[笑哭R],0
669214bd000000001303c266,6691e51d0000000025001630,,,,还能在医院干,0,0,上海,0,1720849597000,2024-07-13T13:46:37,5c5ae5ed0000000010007b34,芝士麦片,还能在医院干,0
66924fc200000000050201fb,6691e51d0000000025001630,,,,竟然没有在下班地铁上干[哭惹R],1,0,北京,0,1720864706000,2024-07-13T17:58:26,616bb5520000000002026fae,漫游梦境(._.),竟然没有在下班地铁上干[哭惹R],0
6693299a000000001802a20b,6691e51d0000000025001630,,,,你好牛,0,0,河南,0,1720920475000,2024-07-14T09:27:55,5b1a8ee6e8ac2b790e2406b9,Charming momo,你好牛,0
66925185000000002300d366,6691e51d0000000025001630,,,,这么拼[暗中观察R][暗中观察R][暗中观察R],0,0,北京,0,1720865157000,2024-07-13T18:05:57,5bb89baeef9a620001e73402,momo,这么拼[暗中观察R][暗中观察R][暗中观察R],0
669215d50000000005038443,6691e51d0000000025001630,,,,随地大小班,2,0,上海,0,1720849878000,2024-07-13T13:51:18,5b5c3cc6f7e8b91bddbae453,momo,随地大小班,0
6692777b00000000050227ea,6691e51d0000000025001630,,,,认真工作的学长最帅[赞R],0,0,辽宁,0,1720874875000,2024-07-13T20:47:55,5fb892f8000000000101f3eb,三钼,认真工作的学长最帅[赞R],0
6692098f000000002300c475,6691e51d0000000025001630,,,,在出租车上干 下车直接yue了 晕死了,0,0,上海,0,1720846736000,2024-07-13T12:58:56,5a79564f11be1036dff4d1ea,momo,在出租车上干 下车直接yue了 晕死了,0
6698d10400000000090146c5,6691e51d0000000025001630,,,,我也做过啊 哪有这么夸张[石化R],0,0,北京,3,1721291012000,2024-07-18T16:23:32,64cdb4cf000000000b00bc2b,我偏要管,我也做过啊 哪有这么夸张[石化R],0
669322f40000000005033886,6691e51d0000000025001630,,,,哥哥好努力，愧疚了,0,0,江西,0,1720918773000,2024-07-14T08:59:33,5fa67c050000000001004a26,小小八,哥哥好努力，愧疚了,0
669a92ba0000000004019f59,6691e51d0000000025001630,,,,深大南特学姐在此。。。,1,0,广东,0,1721406139000,2024-07-20T00:22:19,5c475202000000001003f3c0,小怪兽,深大南特学姐在此。。。,0
6696a0e7000000001501257e,6691e51d0000000025001630,,,,hhhh之前出去吃饭等上菜的时候掏出电脑工作[笑哭R][笑哭R],0,0,北京,0,1721147624000,2024-07-17T00:33:44,623fac60000000001000ee69,Vexeds,hhhh之前出去吃饭等上菜的时候掏出电脑工作[笑哭R][笑哭R],0
6697ae77000000000401a03e,6691e51d0000000025001630,,,,@momo之王 。。,0,1,浙江,0,1721216631000,2024-07-17T19:43:51,6158579c00000000020197e1,sasasa！,@momo之王 。。,0
66970ea1000000002301a605,6691e51d0000000025001630,,,,@加雷斯,1,0,四川,0,1721175713000,2024-07-17T08:21:53,6055b9ca0000000001006f91,雲起時,@加雷斯,0
6691eaad00000000050310c6,6691e51d0000000025001630,,,,照镜子,0,0,湖北,0,1720838830000,2024-07-13T10:47:10,63833017000000001f01a92b,好好考公吧,照镜子,0
6697b061000000001303d85e,6691e51d0000000025001630,,,6697ae77000000000401a03e,刷到过，可能觉得很酷[doge],0,0,上海,0,1721217121000,2024-07-17T19:52:01,61fd01d8000000001000a5ea,momo大王,刷到过，可能觉得很酷[doge],0
69fa924a000000002b027e63,69f2dd6a00000000350319b2,,,,建议2，1很快会被ai代替，个体户裁人很快，xq风评也一般,1,4,北京,0,1778029131000,2026-05-06T08:58:51,6024c9a4000000000101ef6c,冰镇可乐,建议2，1很快会被ai代替，个体户裁人很快，xq风评也一般,0
69f96d6b0000000028031b01,69f2dd6a00000000350319b2,,,,"稳字当头吧，我前司比你这个规模还大点，你看看我在干啥。前同事还去了一个500e的私募，天天跟我嗷嗷喊，流动性非常大，不是自己辞职。一边老员工不续签，一边开低价，找便宜好用的新员工。
公募跳私募还是很容易的，刚毕业就去私募有点亏[失望R][失望R][失望R]",2,8,江苏,0,1777954155000,2026-05-05T12:09:15,69743d03000000001d01e3e9,我是找阿姨的-全国可派,稳字当头吧，我前司比你这个规模还大点，你看看我在干啥。前同事还去了一个500e的私募，天天跟我嗷嗷喊，流动性非常大，不是自己辞职。一边老员工不续签，一边开低价，找便宜好用的新员工。 公募跳私募还是很容易的，刚毕业就去私募有点亏[失望R][失望R][失望R],0
69f2df3900000000280363df,69f2dd6a00000000350319b2,,,,站在2024年，你是选白酒里千亿的茅台，还是ai里的几十亿的中际旭创[偷笑R],8,5,北京,0,1777524538000,2026-04-30T12:48:58,5ff9154900000000010025e2,MomoQuant,站在2024年，你是选白酒里千亿的茅台，还是ai里的几十亿的中际旭创[偷笑R],0
69f30bd700000000270152a7,69f2dd6a00000000350319b2,,,,1是xq？,0,5,上海,0,1777535960000,2026-04-30T15:59:20,5fb1f9fc0000000001008b40,菲律宾疯女,1是xq？,0
69f2f650000000002b0281ed,69f2dd6a00000000350319b2,,,,要稳定就中后台，要干业务就前台。没有更好的说法，看你更需要什么。去中后台可能5年都是一个样，也可能被贵人发掘提拔平步青云，去私募可能5年倒闭，也可能开始管账户那到天价奖金直接财富自由。,16,0,北京,0,1777530448000,2026-04-30T14:27:28,61064143000000000100155c,控制箱,要稳定就中后台，要干业务就前台。没有更好的说法，看你更需要什么。去中后台可能5年都是一个样，也可能被贵人发掘提拔平步青云，去私募可能5年倒闭，也可能开始管账户那到天价奖金直接财富自由。,0
69f402b8000000002a02f3fa,69f2dd6a00000000350319b2,,,,这bg拿的offer都很好哇,3,1,广东,0,1777599161000,2026-05-01T09:32:41,5e76fccd0000000001003e41,momo,这bg拿的offer都很好哇,0
69fec3ca000000002a0338ed,69f2dd6a00000000350319b2,,,,末尾公募去啥啊,0,0,山东,0,1778303946000,2026-05-09T13:19:06,659aad6c0000000022013196,momo,末尾公募去啥啊,0
69f5dfcf000000002900fddd,69f2dd6a00000000350319b2,,,,N 大概 1.5 吗？，那第一个很高了呀,0,0,北京,0,1777721296000,2026-05-02T19:28:16,656583c9000000003c01cacd,哈哈,N 大概 1.5 吗？，那第一个很高了呀,0
69f31ea2000000002901bf1a,69f2dd6a00000000350319b2,,,,肯定百亿私募,1,0,上海,0,1777540770000,2026-04-30T17:19:30,5caee7c5000000001700d786,Jason,肯定百亿私募,0
69f4bc94000000002800b4bd,69f2dd6a00000000350319b2,,,,1是tt？,0,0,广东,0,1777646741000,2026-05-01T22:45:41,60d27b0c0000000001005f3a,叶桦宸,1是tt？,0
69fa9bac000000002800b983,69f2dd6a00000000350319b2,,,69fa924a000000002b027e63,但是2业绩归因会不会更早被ai代替呢，1毕竟是做前台，涉及一些基金和权益研究还有资产配置，会不会发展比2好一些,0,0,辽宁,0,1778031533000,2026-05-06T09:38:53,64146e290000000011020c33,emo的momo,但是2业绩归因会不会更早被ai代替呢，1毕竟是做前台，涉及一些基金和权益研究还有资产配置，会不会发展比2好一些,0
69f992d5000000002701c017,69f2dd6a00000000350319b2,,,69f96d6b0000000028031b01,啊为什么会这样呀[石化R],0,0,辽宁,0,1777963733000,2026-05-05T14:48:53,64146e290000000011020c33,emo的momo,啊为什么会这样呀[石化R],0
69f2e034000000002702fd03,69f2dd6a00000000350319b2,,,69f2df3900000000280363df,wow 大佬很一针见血呀哈哈 但是我还是在这纠结 都说公募平台更好 但是可能从💰的角度不如直接去私募前台投研？,4,0,山东,0,1777524789000,2026-04-30T12:53:09,64146e290000000011020c33,emo的momo,wow 大佬很一针见血呀哈哈 但是我还是在这纠结 都说公募平台更好 但是可能从💰的角度不如直接去私募前台投研？,0
69f30ef30000000029026d11,69f2dd6a00000000350319b2,,,69f30bd700000000270152a7,我也感觉[笑哭R],0,0,北京,0,1777536755000,2026-04-30T16:12:35,560dec6133f60c3266458807,Deborah,我也感觉[笑哭R],0
69f41d1e000000002702e8d1,69f2dd6a00000000350319b2,,,69f402b8000000002a02f3fa,可能实习比较多比较杂吧[笑哭R],0,0,山东,0,1777605919000,2026-05-01T11:25:19,64146e290000000011020c33,emo的momo,可能实习比较多比较杂吧[笑哭R],0
69f38b8a000000002702cc3d,69f2dd6a00000000350319b2,,,,前台压力很大的,0,0,北京,0,1777568651000,2026-05-01T01:04:11,66ec89cc000000001d021d69,小红薯6A0578B7,前台压力很大的,0
69f5df7a000000002803d920,69f2dd6a00000000350319b2,,,,在陈老师直播间看到你了，昨天连的麦[偷笑R],0,0,北京,0,1777721211000,2026-05-02T19:26:51,656583c9000000003c01cacd,哈哈,在陈老师直播间看到你了，昨天连的麦[偷笑R],0
69f7d8ca000000002a02fb86,69f2dd6a00000000350319b2,,,,这俩都一般,0,0,山东,0,1777850571000,2026-05-04T07:22:51,65d46b89000000000401e7e9,孙叔黍,这俩都一般,0
69facc45000000002b003163,69f2dd6a00000000350319b2,,,,投研共享么,0,0,广东,0,1778043974000,2026-05-06T13:06:14,5c1ca5ba000000000602e7e0,精神食粮,投研共享么,0
69f7c671000000002a026356,69f2dd6a00000000350319b2,,,,哪个上限高去哪个,0,0,德国,0,1777845874000,2026-05-04T06:04:34,5af71b7511be10204c15d6f0,今天多云,哪个上限高去哪个,0
69f31a36000000000d021c00,69f2dd6a00000000350319b2,,,,肯定不去这个业绩归因,0,0,中国香港,0,1777539638000,2026-04-30T17:00:38,5f291176000000000100373b,邪惡雞翅包飯,肯定不去这个业绩归因,0
69f33f77000000002b001a2a,69f2dd6a00000000350319b2,,,,干金融能去前台就去前台啊,0,0,广东,0,1777549175000,2026-04-30T19:39:35,594cb25f82ec39696e1bcf86,南曦🌻🌻,干金融能去前台就去前台啊,0
69f2e084000000002701774b,69f2dd6a00000000350319b2,,,,业绩归因有啥发展啊。。。,5,9,上海,-2,1777524869000,2026-04-30T12:54:29,65f2cc38000000000b033ff3,水蒸气,业绩归因有啥发展啊。。。,0
69f346e60000000029024de4,69f2dd6a00000000350319b2,,,,fof哪有百亿的[笑哭R],0,1,浙江,-2,1777551079000,2026-04-30T20:11:19,570f9b8caed7583c3fbcf0b8,kelly在路上,fof哪有百亿的[笑哭R],0
69f2e193000000002702a3e0,69f2dd6a00000000350319b2,,,69f2e084000000002701774b,HR和部门总给我画饼说能内部转前台的FOF研究[笑哭R],2,0,山东,0,1777525140000,2026-04-30T12:59:00,64146e290000000011020c33,emo的momo,HR和部门总给我画饼说能内部转前台的FOF研究[笑哭R],0
69f3671700000000270143f1,69f2dd6a00000000350319b2,,,69f346e60000000029024de4,不止fof一个产品 还有其他股 债 CTA 但是我的主要工作是做fof,0,0,山东,0,1777559319000,2026-04-30T22:28:39,64146e290000000011020c33,emo的momo,不止fof一个产品 还有其他股 债 CTA 但是我的主要工作是做fof,0
