comment_id,note_id,root_comment_id,parent_comment_id,target_comment_id,content,like_count,sub_comment_count,ip_location,status,create_time,create_time_iso,user_id,nickname,clean_content,keyword_hits
69f63a6d000000002701ec89,69f1bde6000000002301ece9,,,,中后台bar会不会低一点,0,6,北京,0,1777744493000,2026-05-03T01:54:53,66d1af91000000001d021005,小红薯66D209E3,中后台bar会不会低一点,0
69f1c06f000000002b0285e6,69f1bde6000000002301ece9,,,,以为是来串的,8,1,广东,0,1777451119000,2026-04-29T16:25:19,6852c7d4000000001d016502,企鹅nanako🐧,以为是来串的,0
6a040ad8000000002b025d95,69f1bde6000000002301ece9,,,,食堂存疑吧[doge]之前家人去北京某b培训我的天那伙食真的是一天四顿都自助 馋死我了,0,0,天津,0,1778649817000,2026-05-13T13:23:37,64604c9f000000001f0335f3,小红薯66666666,食堂存疑吧[doge]之前家人去北京某b培训我的天那伙食真的是一天四顿都自助 馋死我了,0
69fb24ac0000000028038da5,69f1bde6000000002301ece9,,,,嘉实基金笔试真题,0,0,北京,-2,1778066605000,2026-05-06T19:23:25,622b77bb00000000210247f6,华子小鱼（校招版）,嘉实基金笔试真题,0
69f6fbf5000000002803cc08,69f1bde6000000002301ece9,,,69f63a6d000000002701ec89,我参加过春招 中后台也很卷 因为公募很稳定 薪资也不错 所以很多也都清北人这些top,1,0,广东,0,1777794037000,2026-05-03T15:40:37,5e19f9870000000001001b5e,Breezy,我参加过春招 中后台也很卷 因为公募很稳定 薪资也不错 所以很多也都清北人这些top,0
69f1c0cd000000002b025bc8,69f1bde6000000002301ece9,,,69f1c06f000000002b0285e6,那就看串得像不像[doge],0,0,荷兰,0,1777451213000,2026-04-29T16:26:53,6126384f00000000010055c6,泰瑞不沃特（Sean版,那就看串得像不像[doge],0
662b73da00000000130252d8,662b71c8000000000401a68d,,,,怎么日常实习面试，都这么难呢,1,3,北京,0,1714123738000,2024-04-26T17:28:58,61c6d5a000000000100075d7,momo,怎么日常实习面试，都这么难呢,0
662b88e5000000001603aa57,662b71c8000000000401a68d,,,,你没找券商吗？券商很缺人,1,2,广东,0,1714129125000,2024-04-26T18:58:45,5d3706b10000000012035331,momo,你没找券商吗？券商很缺人,0
664bc07a000000001002b258,662b71c8000000000401a68d,,,,抓到一个学弟 不过我是sufe的[doge],0,2,江苏,0,1716240506000,2024-05-21T05:28:26,5be4543b03307c0001b2d3d8,momo,抓到一个学弟 不过我是sufe的[doge],0
662d3d48000000001603a501,662b71c8000000000401a68d,,,,请问什么bg,3,3,浙江,0,1714240840000,2024-04-28T02:00:40,5d4a6ba00000000016005f7c,三文鱼刺客,请问什么bg,0
662b7c33000000001603b82b,662b71c8000000000401a68d,,,,我之前面一家头部私募也失败了，但是和面试官也是这个岗位的mentor成为了很好的朋友，所以说面试失败不见得是坏事，成功与否，都是人生路上非常宝贵的借鉴，姐妹加油，未来一定会有更好的机会等着你！,4,1,北京,0,1714125875000,2024-04-26T18:04:35,6021313e0000000001008ace,Karl,我之前面一家头部私募也失败了，但是和面试官也是这个岗位的mentor成为了很好的朋友，所以说面试失败不见得是坏事，成功与否，都是人生路上非常宝贵的借鉴，姐妹加油，未来一定会有更好的机会等着你！,0
662bb9210000000016038000,662b71c8000000000401a68d,,,,哈哈哈，明显12A和12B前台[偷笑R],0,1,北京,0,1714141473000,2024-04-26T22:24:33,633bc1bb000000001802e53d,啥也不是,哈哈哈，明显12A和12B前台[偷笑R],0
662c08540000000013025e9b,662b71c8000000000401a68d,,,,哪个部门呀,1,1,北京,0,1714161748000,2024-04-27T04:02:28,5a635c024eacab56b3899e4e,我是陈俊生,哪个部门呀,0
69896ef2000000001d0087bc,662b71c8000000000401a68d,,,,请问这个地方的研发岗怎么样,0,0,北京,0,1770614515000,2026-02-09T13:21:55,6023f875000000000101f3f6,顾德ball,请问这个地方的研发岗怎么样,0
6643bfe500000000040181a6,662b71c8000000000401a68d,,,662b73da00000000130252d8,Js日常面试还要去线下面？,1,0,江苏,0,1715716070000,2024-05-15T03:47:50,626bdd780000000021023abc,Momo（爱小莎版）,Js日常面试还要去线下面？,0
662b95d50000000013024726,662b71c8000000000401a68d,,,662b88e5000000001603aa57,体验过了，26毕业，想多体验体验,0,0,北京,0,1714132437000,2024-04-26T19:53:57,61c6d5a000000000100075d7,momo,体验过了，26毕业，想多体验体验,0
664c11c6000000001c00de7c,662b71c8000000000401a68d,,,664bc07a000000001002b258,学长是毕业了吗,2,0,北京,0,1716261318000,2024-05-21T11:15:18,61c6d5a000000000100075d7,momo,学长是毕业了吗,0
663089270000000003014bd1,662b71c8000000000401a68d,,,662d8b1e000000001301ba50,好奇nau是啥学校[笑哭R],2,0,美国,0,1714456872000,2024-04-30T14:01:12,5bfc17b844363b37dd9bd53a,不愿透露姓名的黑色肯德基,好奇nau是啥学校[笑哭R],0
662b7c75000000001302402c,662b71c8000000000401a68d,,,662b7c33000000001603b82b,嗯嗯，感谢鼓励，后面继续投了[捂脸R],0,0,北京,0,1714125941000,2024-04-26T18:05:41,61c6d5a000000000100075d7,momo,嗯嗯，感谢鼓励，后面继续投了[捂脸R],0
662bba5600000000130253c7,662b71c8000000000401a68d,,,662bb9210000000016038000,被你发现了[doge],0,0,北京,0,1714141783000,2024-04-26T22:29:43,61c6d5a000000000100075d7,momo,被你发现了[doge],0
662c369a000000001302566c,662b71c8000000000401a68d,,,662c08540000000013025e9b,渠道销售,0,0,北京,0,1714173595000,2024-04-27T07:19:55,61c6d5a000000000100075d7,momo,渠道销售,0
69d6842b000000000c030c39,69c41804000000001a024491,,,,请问什么bg哇，我投了嘉实债交挂了[哭惹R],1,1,上海,0,1775666219000,2026-04-09T00:36:59,5f22e885000000000100294e,momo,请问什么bg哇，我投了嘉实债交挂了[哭惹R],0
69e1c77b000000001401e827,69c41804000000001a024491,,,,uu一面之后有消息吗,0,3,上海,0,1776404348000,2026-04-17T13:39:08,60c46f1b000000000101f160,momo,uu一面之后有消息吗,0
69c47e66000000002d0311fb,69c41804000000001a024491,,,,我今天也面了，有后续互相dd,0,5,英国,0,1774485094000,2026-03-26T08:31:34,69baf5930000000026001beb,momo,我今天也面了，有后续互相dd,0
69c47c93000000000f02ea49,69c41804000000001a024491,,,,你好 可以问一下笔试完大概多久出结果嘛,0,1,北京,0,1774484628000,2026-03-26T08:23:48,65d4a6c3000000000401d8a8,开胃山楂茶c,你好 可以问一下笔试完大概多久出结果嘛,0
69c468c50000000016015da9,69c41804000000001a024491,,,,哥哥好厉害[皱眉R],0,2,北京,0,1774479558000,2026-03-26T06:59:18,6151e4fa000000000201fb83,鲲,哥哥好厉害[皱眉R],0
69f483db000000002803182f,69c41804000000001a024491,,,,请问是拿到ofr了吗[皱眉R],0,0,新加坡,0,1777632220000,2026-05-01T18:43:40,600cc819000000000100ad39,嘎嘎嘎嘎,请问是拿到ofr了吗[皱眉R],0
69c466af000000000c03082e,69c41804000000001a024491,,,,礼貌问有做过什么实习,1,1,山东,0,1774479023000,2026-03-26T06:50:23,5f1eee1f0000000001001d1e,小momo,礼貌问有做过什么实习,0
69c4bd9a0000000002037e91,69c41804000000001a024491,,,,没消息，看来被拒了,0,0,北京,0,1774501274000,2026-03-26T13:01:14,61493c7500000000020234fc,SIRIS,没消息，看来被拒了,0
69f30cc20000000028033a8e,69c41804000000001a024491,,,,流程结束是收到最终 offer 了吗,0,0,英国,0,1777536194000,2026-04-30T16:03:14,64c4d92b000000000b0073f6,聪明人,流程结束是收到最终 offer 了吗,0
69ce084b0000000014008500,69c41804000000001a024491,,,,bro，面试的时候都问你啥了啊,0,0,北京,0,1775110220000,2026-04-02T14:10:20,653281b2000000002a01987c,默鹰潜,bro，面试的时候都问你啥了啊,0
69d684fe00000000150030b6,69c41804000000001a024491,,,69d6842b000000000c030c39,私,0,0,北京,-2,1775666430000,2026-04-09T00:40:30,60c71d030000000001000eb5,茄子,私,0
69e1c7bc000000001401e001,69c41804000000001a024491,,,69e1c77b000000001401e827,今天又发了测评,0,0,北京,0,1776404412000,2026-04-17T13:40:12,60c71d030000000001000eb5,茄子,今天又发了测评,0
69cc9129000000002b02521a,69c41804000000001a024491,,,69c484cc00000000150090f4,二面还是没消息[捂脸R]也没收到拒信,0,0,英国,0,1775014185000,2026-04-01T11:29:45,69baf5930000000026001beb,momo,二面还是没消息[捂脸R]也没收到拒信,0
69c4843c000000001500bc53,69c41804000000001a024491,,,69c47c93000000000f02ea49,我是2天,0,0,北京,0,1774486589000,2026-03-26T08:56:29,60c71d030000000001000eb5,茄子,我是2天,0
69c4a221000000000c030ad7,69c41804000000001a024491,,,69c482820000000016016b0a,哥哥好厉害[抓狂R],0,0,中国香港,0,1774494249000,2026-03-26T11:04:09,61fd01d8000000001000a5ea,momo大王,哥哥好厉害[抓狂R],0
69ca5cab000000000d03d83a,69c41804000000001a024491,,,69c466af000000000c03082e,固收相关的,0,0,北京,0,1774869676000,2026-03-30T19:21:16,60c71d030000000001000eb5,茄子,固收相关的,0
69c4b21d0000000030027425,69c41804000000001a024491,,,,求个bg[皱眉R]以及这个岗要面几轮啊[皱眉R],0,0,湖北,0,1774498333000,2026-03-26T12:12:13,5c83821e000000001201644e,六月不背书,求个bg[皱眉R]以及这个岗要面几轮啊[皱眉R],0
69c4860c000000000d03ff16,69c41804000000001a024491,,,,方便问下一面大概的形式和时长嘛[皱眉R]是简历提问那种嘛,0,0,北京,0,1774487053000,2026-03-26T09:04:13,64b03baf000000001001c402,每个人都会,方便问下一面大概的形式和时长嘛[皱眉R]是简历提问那种嘛,0
69c4896f0000000018020572,69c41804000000001a024491,,,,bro方便问下笔试题型吗,0,0,北京,0,1774487919000,2026-03-26T09:18:39,63527f99000000001802931e,帅到不合群,bro方便问下笔试题型吗,0
69c46ce90000000003013b8a,69c41804000000001a024491,,,,其他岗位也已经笔面了吗？[合十R],1,0,北京,0,1774480617000,2026-03-26T07:16:57,5e7759ee00000000010039d3,蓝色多瑙河～,其他岗位也已经笔面了吗？[合十R],0
69cddd50000000000f02d4d5,69c41804000000001a024491,,,,嘉实基金秋招笔试测评考什么，...  [赞R],0,0,北京,-2,1775099216000,2026-04-02T11:06:56,652201f6000000002402e44f,辉达HDCareer,嘉实基金秋招笔试测评考什么，... [赞R],0
68f844dc00000000300272d7,68f0aaaa0000000007001617,,,,请问一面时长多久呀,0,12,浙江,3,1761101020000,2025-10-22T10:43:40,665beb0e0000000003031ad5,小红薯控股股东,请问一面时长多久呀,0
68f0aaf400000000370115d4,68f0aaaa0000000007001617,,,,才6-8周,0,6,北京,0,1760602868000,2025-10-16T16:21:08,5f05d303000000000101ce43,losjiwbqb,才6-8周,0
68f0b3b20000000039000733,68f0aaaa0000000007001617,,,,请问是面的什么岗位呢,1,2,广东,0,1760605106000,2025-10-16T16:58:26,5dc227450000000001006ff6,callmekit,请问是面的什么岗位呢,0
68f0ace700000000380316d4,68f0aaaa0000000007001617,,,,鹏华也是hr面吗,1,2,上海,0,1760603368000,2025-10-16T16:29:28,64437abb00000000290107be,冰博克,鹏华也是hr面吗,0
69006ff800000000310008a8,68f0aaaa0000000007001617,,,,请问嘉实一面结束后都会让填面评吗？还是意味着挂了,0,3,浙江,3,1761636345000,2025-10-28T15:25:45,665beb0e0000000003031ad5,小红薯控股股东,请问嘉实一面结束后都会让填面评吗？还是意味着挂了,0
69196f140000000031002961,68f0aaaa0000000007001617,,,,是衍生品组合控制嘛？天呐我下周才一面，一共几场面试呀？,0,1,北京,0,1763274517000,2025-11-16T14:28:37,6582e03e000000001c026880,momo,是衍生品组合控制嘛？天呐我下周才一面，一共几场面试呀？,0
68f17b9e0000000037025953,68f0aaaa0000000007001617,,,,想问问实习考察一般什么时候发通知啊[萌萌哒R],0,1,美国,0,1760656286000,2025-10-17T07:11:26,5e4bc8d90000000001000380,清茶浸墨香🍃,想问问实习考察一般什么时候发通知啊[萌萌哒R],0
68f1a6b70000000039005c07,68f0aaaa0000000007001617,,,,请问什么时候投的呀[皱眉R],0,1,美国,0,1760667319000,2025-10-17T10:15:19,5f0d18bf000000000101f6ac,mmmur,请问什么时候投的呀[皱眉R],0
68f2196f000000003902701a,68f0aaaa0000000007001617,,,,希望嘉实的业务面能晚点搞，11月一边准备考试一边还得准备面试真忙不过来[捂脸R][捂脸R],0,1,澳大利亚,0,1760696687000,2025-10-17T18:24:47,5e19c0080000000001002bb1,CoCoon,希望嘉实的业务面能晚点搞，11月一边准备考试一边还得准备面试真忙不过来[捂脸R][捂脸R],0
69036167000000003102f81b,68f0aaaa0000000007001617,,,,牛,0,0,北京,0,1761829223000,2025-10-30T21:00:23,5f05d303000000000101ce43,losjiwbqb,牛,0
68f845190000000039031bce,68f0aaaa0000000007001617,,,68f844dc00000000300272d7,20分钟？也有可能面试官对我没兴趣 会议约的是30分钟,0,0,北京,0,1761101081000,2025-10-22T10:44:41,5a771ce011be10405e72cb67,Madan,20分钟？也有可能面试官对我没兴趣 会议约的是30分钟,0
68f0ab40000000003902ce41,68f0aaaa0000000007001617,,,68f0aaf400000000370115d4,可是就招一个人…,1,0,北京,0,1760602944000,2025-10-16T16:22:24,5a771ce011be10405e72cb67,Madan,可是就招一个人…,0
68f0b440000000003902cb19,68f0aaaa0000000007001617,,,68f0b3b20000000039000733,组合控制,1,0,北京,0,1760605249000,2025-10-16T17:00:49,5a771ce011be10405e72cb67,Madan,组合控制,0
68f0ad1d0000000039028ddb,68f0aaaa0000000007001617,,,68f0ace700000000380316d4,对 如果后续顺利11月会进行业务面,1,0,北京,0,1760603422000,2025-10-16T16:30:22,5a771ce011be10405e72cb67,Madan,对 如果后续顺利11月会进行业务面,0
6900703d00000000390325ce,68f0aaaa0000000007001617,,,69006ff800000000310008a8,都会填面评吧 虽然我也没有进度推进,0,0,黑龙江,0,1761636413000,2025-10-28T15:26:53,5a771ce011be10405e72cb67,Madan,都会填面评吧 虽然我也没有进度推进,0
69196f3a0000000039022b24,68f0aaaa0000000007001617,,,69196f140000000031002961,不太知道哎[哭惹R]我一面就挂了 可以问问评论区的其他uu,0,0,北京,0,1763274555000,2025-11-16T14:29:15,5a771ce011be10405e72cb67,Madan,不太知道哎[哭惹R]我一面就挂了 可以问问评论区的其他uu,0
68f19d78000000003901cdf2,68f0aaaa0000000007001617,,,68f17b9e0000000037025953,11月初吧,0,0,北京,0,1760664952000,2025-10-17T09:35:52,5a771ce011be10405e72cb67,Madan,11月初吧,0
68f1a6f1000000003902b277,68f0aaaa0000000007001617,,,68f1a6b70000000039005c07,比较早了 9月中旬？好像一开就投了,0,0,北京,0,1760667377000,2025-10-17T10:16:17,5a771ce011be10405e72cb67,Madan,比较早了 9月中旬？好像一开就投了,0
691aca90000000003901e32e,68f0aaaa0000000007001617,,,68f2196f000000003902701a,请问收到业务面了吗,0,0,北京,0,1763363472000,2025-11-17T15:11:12,6582e03e000000001c026880,momo,请问收到业务面了吗,0
69c488620000000014033426,69c29693000000001f001850,,,,补充：天弘互金业务经理的已发测评,0,2,广东,4,1774487651000,2026-03-26T09:14:11,674c82ea000000000800a063,南希,补充：天弘互金业务经理的已发测评,0
69cb44af000000000d03645c,69c29693000000001f001850,,,,[捂脸R][捂脸R][捂脸R]Uu 这些我基本全投了，一个音都没有，是不是可以放弃了,0,2,北京,0,1774929072000,2026-03-31T11:51:12,5895ed2250c4b46aa8f6541e,棒达鲜澄～,[捂脸R][捂脸R][捂脸R]Uu 这些我基本全投了，一个音都没有，是不是可以放弃了,0
69c2c224000000001500def3,69c29693000000001f001850,,,,天虹已经出了吗.... 是发邮件了吗,1,7,北京,0,1774371364000,2026-03-25T00:56:04,62603994000000002102bd7b,宇宙小队长,天虹已经出了吗.... 是发邮件了吗,0
69c33917000000000d0113f6,69c29693000000001f001850,,,,1什么时候通知的呀 没通知是不是就挂了,0,2,北京,0,1774401815000,2026-03-25T09:23:35,65be357a000000000d03fe3c,小红薯65BE9948,1什么时候通知的呀 没通知是不是就挂了,0
69c3532d000000003102f3c7,69c29693000000001f001850,,,,富国是要到北京吗？为啥我在北京要我到上海,1,5,北京,0,1774408494000,2026-03-25T11:14:54,66017a7e000000000600ecb4,五对负重轮,富国是要到北京吗？为啥我在北京要我到上海,0
69c49f48000000000503a016,69c29693000000001f001850,,,,怎么找到的公募日常实习啊，感觉好难找[抽泣R],0,1,广东,0,1774493513000,2026-03-26T10:51:53,62d8c59f000000000e00fd7a,小老公清歌与,怎么找到的公募日常实习啊，感觉好难找[抽泣R],0
69d5112200000000180218a8,69c29693000000001f001850,,,,小哥哥当时fg 六月七月到 公司那边不给过吗？,0,6,澳大利亚,0,1775571234000,2026-04-07T22:13:54,6540abe0000000000301e723,Giovanni,小哥哥当时fg 六月七月到 公司那边不给过吗？,0
69c5f45a000000001d008394,69c29693000000001f001850,,,,球问博主泰康资产机销也是初筛暂通过吗[皱眉R][皱眉R] 这个暂感觉奇奇怪怪的,0,4,天津,0,1774580827000,2026-03-27T11:07:07,5d2052020000000016019a9c,汤姆船长,球问博主泰康资产机销也是初筛暂通过吗[皱眉R][皱眉R] 这个暂感觉奇奇怪怪的,0
69c40be70000000015006db9,69c29693000000001f001850,,,,双9能在简历关被挂[叹气R],1,1,山东,0,1774455784000,2026-03-26T00:23:04,630463bb00000000150154c1,SEER,双9能在简历关被挂[叹气R],0
69c35d25000000000f028589,69c29693000000001f001850,,,,借楼问问fg有朋友收到offer嘛,1,1,英国,0,1774411045000,2026-03-25T11:57:25,5a71e78111be107e1eb11d5b,EuZ,借楼问问fg有朋友收到offer嘛,0
69ca1263000000000f01f951,69c29693000000001f001850,,,69c488620000000014033426,天弘基金已发面,0,0,广东,0,1774850659000,2026-03-30T14:04:19,674c82ea000000000800a063,南希,天弘基金已发面,0
69ccf9890000000019000d9a,69c29693000000001f001850,,,69cb44af000000000d03645c,贸大学历够，可能是实习或者本科有些短板？继续加油！[赞R],0,0,广东,0,1775040905000,2026-04-01T18:55:05,674c82ea000000000800a063,南希,贸大学历够，可能是实习或者本科有些短板？继续加油！[赞R],0
69c495fc0000000018038945,69c29693000000001f001850,,,69c2c224000000001500def3,反馈一下，我已经发测评啦，可以参考进度,1,0,广东,0,1774491132000,2026-03-26T10:12:12,674c82ea000000000800a063,南希,反馈一下，我已经发测评啦，可以参考进度,0
69c34d500000000015013887,69c29693000000001f001850,,,69c33917000000000d0113f6,早都全结束了，终面过的人都要求保密的[doge],0,0,广东,0,1774406993000,2026-03-25T10:49:53,674c82ea000000000800a063,南希,早都全结束了，终面过的人都要求保密的[doge],0
69c35498000000000f00cbe6,69c29693000000001f001850,,,69c3532d000000003102f3c7,终面必须上海，但是我实习base选的北京,0,0,广东,0,1774408856000,2026-03-25T11:20:56,674c82ea000000000800a063,南希,终面必须上海，但是我实习base选的北京,0
69c4b5bd000000000f02e36c,69c29693000000001f001850,,,69c49f48000000000503a016,公众号,0,0,广东,-2,1774499261000,2026-03-26T12:27:41,674c82ea000000000800a063,南希,公众号,0
69d511470000000009036337,69c29693000000001f001850,,,69d5112200000000180218a8,是因为四月到不了 所以没给主包发么,0,0,澳大利亚,0,1775571271000,2026-04-07T22:14:31,6540abe0000000000301e723,Giovanni,是因为四月到不了 所以没给主包发么,0
69c5f48b000000001501103f,69c29693000000001f001850,,,69c5f45a000000001d008394,一样，暂通过，很微妙,0,0,广东,0,1774580875000,2026-03-27T11:07:55,674c82ea000000000800a063,南希,一样，暂通过，很微妙,0
69c64c9e000000000f02655f,69c29693000000001f001850,,,69c40be70000000015006db9,9本top2硕销售条线也被挂,1,0,天津,0,1774603423000,2026-03-27T17:23:43,63ba80cd000000002600726b,海底捞捞我上岸,9本top2硕销售条线也被挂,0
69c35eb1000000000f027d29,69c29693000000001f001850,,,69c35d25000000000f028589,已经发完了，别等了,1,0,广东,0,1774411441000,2026-03-25T12:04:01,674c82ea000000000800a063,南希,已经发完了，别等了,0
69c621760000000002029845,69c29693000000001f001850,,,,嘉实的市场条线测评真发了吗，我身边是投研有收到[哭惹R],0,2,北京,0,1774592374000,2026-03-27T14:19:34,61b86a85000000001000473a,二,嘉实的市场条线测评真发了吗，我身边是投研有收到[哭惹R],0
69c29773000000000f01aee1,69c29693000000001f001850,,,,请问fg终面后已经发offer了嘛！,0,1,英国,0,1774360435000,2026-03-24T21:53:55,60dee2be000000000101e08b,七个核桃补脑上清华,请问fg终面后已经发offer了嘛！,0
69c2a3750000000003012c2b,69c29693000000001f001850,,,,从业资格证能考的吗没毕业[笑哭R],0,2,广东,0,1774363510000,2026-03-24T22:45:10,6377278c000000001f01c64d,CU美食家,从业资格证能考的吗没毕业[笑哭R],0
69c3d493000000001500a3cd,69c29693000000001f001850,,,,博主，从业资格证有用么亲,0,1,湖南,0,1774441619000,2026-03-25T20:26:59,6017ce290000000001009f06,用户已注销,博主，从业资格证有用么亲,0
69c35024000000000f01ea2e,69c29693000000001f001850,,,,博主好棒[哇R][哇R][派对R],1,1,广东,0,1774407716000,2026-03-25T11:01:56,5e23aa49000000000100b2e2,云朵风铃木🍃,博主好棒[哇R][哇R][派对R],0
69c3683e0000000015016b57,69c29693000000001f001850,,,,泰康已经推进了嘛[哭惹R]我这里还显示筛查中,0,1,美国,0,1774413887000,2026-03-25T12:44:47,61de3ffd0000000010006d8e,sk1y,泰康已经推进了嘛[哭惹R]我这里还显示筛查中,0
6a07c1760000000029035cba,69c29693000000001f001850,,,,中山？,0,0,上海,0,1778893174000,2026-05-16T08:59:34,6612902a0000000003032b6c,momo,中山？,0
69d9c6310000000001007a3a,69c29693000000001f001850,,,,嘉实基金到底在搞什么，top3本+top2硕简历被挂,0,0,北京,0,1775879729000,2026-04-11T11:55:29,60fee615000000000100372f,xuan~,嘉实基金到底在搞什么，top3本+top2硕简历被挂,0
69c4d0ce0000000001005e4b,69c29693000000001f001850,,,,嘉实已经结束了吗[哭惹R],0,0,广东,0,1774506190000,2026-03-26T14:23:10,5f6b0a4a000000000100a21a,Estella,嘉实已经结束了吗[哭惹R],0
69c6a87d000000003102f0b9,69c29693000000001f001850,,,,您好，方便问下fg北京到岗时间什么时候吗,0,0,上海,0,1774626941000,2026-03-27T23:55:41,60dd9b7d000000000101d62c,好困的白色大福,您好，方便问下fg北京到岗时间什么时候吗,0
69c624280000000015013ebf,69c29693000000001f001850,,,69c621760000000002029845,随便一搜都有[捂脸R],0,0,广东,0,1774593065000,2026-03-27T14:31:05,674c82ea000000000800a063,南希,随便一搜都有[捂脸R],0
69c2979a00000000090043c7,69c29693000000001f001850,,,69c29773000000000f01aee1,还没收到邮件通知过没过[飞吻R],0,0,英国,0,1774360474000,2026-03-24T21:54:34,60dee2be000000000101e08b,七个核桃补脑上清华,还没收到邮件通知过没过[飞吻R],0
69c2a5c90000000018020c9f,69c29693000000001f001850,,,69c2a3750000000003012c2b,可以考啊，考试合格，从业直接注册就好了,0,0,广东,0,1774364106000,2026-03-24T22:55:06,674c82ea000000000800a063,南希,可以考啊，考试合格，从业直接注册就好了,0
69c3e8d000000000110192c0,69c29693000000001f001850,,,69c3d493000000001500a3cd,标配吧,0,0,广东,0,1774446801000,2026-03-25T21:53:21,674c82ea000000000800a063,南希,标配吧,0
69c354bb000000001500d449,69c29693000000001f001850,,,69c35024000000000f01ea2e,谢谢哟[doge],0,0,广东,0,1774408892000,2026-03-25T11:21:32,674c82ea000000000800a063,南希,谢谢哟[doge],0
69c39b52000000000f02777d,69c29693000000001f001850,,,69c3683e0000000015016b57,泰康我推进了,0,0,广东,0,1774426963000,2026-03-25T16:22:43,674c82ea000000000800a063,南希,泰康我推进了,0
69c3a4e80000000018023d2a,69c29693000000001f001850,,,,你收到富国暑期实习offer了 ，有转正机会的那种,0,0,内蒙古,0,1774429417000,2026-03-25T17:03:37,56f21f004775a712ab5c7ff5,Jorson,你收到富国暑期实习offer了 ，有转正机会的那种,0
69c2a51c000000000202bf52,69c29693000000001f001850,,,,请问两段公募都是什么岗位实习呢？想了解一下哪个岗位有意思又容易留一点哈哈,0,1,广东,0,1774363933000,2026-03-24T22:52:13,59aa8b8e5e87e740cd6d5af7,momo（ydzdhlwsxysqdwb）,请问两段公募都是什么岗位实习呢？想了解一下哪个岗位有意思又容易留一点哈哈,0
69c30f3e000000003102e84f,69c29693000000001f001850,,,,暑期投递记录很详细，背景优秀，祝后续顺利！,0,0,山东,0,1774391103000,2026-03-25T06:25:03,67f26ab4000000001703eb75,小白学数据,暑期投递记录很详细，背景优秀，祝后续顺利！,0
69c2a95d000000000103d29d,69c29693000000001f001850,,,,博主好棒[害羞R],0,0,四川,0,1774365022000,2026-03-24T23:10:22,614caff5000000000201c260,猫吒,博主好棒[害羞R],0
69c749120000000030025220,69c29693000000001f001850,,,,赞,0,0,北京,-2,1774668050000,2026-03-28T11:20:50,5e881363000000000100a5f9,momo,赞,0
69c3bfbf000000001d00de61,69c29693000000001f001850,,,,银行券商基金保险笔试题库,1,0,北京,-2,1774436288000,2026-03-25T18:58:08,652201f6000000002402e44f,辉达HDCareer,银行券商基金保险笔试题库,0
69c2a5b70000000015014ee6,69c29693000000001f001850,,,69c2a51c000000000202bf52,和暑期投递对口，营销条线,1,0,广东,0,1774364087000,2026-03-24T22:54:47,674c82ea000000000800a063,南希,和暑期投递对口，营销条线,0
69cf103b000000000d037c0b,69ce941c000000002800bd06,,,,哈哈这不是五六年前的我吗[doge]，港中深毕业多年，毕业至今都在头部公募。但是现在我建议找个好的量化私募跟个好老板，公募能挣钱的不多了，35岁是不够退休了，wlb当个国企上班倒是没问题,8,2,广东,0,1775177787000,2026-04-03T08:56:27,63cae6850000000027028171,momo,哈哈这不是五六年前的我吗[doge]，港中深毕业多年，毕业至今都在头部公募。但是现在我建议找个好的量化私募跟个好老板，公募能挣钱的不多了，35岁是不够退休了，wlb当个国企上班倒是没问题,0
69cf084e00000000020351b7,69ce941c000000002800bd06,,,,想问一下永赢渠道跟机构怎么看过没过简历,0,7,北京,0,1775175759000,2026-04-03T08:22:39,6155cc5f0000000002023ae0,言胜于行,想问一下永赢渠道跟机构怎么看过没过简历,0
69cf1fd60000000002035dc9,69ce941c000000002800bd06,,,,请问机销看重学历吗,0,6,北京,0,1775181783000,2026-04-03T10:03:03,62b1eaec000000001b029fb3,momo,请问机销看重学历吗,0
69cf413c000000003102dee2,69ce941c000000002800bd06,,,,我也,1,2,广东,0,1775190333000,2026-04-03T12:25:33,61433253000000000201bc89,妖嫣间或,我也,0
69d1244f000000000c031eab,69ce941c000000002800bd06,,,,贸本港中深硕过不了渠道面试？[石化R]uu你是没有相关的实习经验吗,2,1,上海,0,1775313999000,2026-04-04T22:46:39,647b5a5200000000120362d9,A 股慈善家,贸本港中深硕过不了渠道面试？[石化R]uu你是没有相关的实习经验吗,0
69ce990f000000001400aa6f,69ce941c000000002800bd06,,,,姐妹我想问一下平安测评挂了会发邮件么,0,3,北京,0,1775147279000,2026-04-03T00:27:59,60852ebf0000000001007fdf,DS,姐妹我想问一下平安测评挂了会发邮件么,0
69ce9d96000000000d0371b4,69ce941c000000002800bd06,,,,相同赛道[哇R]多多交流,1,1,广东,0,1775148439000,2026-04-03T00:47:19,5a842569e8ac2b19e40df650,溪遥,相同赛道[哇R]多多交流,0
69cf0e1e000000001500015d,69ce941c000000002800bd06,,,,感觉都没有看到南方的消息[呃R]看到南方甚至还在补招26的机销和渠道销售,0,1,上海,0,1775177246000,2026-04-03T08:47:26,63e35f1900000000260110c5,突然出现,感觉都没有看到南方的消息[呃R]看到南方甚至还在补招26的机销和渠道销售,0
69cf0600000000000f01eaae,69ce941c000000002800bd06,,,,用赛道 同龙大[棒R],1,1,北京,0,1775175169000,2026-04-03T08:12:49,63eafc86000000002702b7a3,沉心一隅,用赛道 同龙大[棒R],0
69cfb6af000000000d03ce66,69ce941c000000002800bd06,,,,加银没收到测评是不是挂了[笑哭R],0,1,北京,0,1775220399000,2026-04-03T20:46:39,6396fbc60000000028019989,Nari,加银没收到测评是不是挂了[笑哭R],0
69cf3998000000000f01bb09,69ce941c000000002800bd06,,,69cf103b000000000d037c0b,是一个新的思路，谢谢学长[哇R],1,0,浙江,0,1775188377000,2026-04-03T11:52:57,60c855f200000000010090fc,奋斗Stitch（努力实习版）,是一个新的思路，谢谢学长[哇R],0
69ed7365000000002a02eb9a,69ce941c000000002800bd06,,,69cf084e00000000020351b7,蹲 姐妹你知道了嘛,0,0,广东,0,1777169253000,2026-04-26T10:07:33,5f2681bf000000000100391f,momo,蹲 姐妹你知道了嘛,0
69cf3944000000000f01b538,69ce941c000000002800bd06,,,69cf1fd60000000002035dc9,看的,2,0,浙江,0,1775188292000,2026-04-03T11:51:32,60c855f200000000010090fc,奋斗Stitch（努力实习版）,看的,0
69d01b8a000000001403394a,69ce941c000000002800bd06,,,69cf413c000000003102dee2,学姐？不申博了吗[doge],0,0,浙江,0,1775246219000,2026-04-04T03:56:59,60c855f200000000010090fc,奋斗Stitch（努力实习版）,学姐？不申博了吗[doge],0
69d12d400000000019003235,69ce941c000000002800bd06,,,69d1244f000000000c031eab,有相关实习，我也很奇怪[哭惹R]也可能是笔试挂了吧[哭惹R],0,0,日本,0,1775316289000,2026-04-04T23:24:49,60c855f200000000010090fc,奋斗Stitch（努力实习版）,有相关实习，我也很奇怪[哭惹R]也可能是笔试挂了吧[哭惹R],0
69ce99fb000000000503ae6a,69ce941c000000002800bd06,,,69ce990f000000001400aa6f,我没有收到任何通知，但和我同一批的人已经收到笔试了，所以应该是挂了[哭惹R],2,0,浙江,0,1775147515000,2026-04-03T00:31:55,60c855f200000000010090fc,奋斗Stitch（努力实习版）,我没有收到任何通知，但和我同一批的人已经收到笔试了，所以应该是挂了[哭惹R],0
69cea154000000000f00e22e,69ce941c000000002800bd06,,,69ce9d96000000000d0371b4,来了,0,0,浙江,0,1775149396000,2026-04-03T01:03:16,60c855f200000000010090fc,奋斗Stitch（努力实习版）,来了,0
69cf38e900000000050383f2,69ce941c000000002800bd06,,,69cf0e1e000000001500015d,有的uu，南方3.31开了，你再去看看👀,0,0,浙江,0,1775188202000,2026-04-03T11:50:02,60c855f200000000010090fc,奋斗Stitch（努力实习版）,有的uu，南方3.31开了，你再去看看👀,0
69cf3863000000000f026e5c,69ce941c000000002800bd06,,,69cf0600000000000f01eaae,好耶[哇R],0,0,浙江,0,1775188067000,2026-04-03T11:47:47,60c855f200000000010090fc,奋斗Stitch（努力实习版）,好耶[哇R],0
69d01a090000000018039cbf,69ce941c000000002800bd06,,,69cfb6af000000000d03ce66,加银和民生总我都投了，或许发的是民生总,0,0,浙江,3,1775245834000,2026-04-04T03:50:34,60c855f200000000010090fc,奋斗Stitch（努力实习版）,加银和民生总我都投了，或许发的是民生总,0
69cf4c85000000000d03d306,69ce941c000000002800bd06,,,,关注了[偷笑R]我也龙大想进公募,1,1,广东,0,1775193221000,2026-04-03T13:13:41,665fbe040000000007004bdc,麦麦薯饼加辣酱,关注了[偷笑R]我也龙大想进公募,0
69cf1ed50000000002037238,69ce941c000000002800bd06,,,,有看固收的吗,0,0,北京,3,1775181525000,2026-04-03T09:58:45,5afcc7b111be102dc5534866,崮收Trading👔,有看固收的吗,0
69cea0a1000000000d037c32,69ce941c000000002800bd06,,,,同赛道 多交流[派对R],1,1,河南,0,1775149218000,2026-04-03T01:00:18,5a8bcd1a4eacab4d4dd06608,22,同赛道 多交流[派对R],0
69cef381000000000f00f731,69ce941c000000002800bd06,,,,一起交流[黄金薯R],1,1,英国,0,1775170433000,2026-04-03T06:53:53,615dcd33000000000201bbf2,梦想一天吃八顿饭,一起交流[黄金薯R],0
69cf0446000000000103d411,69ce941c000000002800bd06,,,,银行券商基金保险笔试题库,1,0,北京,0,1775174727000,2026-04-03T08:05:27,6667b17e000000000d0259db,校招笔试智多星,银行券商基金保险笔试题库,0
69de1b530000000001004729,69ce941c000000002800bd06,,,,我我我！,0,0,北京,0,1776163668000,2026-04-14T18:47:48,5895ed2250c4b46aa8f6541e,棒达鲜澄～,我我我！,0
69d49cd40000000011018ee1,69ce941c000000002800bd06,,,,嘉实一面都问什么呀,0,0,新加坡,0,1775541461000,2026-04-07T13:57:41,610c9fae0000000001000252,三j,嘉实一面都问什么呀,0
69ed7353000000002a030062,69ce941c000000002800bd06,,,,请问永赢怎么知道简历过了没有呀[皱眉R]是收到笔试了嘛,0,0,广东,0,1777169236000,2026-04-26T10:07:16,5f2681bf000000000100391f,momo,请问永赢怎么知道简历过了没有呀[皱眉R]是收到笔试了嘛,0
69d4ca1f0000000015007ee3,69ce941c000000002800bd06,,,,多刷刷xhs学长学姐的建议吧 选择比努力更重要,1,0,广东,-2,1775553055000,2026-04-07T17:10:55,6254451200000000210296b2,WACC,多刷刷xhs学长学姐的建议吧 选择比努力更重要,0
69ce9a8a000000001d00ec48,69ce941c000000002800bd06,,,,互关吧，相同赛道 一起交流[doge],1,1,广东,-2,1775147659000,2026-04-03T00:34:19,674c82ea000000000800a063,南希,互关吧，相同赛道 一起交流[doge],0
69d01adb000000001d00b995,69ce941c000000002800bd06,,,69cf4c85000000000d03d306,好耶好耶[哇R],0,0,浙江,0,1775246044000,2026-04-04T03:54:04,60c855f200000000010090fc,奋斗Stitch（努力实习版）,好耶好耶[哇R],0
69cea15b00000000030103db,69ce941c000000002800bd06,,,69cea0a1000000000d037c32,[哇R][哇R][哇R],0,0,浙江,-2,1775149404000,2026-04-03T01:03:24,60c855f200000000010090fc,奋斗Stitch（努力实习版）,[哇R][哇R][哇R],0
69cf37f4000000000f02869a,69ce941c000000002800bd06,,,69cef381000000000f00f731,[哇R],0,0,浙江,-2,1775187956000,2026-04-03T11:45:56,60c855f200000000010090fc,奋斗Stitch（努力实习版）,[哇R],0
69cea164000000000503be42,69ce941c000000002800bd06,,,69ce9a8a000000001d00ec48,太棒啦,0,0,浙江,0,1775149413000,2026-04-03T01:03:33,60c855f200000000010090fc,奋斗Stitch（努力实习版）,太棒啦,0
69ff5e24000000002803adf3,69f1c19b0000000035020c00,,,,国泰的简历是不是已经筛完了[捂脸R],1,10,四川,0,1778343460000,2026-05-10T00:17:40,5ead8d940000000001003f59,OK,国泰的简历是不是已经筛完了[捂脸R],0
6a00a1e4000000002b0243f8,69f1c19b0000000035020c00,,,,offer是哪家呀 uu,0,2,北京,0,1778426340000,2026-05-10T23:19:00,67e6aacc000000000a03e9f6,今天学CPA了吗（27秋招等offer版）,offer是哪家呀 uu,0
69f2ea7100000000290256a8,69f1c19b0000000035020c00,,,,咋放弃这么多[笑哭R],1,2,北京,0,1777527410000,2026-04-30T13:36:50,669bb309000000000d0267cf,EMMO,咋放弃这么多[笑哭R],0
69f1d464000000002803543c,69f1c19b0000000035020c00,,,,为啥简历挂啊，上财本硕感觉可以了,0,2,北京,0,1777456229000,2026-04-29T17:50:29,5fa15a6a000000000101d77d,玉米罐头,为啥简历挂啊，上财本硕感觉可以了,0
6a0bb334000000002803f443,69f1c19b0000000035020c00,,,,我也平安测评挂了，不理解[哭惹R],0,0,上海,0,1779151669000,2026-05-19T08:47:49,5f7dea9e000000000100502a,我的小嗳猫猫呢,我也平安测评挂了，不理解[哭惹R],0
69fd2420000000002a02c58b,69f1c19b0000000035020c00,,,,中金ib昨天发面邀了,0,2,澳大利亚,0,1778197537000,2026-05-08T07:45:37,5bfe4fbbd7a7f600013b6e9d,哒啦哒啦,中金ib昨天发面邀了,0
6a0b64f3000000002901153c,69f1c19b0000000035020c00,,,,请问东吴面试后有发笔试吗！？,0,0,英国,0,1779131635000,2026-05-19T03:13:55,6533cb5d0000000006006fe1,七七小宇宙,请问东吴面试后有发笔试吗！？,0
6a0146e9000000002b0006aa,69f1c19b0000000035020c00,,,,请问万家面后有后续吗[哭惹R],0,4,北京,0,1778468585000,2026-05-11T11:03:05,65be357a000000000d03fe3c,小红薯65BE9948,请问万家面后有后续吗[哭惹R],0
69fab9ab000000002a0260fc,69f1c19b0000000035020c00,,,,好多家不知道是没推进，还是挂[捂脸R][捂脸R],0,4,北京,0,1778039212000,2026-05-06T11:46:52,5ed21f61000000000101d8d8,爱丽丝梦游记,好多家不知道是没推进，还是挂[捂脸R][捂脸R],0
6a02d024000000002800a13a,69f1c19b0000000035020c00,,,,sufe也没收到招总面试，释然了[睡觉R],0,1,北京,0,1778569253000,2026-05-12T15:00:53,67bb33a8000000000601f7c9,加奈瓶,sufe也没收到招总面试，释然了[睡觉R],0
6a00ab6c000000002800889e,69f1c19b0000000035020c00,,,69ff5e24000000002803adf3,听说已经有人拿offer了[笑哭R],0,0,上海,0,1778428781000,2026-05-10T23:59:41,5ee39aa400000000010029cb,菜鱼不酸,听说已经有人拿offer了[笑哭R],0
6a00ab9b000000002702eb44,69f1c19b0000000035020c00,,,6a00a1e4000000002b0243f8,这个码一下[微笑R],0,0,上海,0,1778428828000,2026-05-11T00:00:28,5ee39aa400000000010029cb,菜鱼不酸,这个码一下[微笑R],0
69f30523000000002702d507,69f1c19b0000000035020c00,,,69f2ea7100000000290256a8,放弃的差不多都是前二十的公募，感觉希望不大，而且本人还在实习，精力有限[捂脸R],2,0,上海,0,1777534244000,2026-04-30T15:30:44,5ee39aa400000000010029cb,菜鱼不酸,放弃的差不多都是前二十的公募，感觉希望不大，而且本人还在实习，精力有限[捂脸R],0
69f1ddf5000000002702a392,69f1c19b0000000035020c00,,,69f1d464000000002803543c,好学校太多了[笑哭R],1,0,上海,0,1777458677000,2026-04-29T18:31:17,5ee39aa400000000010029cb,菜鱼不酸,好学校太多了[笑哭R],0
6a01b9f200000000290357d9,69f1c19b0000000035020c00,,,69fd2420000000002a02c58b,base哪里的呀[哭惹R],0,0,广东,0,1778498035000,2026-05-11T19:13:55,5f0e89b2000000000101d5ae,Star,base哪里的呀[哭惹R],0
6a016889000000002b029ea7,69f1c19b0000000035020c00,,,6a0146e9000000002b0006aa,前几天面了 不知道是不是默拒了,0,0,北京,0,1778477194000,2026-05-11T13:26:34,65be357a000000000d03fe3c,小红薯65BE9948,前几天面了 不知道是不是默拒了,0
6a00abab00000000280092eb,69f1c19b0000000035020c00,,,69fab9ab000000002a0260fc,确实[捂脸R],1,0,上海,0,1778428844000,2026-05-11T00:00:44,5ee39aa400000000010029cb,菜鱼不酸,确实[捂脸R],0
6a03516c000000002701f957,69f1c19b0000000035020c00,,,6a02d024000000002800a13a,[笑哭R],0,0,上海,0,1778602348000,2026-05-13T00:12:28,5ee39aa400000000010029cb,菜鱼不酸,[笑哭R],0
6a0357d900000000290117c5,69f1c19b0000000035020c00,,,,学弟来3C,0,1,上海,0,1778603993000,2026-05-13T00:39:53,623b2327000000001000d0b4,momo,学弟来3C,0
69f2049c000000002901a496,69f1c19b0000000035020c00,,,,景顺长城什么岗啊 [萌萌哒R],0,1,上海,0,1777468572000,2026-04-29T21:16:12,60336fe90000000001008e1e,不爱吃🐟,景顺长城什么岗啊 [萌萌哒R],0
6a0a913e000000000d022c00,69f1c19b0000000035020c00,,,,求实习bg,0,0,上海,0,1779077438000,2026-05-18T12:10:38,61e2f429000000001000f860,冉,求实习bg,0
6a032f7a0000000028036e8c,69f1c19b0000000035020c00,,,,哇好拼…我简历都投累了，看到你帖子又爬起来了,0,1,上海,0,1778593658000,2026-05-12T21:47:38,634bbf000000000009008894,Leora,哇好拼…我简历都投累了，看到你帖子又爬起来了,0
69f222c6000000002800932d,69f1c19b0000000035020c00,,,,我上财本复旦的硕，方向差不多和你，可以交流交流[微笑R],1,1,上海,0,1777476295000,2026-04-29T23:24:55,61fd42be0000000010009dff,大本钟上海分钟,我上财本复旦的硕，方向差不多和你，可以交流交流[微笑R],0
69f1ce7a000000002b02939b,69f1c19b0000000035020c00,,,,刚交一下,0,1,上海,0,1777454715000,2026-04-29T17:25:15,5fab6a7c0000000001009a00,瑞黑怕,刚交一下,0
69f1d12f000000002a006350,69f1c19b0000000035020c00,,,,UU万家面的什么岗呀,0,1,北京,0,1777455408000,2026-04-29T17:36:48,65be357a000000000d03fe3c,小红薯65BE9948,UU万家面的什么岗呀,0
69fed21c000000002a006612,69f1c19b0000000035020c00,,,,看这挂的和放弃的，感觉是世另我哈哈哈[捂脸R]啥都不想干,0,1,上海,0,1778307613000,2026-05-09T14:20:13,5f50cc89000000000100afb6,早日成为大大富婆,看这挂的和放弃的，感觉是世另我哈哈哈[捂脸R]啥都不想干,0
69f3101700000000280317cc,69f1c19b0000000035020c00,,,,cy,0,0,上海,0,1777537048000,2026-04-30T16:17:28,5b7689f504121a0001917e2d,尘灌吸,cy,0
69f715bd000000002b00334f,69f1c19b0000000035020c00,,,,为啥放弃华财～,0,1,四川,0,1777800637000,2026-05-03T17:30:37,67e6aacc000000000a03e9f6,今天学CPA了吗（27秋招等offer版）,为啥放弃华财～,0
6a03c6cc000000002702ec9b,69f1c19b0000000035020c00,,,6a0357d900000000290117c5,我努努力[doge],0,0,上海,0,1778632396000,2026-05-13T08:33:16,5ee39aa400000000010029cb,菜鱼不酸,我努努力[doge],0
69f20e560000000027022c3f,69f1c19b0000000035020c00,,,69f2049c000000002901a496,etf,0,0,上海,0,1777471063000,2026-04-29T21:57:43,5ee39aa400000000010029cb,菜鱼不酸,etf,0
6a035163000000002702ce9a,69f1c19b0000000035020c00,,,6a032f7a0000000028036e8c,冲冲冲,0,0,上海,0,1778602340000,2026-05-13T00:12:20,5ee39aa400000000010029cb,菜鱼不酸,冲冲冲,0
69f23089000000002800882c,69f1c19b0000000035020c00,,,69f222c6000000002800932d,佬，关注你了[微笑R],0,0,上海,0,1777479818000,2026-04-30T00:23:38,5ee39aa400000000010029cb,菜鱼不酸,佬，关注你了[微笑R],0
69f1d22e000000002701cb3e,69f1c19b0000000035020c00,,,69f1ce7a000000002b02939b,不跟没肌肉的人交,0,0,上海,0,1777455663000,2026-04-29T17:41:03,5ee39aa400000000010029cb,菜鱼不酸,不跟没肌肉的人交,0
69f1d243000000002800812a,69f1c19b0000000035020c00,,,69f1d12f000000002a006350,固收研究,1,0,上海,0,1777455683000,2026-04-29T17:41:23,5ee39aa400000000010029cb,菜鱼不酸,固收研究,0
6a00ab7f0000000028008baf,69f1c19b0000000035020c00,,,69fed21c000000002a006612,哈哈哈,0,0,上海,0,1778428799000,2026-05-10T23:59:59,5ee39aa400000000010029cb,菜鱼不酸,哈哈哈,0
69f76d58000000002702a168,69f1c19b0000000035020c00,,,69f715bd000000002b00334f,本人太懒了，感觉没什么精力准备财会的东西[捂脸R],0,0,上海,0,1777823064000,2026-05-03T23:44:24,5ee39aa400000000010029cb,菜鱼不酸,本人太懒了，感觉没什么精力准备财会的东西[捂脸R],0
69f99447000000002900d9fc,69f1c19b0000000035020c00,,,,震惊，有些不应该简历挂啊,0,0,北京,0,1777964103000,2026-05-05T14:55:03,643004900000000011021af8,momo,震惊，有些不应该简历挂啊,0
6a06d5cf000000002901924a,69f1c19b0000000035020c00,,,,@我想意气风发 为何我0ofr,0,0,贵州,0,1778832848000,2026-05-15T16:14:08,61d0637e00000000100040f1,练不起肩就垫吧,@我想意气风发 为何我0ofr,0
69f1d7dd000000002900f8b4,69f1c19b0000000035020c00,,,,蹲,0,1,四川,-2,1777457118000,2026-04-29T18:05:18,625b00890000000010004b0f,我爱喝牛奶,蹲,0
69f3016f000000002702e08d,69f1c19b0000000035020c00,,,,银行笔试测评题库笔试辅导,0,0,北京,-2,1777533296000,2026-04-30T15:14:56,6667b17e000000000d0259db,校招笔试智多星,银行笔试测评题库笔试辅导,0
69f1f9d5000000002a0055da,69f1c19b0000000035020c00,,,,👍,0,1,四川,0,1777465813000,2026-04-29T20:30:13,603327490000000001007fb5,Adam,👍,0
69f20e6f000000002701597f,69f1c19b0000000035020c00,,,69f1d7dd000000002900f8b4,速去三中一华,0,0,上海,0,1777471088000,2026-04-29T21:58:08,5ee39aa400000000010029cb,菜鱼不酸,速去三中一华,0
69f20e96000000002702a9cf,69f1c19b0000000035020c00,,,69f1f9d5000000002a0055da,西交哥求指点🙏,0,0,上海,0,1777471126000,2026-04-29T21:58:46,5ee39aa400000000010029cb,菜鱼不酸,西交哥求指点🙏,0
699fda4d000000000f00d864,699d404000000000150391fe,,,,几乎所有网申都要填身高体重[偷笑R],1,2,湖北,3,1772083790000,2026-02-26T13:29:50,6059c8b8000000000100121c,RachelZ,几乎所有网申都要填身高体重[偷笑R],0
699d72bf0000000009007914,699d404000000000150391fe,,,,可以用插件填吗[皱眉R],0,2,内蒙古,0,1771926207000,2026-02-24T17:43:27,65be357a000000000d03fe3c,小红薯65BE9948,可以用插件填吗[皱眉R],0
69ad36ce0000000015005d62,699d404000000000150391fe,,,,正在准备下一个公募实习生的面试[捂脸R],1,1,四川,0,1772959439000,2026-03-08T16:43:59,64fc99ac000000000402451e,一朵风中摇曳的陈俊生,正在准备下一个公募实习生的面试[捂脸R],0
699d4cd9000000000f02dafc,699d404000000000150391fe,,,,秋招甚至没有几家不用填身高体重兴趣爱好的[笑哭R],1,1,黑龙江,0,1771916506000,2026-02-24T15:01:46,5e8286660000000001008814,车车寒寒的eigi,秋招甚至没有几家不用填身高体重兴趣爱好的[笑哭R],0
699d59e4000000000c0082f2,699d404000000000150391fe,,,,请问这些日常岗位是哪里看到的呀,0,1,上海,0,1771919845000,2026-02-24T15:57:25,610286ee000000002002e810,水羽,请问这些日常岗位是哪里看到的呀,0
699fb80500000000180229c3,699d404000000000150391fe,,,,官网打开,1,0,天津,0,1772075013000,2026-02-26T11:03:33,596a1b256a6a696a732078e1,一哒七,官网打开,0
699fda79000000001d008ed3,699d404000000000150391fe,,,699fda4d000000000f00d864,投简历纯粹体力活儿,2,0,湖北,3,1772083833000,2026-02-26T13:30:33,6059c8b8000000000100121c,RachelZ,投简历纯粹体力活儿,0
699d7d84000000000800cb55,699d404000000000150391fe,,,699d72bf0000000009007914,我不清楚诶，有些会有ai解析帮助填一部分，或者像我的Chrome会自动填充一些，但还是挺花时间嘟,0,0,浙江,3,1771928965000,2026-02-24T18:29:25,698d8ff70000000021005d63,SadBeefRoll,我不清楚诶，有些会有ai解析帮助填一部分，或者像我的Chrome会自动填充一些，但还是挺花时间嘟,0
69ad6d0c0000000015004ca7,699d404000000000150391fe,,,69ad36ce0000000015005d62,求面经哈哈哈,0,0,天津,3,1772973324000,2026-03-08T20:35:24,698d8ff70000000021005d63,SadBeefRoll,求面经哈哈哈,0
699d7d450000000008031c4c,699d404000000000150391fe,,,699d4cd9000000000f02dafc,这么难崩[哭惹R],0,0,浙江,3,1771928901000,2026-02-24T18:28:21,698d8ff70000000021005d63,SadBeefRoll,这么难崩[哭惹R],0
699d7d320000000009022903,699d404000000000150391fe,,,699d59e4000000000c0082f2,直接搜xx基金实习就能找到，我一个个手动查的,1,0,浙江,3,1771928882000,2026-02-24T18:28:02,698d8ff70000000021005d63,SadBeefRoll,直接搜xx基金实习就能找到，我一个个手动查的,0
69d0c9ec000000000103d643,69d0c71800000000210105b5,,,,金融本也不会几个，但是还是面邀了,1,1,湖南,0,1775290860000,2026-04-04T16:21:00,63b77f15000000002702a00a,欧几里得曼x,金融本也不会几个，但是还是面邀了,0
69e4e6e0000000001401e022,69d0c71800000000210105b5,,,,可以用计算器吗,0,1,上海,0,1776608993000,2026-04-19T22:29:53,5dcb8d3900000000010057eb,Edison.,可以用计算器吗,0
69d85439000000000202a924,69d0c71800000000210105b5,,,,完全靠猜。。。,0,1,英国,0,1775785018000,2026-04-10T09:36:58,5c8e610b00000000100224cf,nnahuy_,完全靠猜。。。,0
69d0da2d0000000001005a5d,69d0c71800000000210105b5,,,,是测评还是笔试呀,1,1,浙江,0,1775295022000,2026-04-04T17:30:22,60d1921b0000000020024e80,曼迪贝贝,是测评还是笔试呀,0
69d4bc3d0000000016017f36,69d0c71800000000210105b5,,,,求问多少题多长时间呀,0,1,天津,0,1775549502000,2026-04-07T16:11:42,5f200e6d0000000001004627,ajsiha,求问多少题多长时间呀,0
69d0fbf7000000000f02503e,69d0c71800000000210105b5,,,,祝福你[暗中观察R],0,0,北京,0,1775303671000,2026-04-04T19:54:31,5db76fa800000000010064c2,偷一个猕猴桃吃吃🥝,祝福你[暗中观察R],0
69d6ea650000000001007c54,69d0c71800000000210105b5,,,,嘉实基金秋招笔试测评考什么，...,1,0,北京,-2,1775692389000,2026-04-09T07:53:09,6667b17e000000000d0259db,校招笔试智多星,嘉实基金秋招笔试测评考什么，...,0
69d0ccf40000000015006c84,69d0c71800000000210105b5,,,69d0c9ec000000000103d643,果真吗？希望也邀请我[哭惹R]，我真的很喜欢这个岗位！,0,0,北京,0,1775291636000,2026-04-04T16:33:56,6246be2e000000001000e4d7,竹子Rachel,果真吗？希望也邀请我[哭惹R]，我真的很喜欢这个岗位！,0
69e4f04d000000001401d432,69d0c71800000000210105b5,,,69e4e6e0000000001401e022,没说[呃R],0,0,北京,0,1776611406000,2026-04-19T23:10:06,6246be2e000000001000e4d7,竹子Rachel,没说[呃R],0
69d854c2000000001400bcc1,69d0c71800000000210105b5,,,69d85439000000000202a924,留子也不会我就放心了[doge]，,0,0,北京,0,1775785154000,2026-04-10T09:39:14,6246be2e000000001000e4d7,竹子Rachel,留子也不会我就放心了[doge]，,0
69d0ef70000000001500a0b6,69d0c71800000000210105b5,,,69d0da2d0000000001005a5d,笔试，正经的金融知识，没有性格。,1,0,北京,0,1775300464000,2026-04-04T19:01:04,6246be2e000000001000e4d7,竹子Rachel,笔试，正经的金融知识，没有性格。,0
69d4c8c1000000001500b741,69d0c71800000000210105b5,,,69d4bc3d0000000016017f36,50道题，40单选10多选，忘了时间限制了，因为我完全不会[微笑R]，做完就交了。,0,0,北京,0,1775552706000,2026-04-07T17:05:06,6246be2e000000001000e4d7,竹子Rachel,50道题，40单选10多选，忘了时间限制了，因为我完全不会[微笑R]，做完就交了。,0
69cb7d52000000000d01216a,69c9f51f0000000023021f37,,,,请问这家上班强度有了解过吗[doge],0,3,广东,0,1774943571000,2026-03-31T15:52:51,5cbe5d7300000000170246d0,加德满都的风铃,请问这家上班强度有了解过吗[doge],0
69c9f679000000000903742c,69c9f51f0000000023021f37,,,,什么岗呀博主,0,2,美国,3,1774843513000,2026-03-30T12:05:13,60064294000000000101d450,陈冠希,什么岗呀博主,0
69de7e05000000003501e74f,69c9f51f0000000023021f37,,,,请问base北京嘛,0,2,上海,0,1776188934000,2026-04-15T01:48:54,678624dc00000000060114da,momo,请问base北京嘛,0
69ca2f620000000005039282,69c9f51f0000000023021f37,,,,可以请问uu是什么时候面试的嘛？,2,1,河南,0,1774858082000,2026-03-30T16:08:02,5c5ffe8f000000001102bb85,yuriko,可以请问uu是什么时候面试的嘛？,0
69c9f845000000000c033ec1,69c9f51f0000000023021f37,,,,请问UU是暑期实习吗？,1,1,广东,0,1774843974000,2026-03-30T12:12:54,5f6b0a4a000000000100a21a,Estella,请问UU是暑期实习吗？,0
69df5ff8000000000202aef0,69c9f51f0000000023021f37,,,,,0,0,中国台湾,0,1776246778000,2026-04-15T17:52:58,5ae32d74e8ac2b108cfbbe78,Cool cat_,,0
69ca6190000000000f01b7fa,69c9f51f0000000023021f37,,,,大二就要？专业课都没学[汗颜R]，黑工还是vip,3,1,美国,-2,1774870928000,2026-03-30T19:42:08,665dc34e0000000007006eb0,momo,大二就要？专业课都没学[汗颜R]，黑工还是vip,0
69ca16d80000000009037eb5,69c9f51f0000000023021f37,,,,接😭,0,0,中国香港,-2,1774851801000,2026-03-30T14:23:21,686b3103000000001b0207ff,巴迪财富自由💰,接😭,0
69cb7d6c00000000010050c4,69c9f51f0000000023021f37,,,69cb7d52000000000d01216a,没 很大吗,0,0,广东,0,1774943597000,2026-03-31T15:53:17,67d64e41000000000e013f29,shuangshuang,没 很大吗,0
69c9ff4a0000000001007c34,69c9f51f0000000023021f37,,,69c9f679000000000903742c,海外业务部的一个岗位,0,0,中国香港,0,1774845770000,2026-03-30T12:42:50,67d64e41000000000e013f29,shuangshuang,海外业务部的一个岗位,0
69de80a1000000000103f2e9,69c9f51f0000000023021f37,,,69de7e05000000003501e74f,對啊,0,0,中国香港,0,1776189602000,2026-04-15T02:00:02,67d64e41000000000e013f29,shuangshuang,對啊,0
69ca3dd3000000000100477f,69c9f51f0000000023021f37,,,69ca2f620000000005039282,上周五,0,0,中国香港,0,1774861780000,2026-03-30T17:09:40,67d64e41000000000e013f29,shuangshuang,上周五,0
69c9fd51000000000d03496f,69c9f51f0000000023021f37,,,69c9f845000000000c033ec1,不是哦 是日常实习继任,0,0,中国香港,0,1774845265000,2026-03-30T12:34:25,67d64e41000000000e013f29,shuangshuang,不是哦 是日常实习继任,0
69ca61ce000000000202a6b0,69c9f51f0000000023021f37,,,69ca6190000000000f01b7fa,日常实习 我自己投到的,1,0,中国香港,0,1774870990000,2026-03-30T19:43:10,67d64e41000000000e013f29,shuangshuang,日常实习 我自己投到的,0
6853e391000000001e01e9d2,67eff7e1000000001c03e093,,,,一个月一篇这种高强度私募，能坚持下来收获很大,3,2,上海,0,1750328210000,2025-06-19T18:16:50,61fd01d8000000001000a5ea,momo大王,一个月一篇这种高强度私募，能坚持下来收获很大,0
67f0021800000000120020f6,67eff7e1000000001c03e093,,,,请问二买投研的门槛比一级更高吗,1,5,上海,0,1743782425000,2025-04-05T00:00:25,656ec90c000000002002dbee,mi204,请问二买投研的门槛比一级更高吗,0
67eff9df000000001f01bb75,67eff7e1000000001c03e093,,,,我大二也在做自营投研，研究很无趣[暗中观察R]，但是我很喜欢听路演、然后听策略，跟老师去调研时候也很开心，,8,1,上海,0,1743780320000,2025-04-04T23:25:20,5d39adb4000000001100074f,✅c,我大二也在做自营投研，研究很无趣[暗中观察R]，但是我很喜欢听路演、然后听策略，跟老师去调研时候也很开心，,0
67eff8a9000000001e03a50c,67eff7e1000000001c03e093,,,,一眼嘉里城,0,0,北京,-2,1743780009000,2025-04-04T23:20:09,60462c6700000000010082cd,momo,一眼嘉里城,0
69cfe493000000000202814c,67eff7e1000000001c03e093,,,6853e391000000001e01e9d2,一个月一篇私募尽调报告？ 我在做FOF，一周一家……[笑哭R],0,0,北京,0,1775232148000,2026-04-04T00:02:28,5c235238000000000503fcad,BEI,一个月一篇私募尽调报告？ 我在做FOF，一周一家……[笑哭R],0
67f01571000000001200172d,67eff7e1000000001c03e093,,,67f0021800000000120020f6,俩赛道、一级买入行都难，二级买起码有hc,13,0,北京,0,1743787377000,2025-04-05T01:22:57,6294def6000000002102bbfe,momo,俩赛道、一级买入行都难，二级买起码有hc,0
67f02417000000001f003a1a,67eff7e1000000001c03e093,,,67eff9df000000001f01bb75,我也,0,0,新加坡,0,1743791127000,2025-04-05T02:25:27,62912025000000002102214e,Lulucotton,我也,0
67f8df430000000012010f29,67f8de73000000001202f695,,,,诶！uu咋知道挂了,0,2,河北,0,1744363331000,2025-04-11T17:22:11,5fa28316000000000101fcc7,Faaaa,诶！uu咋知道挂了,0
67f8e02100000000120211fc,67f8de73000000001202f695,,,,[抓狂R],1,1,上海,0,1744363554000,2025-04-11T17:25:54,5c7b542b0000000010017d9f,Bye！（接 offer 版）,[抓狂R],0
67fa5aec000000001f00bd5e,67f8de73000000001202f695,,,,姐妹是销售吗[哭惹R],1,1,北京,0,1744460525000,2025-04-12T20:22:05,65be357a000000000d03fe3c,小红薯65BE9948,姐妹是销售吗[哭惹R],0
67fd1aa5000000001f00b4cf,67f8de73000000001202f695,,,,没事uu我甚至忘了投[哭惹R],1,0,北京,0,1744640678000,2025-04-14T22:24:38,6049a41e0000000001009c19,这合理吗（会做炒面版）,没事uu我甚至忘了投[哭惹R],0
67f90c83000000001f00a579,67f8de73000000001202f695,,,,JS笔试好像一直是分批发的，可以等等,0,0,上海,0,1744374915000,2025-04-11T20:35:15,61ea39c900000000100092ae,青橘🍊,JS笔试好像一直是分批发的，可以等等,0
67fe0d240000000012022d38,67f8de73000000001202f695,,,,请问uu是什么时候投的呀,0,0,天津,0,1744702757000,2025-04-15T15:39:17,5b1eef6c4eacab4a1dd6dab0,我把吉伊都翻遍,请问uu是什么时候投的呀,0
69c1dead000000000d035988,67f8de73000000001202f695,,,,嘉实基金秋招笔试测评考什么，...,2,0,北京,0,1774313133000,2026-03-24T08:45:33,6667b17e000000000d0259db,校招笔试智多星,嘉实基金秋招笔试测评考什么，...,0
69c11fcc0000000019001e18,67f8de73000000001202f695,,,,嘉实基金秋招笔试测评考什么，...,1,0,北京,0,1774264268000,2026-03-23T19:11:08,652201f6000000002402e44f,辉达HDCareer,嘉实基金秋招笔试测评考什么，...,0
67f90522000000001e014acb,67f8de73000000001202f695,,,,[捂脸R]学姐投的什么岗,0,0,北京,0,1744373027000,2025-04-11T20:03:47,60dea109000000000101faca,定风波,[捂脸R]学姐投的什么岗,0
67f9b9ca000000001f02ad8c,67f8de73000000001202f695,,,,没收到+1 不过也正常[笑哭R],0,0,上海,0,1744419274000,2025-04-12T08:54:34,5f1eb1f10000000001000b81,momo（享受最后假期版,没收到+1 不过也正常[笑哭R],0
67f8df76000000001f00fbba,67f8de73000000001202f695,,,67f8df430000000012010f29,之前xhs说发笔试了,0,0,上海,0,1744363382000,2025-04-11T17:23:02,5d3ace3f0000000010012c1a,Momo,之前xhs说发笔试了,0
67f8e05a000000001f0285f4,67f8de73000000001202f695,,,67f8e02100000000120211fc,握爪,0,0,上海,0,1744363610000,2025-04-11T17:26:50,5d3ace3f0000000010012c1a,Momo,握爪,0
67fa60d10000000020013077,67f8de73000000001202f695,,,67fa5aec000000001f00bd5e,不是,0,0,上海,0,1744462034000,2025-04-12T20:47:14,5d3ace3f0000000010012c1a,Momo,不是,0
67fa811a000000001e03b5a3,67f8de73000000001202f695,,,,投研吗,0,0,北京,0,1744470298000,2025-04-12T23:04:58,60cb1eb30000000001003843,忧郁的四川人,投研吗,0
69b8a316000000000c030ddf,67f8de73000000001202f695,,,,嘉实基金笔试真题,2,0,北京,-2,1773708055000,2026-03-17T08:40:55,6667b17e000000000d0259db,校招笔试智多星,嘉实基金笔试真题,0
68ac17a10000000030018ce0,68abb601000000001c0050e1,,,,没资源去金融做什么？当销售？,8,1,上海,0,1756108705000,2025-08-25T15:58:25,5b4a6069e8ac2b1a9b36ab00,Kittyliio🧀,没资源去金融做什么？当销售？,0
68b39e2a000000000b02a015,68abb601000000001c0050e1,,,,[doge][doge],0,0,中国香港,0,1756601898000,2025-08-31T08:58:18,64caf43c000000000b0063f4,WANG（这周会收到ofr！,[doge][doge],0
68abc8d60000000030008444,68abb601000000001c0050e1,,,,金融不都是这样吗[doge]建议换个行当,8,0,上海,0,1756088534000,2025-08-25T10:22:14,6347eb27000000001802d203,momo,金融不都是这样吗[doge]建议换个行当,0
68abf098000000003002b579,68abb601000000001c0050e1,,,,真的假的 上银都曝光多少次了,9,0,上海,0,1756098712000,2025-08-25T13:11:52,60128b16000000000100bc28,随机森林,真的假的 上银都曝光多少次了,0
68abde120000000026034cdb,68abb601000000001c0050e1,,,,上银每年都这样,31,0,北京,0,1756093970000,2025-08-25T11:52:50,5c233858000000000703a2d2,shallow deer,上银每年都这样,0
68ac225500000000270015d0,68abb601000000001c0050e1,,,,他家固收也贼踏马搞笑，社招，我看了才恍然大悟，一模一样的，猎头简历给过去还没开始面就来原单位打听你了，后来其实是在内部转岗了一个，你没想好好招人你去通风报信纯有病，银行系都这么沙币，一丁点职业道德没有。也避雷某家一直在上海用猎头招人的江苏某理财，刚面完给你领导打电话绘声绘色讲述你的面试表现。还有一天在地铁上上海某国股行女领导得意洋洋大谈自己属下去隔壁面试马上被对面领导过来通气了，那叫一个得意啊，整地铁都是同行，人家毫不在意毫不避讳。银行系似乎有这种沙币基因还是咋回事？还是纯粹没有想过世界上有职业道德这个东西？,50,1,上海,-2,1756111445000,2025-08-25T16:44:05,66dbe5df000000001d03352b,snowballruninggg,他家固收也贼踏马搞笑，社招，我看了才恍然大悟，一模一样的，猎头简历给过去还没开始面就来原单位打听你了，后来其实是在内部转岗了一个，你没想好好招人你去通风报信纯有病，银行系都这么沙币，一丁点职业道德没有。也避雷某家一直在上海用猎头招人的江苏某理财，刚面完给你领导打电话绘声绘色讲述你的面试表现。还有一天在地铁上上海某国股行女领导得意洋洋大谈自己属下去隔壁面试马上被对面领导过来通气了，那叫一个得意啊，整地铁都是同行，人家毫不在意毫不避讳。银行系似乎有这种沙币基因还是咋回事？还是纯粹没有想过世界上有职业道德这个东西？,0
68ac26140000000026037cda,68abb601000000001c0050e1,,,,这公司股票就是草台戏班子，我也被骗去实习过几周，内部权益会议水平巨差，业绩巨差，部门领导是个女的事儿妈一样，喜欢在办公室大笑很恶心，感谢大力发出来给大家避雷。,18,0,上海,-2,1756112405000,2025-08-25T17:00:05,64e1c012000000000200d006,三四是小富婆🐷,这公司股票就是草台戏班子，我也被骗去实习过几周，内部权益会议水平巨差，业绩巨差，部门领导是个女的事儿妈一样，喜欢在办公室大笑很恶心，感谢大力发出来给大家避雷。,0
68ad94080000000030007ac0,68abb601000000001c0050e1,,,,已经烂透了,1,0,上海,-2,1756206089000,2025-08-26T19:01:29,60157946000000000100a89f,Z.,已经烂透了,0
68adcb94000000000b02cf74,68abb601000000001c0050e1,,,68ac17a10000000030018ce0,销售也是要有资源的,0,0,上海,0,1756220308000,2025-08-26T22:58:28,59d228fcdb2e605f89173f7d,😇,销售也是要有资源的,0
69114d2600000000370253b6,68abb601000000001c0050e1,,,68ac225500000000270015d0,苏银？,0,0,上海,0,1762741542000,2025-11-10T10:25:42,5d44194f00000000160133fa,凭啥说我昵称违规,苏银？,0
697d5dfd0000000018038d78,697c1b40000000001a0357b8,,,,宝宝评级报告财务分析部分几个维度，资产质量 资本结构 盈利能力 现金流 偿债能力，就这个范围的会计知识～,4,2,北京,0,1769823742000,2026-01-31T09:42:22,5bbb80e7ca8dbd000114ecfb,云吃吃,宝宝评级报告财务分析部分几个维度，资产质量 资本结构 盈利能力 现金流 偿债能力，就这个范围的会计知识～,0
697c4b07000000000b036e2b,697c1b40000000001a0357b8,,,,信评要这么多会计知识吗……,0,4,四川,0,1769753351000,2026-01-30T14:09:11,58dfa85ea9b2ed4e60ac1748,momo,信评要这么多会计知识吗……,0
697c6abe0000000031003eb0,697c1b40000000001a0357b8,,,,信评确实比较偏会计，毕竟算真实偿债能力啥的得看报表不能只看几个指标。跟固收的侧重点有一些差异吧。,0,1,河南,0,1769761470000,2026-01-30T16:24:30,60c9ab280000000001008cc0,依稀别梦寒,信评确实比较偏会计，毕竟算真实偿债能力啥的得看报表不能只看几个指标。跟固收的侧重点有一些差异吧。,0
697c35410000000008032628,697c1b40000000001a0357b8,,,,这是评级公司的面试么,0,2,北京,0,1769747777000,2026-01-30T12:36:17,53222db6b4c4d63cbef37751,明天是周末,这是评级公司的面试么,0
697c6305000000000c008be5,697c1b40000000001a0357b8,,,,同信评面试，去了先做一套宏观卷子hhhh，靠吃考研老底将就写完,0,2,北京,0,1769759493000,2026-01-30T15:51:33,6105100f000000002002afa5,困了就睡,同信评面试，去了先做一套宏观卷子hhhh，靠吃考研老底将就写完,0
697c2930000000000f00f1b1,697c1b40000000001a0357b8,,,,信评需要什么专业知识呀[笑哭R]我金融专业的，印象中信评都讲的很浅，就是信用评级投资之类的，昨天收到了信评实习的面试，慌慌的,0,1,广东,0,1769744688000,2026-01-30T11:44:48,62aaf05d000000001b0244c1,好柿花生煎包,信评需要什么专业知识呀[笑哭R]我金融专业的，印象中信评都讲的很浅，就是信用评级投资之类的，昨天收到了信评实习的面试，慌慌的,0
697de425000000000c01422c,697c1b40000000001a0357b8,,,,不知道现在怎么样，以前实习生入职后干得都是整理档案的杂活，不建议去诶,1,1,北京,0,1769858086000,2026-01-31T19:14:46,58646cd46a6a696258cec469,琥珀色的桃,不知道现在怎么样，以前实习生入职后干得都是整理档案的杂活，不建议去诶,0
697c1bba000000000f02d537,697c1b40000000001a0357b8,,,,[哭惹R]我自认为我并非期末考试突击型选手，我每节课都会好好听做笔记。我真的好难过，我的专业能力和学习能力被狠狠质疑。重生一次，下次我一定要好好复习专业课。,1,1,北京,0,1769741242000,2026-01-30T10:47:22,653b4c7e0000000004008baf,没头脑（求ofr版）,[哭惹R]我自认为我并非期末考试突击型选手，我每节课都会好好听做笔记。我真的好难过，我的专业能力和学习能力被狠狠质疑。重生一次，下次我一定要好好复习专业课。,0
698359910000000031032977,697c1b40000000001a0357b8,,,,zcx[笑哭R],1,0,上海,0,1770215825000,2026-02-04T22:37:05,639d2fe90000000026013156,Eudaimonia.,zcx[笑哭R],0
697cbac0000000000b0359bb,697c1b40000000001a0357b8,,,,哈哈 不会是CCX吧,0,0,上海,0,1769781953000,2026-01-30T22:05:53,58ee499c82ec39333e3db9a3,可可,哈哈 不会是CCX吧,0
697da3e2000000001900301b,697c1b40000000001a0357b8,,,697d5dfd0000000018038d78,原来是这样！因为不太了解信评，所以完全没想到准备这些。不过财务报表分析我才学过，依稀记得一些，所以答上来了点儿[扯脸H]现在学到了！谢谢你！,0,0,北京,0,1769841634000,2026-01-31T14:40:34,653b4c7e0000000004008baf,没头脑（求ofr版）,原来是这样！因为不太了解信评，所以完全没想到准备这些。不过财务报表分析我才学过，依稀记得一些，所以答上来了点儿[扯脸H]现在学到了！谢谢你！,0
697c4b85000000000f01e66f,697c1b40000000001a0357b8,,,697c4b07000000000b036e2b,我也是没想到[捂脸R]一点点别的都没问，只问了会计,0,0,北京,0,1769753477000,2026-01-30T14:11:17,653b4c7e0000000004008baf,没头脑（求ofr版）,我也是没想到[捂脸R]一点点别的都没问，只问了会计,0
697c6d1d0000000019000a0b,697c1b40000000001a0357b8,,,697c6abe0000000031003eb0,确实，现在想想是我理解不到位，准备得太少了。小红书上面经都说是固收，所以我就只看了固收。其实会计也不是不会，就是面试通知得太急，而且本身我是金融的，学的会计比较少，所以复习不到位[扯脸H]总结经验了，下次一定要好好准备。,0,0,北京,0,1769762077000,2026-01-30T16:34:37,653b4c7e0000000004008baf,没头脑（求ofr版）,确实，现在想想是我理解不到位，准备得太少了。小红书上面经都说是固收，所以我就只看了固收。其实会计也不是不会，就是面试通知得太急，而且本身我是金融的，学的会计比较少，所以复习不到位[扯脸H]总结经验了，下次一定要好好准备。,0
697c3b97000000000f01b5c9,697c1b40000000001a0357b8,,,697c35410000000008032628,是的[哭惹R]我以为会问固收金风管的东西，地铁上还在复习我本科的笔记，没想到问了我很多会计知识。我是典型的从来没押对过题的倒霉蛋[捂脸R][捂脸R],0,0,北京,0,1769749400000,2026-01-30T13:03:20,653b4c7e0000000004008baf,没头脑（求ofr版）,是的[哭惹R]我以为会问固收金风管的东西，地铁上还在复习我本科的笔记，没想到问了我很多会计知识。我是典型的从来没押对过题的倒霉蛋[捂脸R][捂脸R],0
697c65980000000011019d71,697c1b40000000001a0357b8,,,697c6305000000000c008be5,日常实习吗…？我的天[捂脸R]保研人已经不记得任何宏观的知识了,0,0,北京,0,1769760153000,2026-01-30T16:02:33,653b4c7e0000000004008baf,没头脑（求ofr版）,日常实习吗…？我的天[捂脸R]保研人已经不记得任何宏观的知识了,0
697c29b0000000000f018729,697c1b40000000001a0357b8,,,697c2930000000000f00f1b1,宝宝看看帖子，我被问到的专业知识都写了。我之前搜的面经都说问固收，可能不同岗也不一样，你可以多搜搜。,1,0,北京,0,1769744816000,2026-01-30T11:46:56,653b4c7e0000000004008baf,没头脑（求ofr版）,宝宝看看帖子，我被问到的专业知识都写了。我之前搜的面经都说问固收，可能不同岗也不一样，你可以多搜搜。,0
697ffc2a000000001900199a,697c1b40000000001a0357b8,,,697de425000000000c01422c,好哦，面试说好像是做会议纪要。应该也不会去了[扯脸H],0,0,北京,0,1769995306000,2026-02-02T09:21:46,653b4c7e0000000004008baf,没头脑（求ofr版）,好哦，面试说好像是做会议纪要。应该也不会去了[扯脸H],0
69b24d360000000014032445,697c1b40000000001a0357b8,,,697c1bba000000000f02d537,其实很棒哈哈哈哈哈[偷笑R]这篇文章看得出来逻辑很清楚，表达能力很强。加油，我明天也去面试一家试试,0,0,上海,0,1773292854000,2026-03-12T13:20:54,63b1bf950000000027029120,Keeeey,其实很棒哈哈哈哈哈[偷笑R]这篇文章看得出来逻辑很清楚，表达能力很强。加油，我明天也去面试一家试试,0
697ca3d4000000000f029e7b,697c1b40000000001a0357b8,,,,访谈纪要,0,0,北京,0,1769776084000,2026-01-30T20:28:04,647c9b89000000000f007783,momo,访谈纪要,0
69f2e9b2000000002803d840,697c1b40000000001a0357b8,,,,是ccx吗 感觉没问这些会计知识呀...,0,0,北京,0,1777527219000,2026-04-30T13:33:39,60e43a7700000000010077b2,小白兔炸了,是ccx吗 感觉没问这些会计知识呀...,0
67378042000000001b0340b1,67377ed1000000003c01a904,,,,想问问最后去哪家了,0,1,北京,0,1731690563000,2024-11-16T01:09:23,6580084d000000002002cef0,🎃,想问问最后去哪家了,0
6737a1a7000000001702e937,67377ed1000000003c01a904,,,,哪里找的呀,2,1,上海,0,1731699112000,2024-11-16T03:31:52,5fcd10d3000000000101c4d5,远山（有女朋友版）,哪里找的呀,0
673e78f80000000007006f85,67377ed1000000003c01a904,,,,问问uu去了哪家！,0,1,美国,0,1732147449000,2024-11-21T08:04:09,5d93f5c20000000001002a21,我是来揍你的,问问uu去了哪家！,0
67387e8a000000001b025b15,67377ed1000000003c01a904,,,,好厉害[哇R][害羞R][哇R],0,1,北京,0,1731755659000,2024-11-16T19:14:19,5dc95a51000000000100333b,浅浅浅蓝,好厉害[哇R][害羞R][哇R],0
6764d3a3000000000d03b013,67377ed1000000003c01a904,,,,uu我现在也在一家公募实习！可以交流讨论一下嘛,0,0,北京,0,1734661027000,2024-12-20T10:17:07,60c588400000000020026dab,梓豪妈妈👩,uu我现在也在一家公募实习！可以交流讨论一下嘛,0
676d088d000000000d018f17,67377ed1000000003c01a904,,,,想问uu为什么想去渠道销售实习呀，未来也打算往这个方向发展吗,0,0,湖南,0,1735198861000,2024-12-26T15:41:01,5c62b9fc0000000012014b8a,lll,想问uu为什么想去渠道销售实习呀，未来也打算往这个方向发展吗,0
6749d591000000000701464f,67377ed1000000003c01a904,,,,请问想进买方投研，需要从中后台或者销售开始做么[皱眉R][皱眉R],0,0,天津,3,1732892050000,2024-11-29T22:54:10,63f8dcc9000000000f011ced,Jenny 🐢,请问想进买方投研，需要从中后台或者销售开始做么[皱眉R][皱眉R],0
676d1f36000000001000637f,67377ed1000000003c01a904,,,,请问总对总是干什么的呀,2,0,上海,0,1735204663000,2024-12-26T17:17:43,63fa4864000000000f01153a,柚子,请问总对总是干什么的呀,0
67c99d3c00000000180104ec,67377ed1000000003c01a904,,,,我说我没买基金，他问我有买什么股票我说买了Palantir[偷笑R][偷笑R],0,0,福建,-2,1741266236000,2025-03-06T21:03:56,643ce045000000000e01d97f,氢司老师学习新思想,我说我没买基金，他问我有买什么股票我说买了Palantir[偷笑R][偷笑R],0
673781070000000017024772,67377ed1000000003c01a904,,,67378042000000001b0340b1,私你啦uu,0,0,北京,0,1731690760000,2024-11-16T01:12:40,5d0213770000000010038f76,可乐加冰,私你啦uu,0
6737e51a00000000190001d7,67377ed1000000003c01a904,,,6737a1a7000000001702e937,各种实习群和公众号高强度刷新[暗中观察R],4,0,北京,0,1731716379000,2024-11-16T08:19:39,5d0213770000000010038f76,可乐加冰,各种实习群和公众号高强度刷新[暗中观察R],0
673e7aa3000000000702315c,67377ed1000000003c01a904,,,673e78f80000000007006f85,私你啦uu,0,0,北京,0,1732147876000,2024-11-21T08:11:16,5d0213770000000010038f76,可乐加冰,私你啦uu,0
673883b40000000017025698,67377ed1000000003c01a904,,,67387e8a000000001b025b15,[暗中观察R][暗中观察R][暗中观察R],0,0,北京,0,1731756981000,2024-11-16T19:36:21,5d0213770000000010038f76,可乐加冰,[暗中观察R][暗中观察R][暗中观察R],0
6a094253000000002a03246a,6a08b89a000000000803d5af,,,,实习思路小女子正在整理中，后续会更新欢迎关注！！,1,1,江西,4,1778991700000,2026-05-17T12:21:40,5e4bf8190000000001004409,阳和启蛰🕊,实习思路小女子正在整理中，后续会更新欢迎关注！！,0
6a0a74c0000000002902e04a,6a08b89a000000000803d5af,,,,能问问是在官网投递的还是在邮箱投递的嘛[微笑R]感谢！[红色心形R],0,1,英国,0,1779070145000,2026-05-18T10:09:05,58b964f65e87e739f2adcbd6,momo,能问问是在官网投递的还是在邮箱投递的嘛[微笑R]感谢！[红色心形R],0
6a0c0781000000002101182a,6a08b89a000000000803d5af,,,,实习薪资多少，需要搭钱进取吗,0,0,江西,0,1779173250000,2026-05-19T14:47:30,664f47870000000003030a21,苦笑脸,实习薪资多少，需要搭钱进取吗,0
6a0bd32c0000000029013e80,6a08b89a000000000803d5af,,,,,0,0,北京,0,1779159853000,2026-05-19T11:04:13,61ee222f0000000010005545,失眠飞船,,0
6a0af5660000000028031a38,6a08b89a000000000803d5af,,,,,0,0,新加坡,0,1779103079000,2026-05-18T19:17:59,5ad2021211be101ca86c17f2,淡淡凉,,0
6a095baf0000000029018a7d,6a08b89a000000000803d5af,,,,,0,1,中国澳门,0,1778998192000,2026-05-17T14:09:52,60d99faa0000000020027960,我在酒吧穿西装,,0
6a0abebe000000002a033bd4,6a08b89a000000000803d5af,,,,,0,0,福建,0,1779089087000,2026-05-18T15:24:47,5bde5bf80b6b7200013c73c5,面包干超人,,0
6a09c1ef000000002701535c,6a08b89a000000000803d5af,,,,,0,0,江西,0,1779024368000,2026-05-17T21:26:08,62b4050b000000001902985e,小羊莫方,,0
6a092d53000000002902d6d7,6a08b89a000000000803d5af,,,,,0,0,上海,0,1778986324000,2026-05-17T10:52:04,63f773c20000000014013a12,嘻嘻,,0
6a09775e000000002902600b,6a08b89a000000000803d5af,,,,酱菜校友嘛,0,0,江苏,0,1779005279000,2026-05-17T16:07:59,62aae06e000000001b029af6,omom🥕,酱菜校友嘛,0
6a09d706000000002b02620d,6a08b89a000000000803d5af,,,6a094253000000002a03246a,老师给的实习资料无偿分享，欢迎私信(=^^=),0,0,江西,0,1779029766000,2026-05-17T22:56:06,5e4bf8190000000001004409,阳和启蛰🕊,老师给的实习资料无偿分享，欢迎私信(=^^=),0
6a0b1314000000002a02de1f,6a08b89a000000000803d5af,,,6a0a74c0000000002902e04a,蹲之[皱眉R],0,0,湖北,0,1779110677000,2026-05-18T21:24:37,6083be90000000000100ad54,青戒子子,蹲之[皱眉R],0
6a0ad203000000002a02ee19,6a08b89a000000000803d5af,,,6a095baf0000000029018a7d,还愿,0,0,中国澳门,0,1779094019000,2026-05-18T16:46:59,60d99faa0000000020027960,我在酒吧穿西装,还愿,0
6a0951cd000000002803a1eb,6a08b89a000000000803d5af,,,,,0,0,陕西,0,1778995662000,2026-05-17T13:27:42,643e31240000000010028e4b,佛山GK渡尘（唯爱月梢版）,,0
6a09b85d000000002701585d,6a08b89a000000000803d5af,,,,,0,0,安徽,0,1779021918000,2026-05-17T20:45:18,60d15c11000000000100b3d5,千千的回忆相册,,0
6a095a710000000029010082,6a08b89a000000000803d5af,,,,,0,0,中国香港,0,1778997874000,2026-05-17T14:04:34,611f20870000000001005db5,momo,,0
6a0962d200000000280321db,6a08b89a000000000803d5af,,,,国金暑期就发了[石化R],0,1,中国香港,0,1779000019000,2026-05-17T14:40:19,61e24f9e000000001000b355,马料水在逃土鸡,国金暑期就发了[石化R],0
6a098d650000000029018683,6a08b89a000000000803d5af,,,,,0,0,北京,0,1779010918000,2026-05-17T17:41:58,610d508000000000010097ce,tan,,0
6a095eba0000000028034a12,6a08b89a000000000803d5af,,,,,0,0,上海,0,1778998971000,2026-05-17T14:22:51,6102b63a0000000001015b5c,成功女人P女士,,0
6a092528000000002a033e96,6a08b89a000000000803d5af,,,,,0,0,广东,0,1778984233000,2026-05-17T10:17:13,5e56051a0000000001007239,淋雨不淋雨（万兽之王内场一排版）,,0
6a0976a800000000290243ad,6a08b89a000000000803d5af,,,,,0,0,广东,0,1779005097000,2026-05-17T16:04:57,5b056f024eacab3887d5fdd4,全世界最最最最最最最最最最最最最聪明的小女孩,,0
6a098de7000000002702fc40,6a08b89a000000000803d5af,,,,,0,0,上海,0,1779011048000,2026-05-17T17:44:08,5b876f8b8bf5ee0001bdfe1b,香菇泡泡_,,0
6a0929d1000000002a02ee02,6a08b89a000000000803d5af,,,,,0,0,山东,0,1778985426000,2026-05-17T10:37:06,66a4653f000000001d0336c6,加油的泡泡,,0
6a09a552000000002b00382d,6a08b89a000000000803d5af,,,6a0962d200000000280321db,应该是日常叭，本科妹妹可能以为暑期实习就是暑期做的实习所以带了tag,1,0,安徽,0,1779017043000,2026-05-17T19:24:03,5d46650400000000160233cd,好运vv（传递好运版）,应该是日常叭，本科妹妹可能以为暑期实习就是暑期做的实习所以带了tag,0
6a093791000000002a02c423,6a08b89a000000000803d5af,,,,,0,0,江苏,0,1778988947000,2026-05-17T11:35:47,61489040000000000201a445,秃飞猛进,,0
6a093ad7000000002b02a552,6a08b89a000000000803d5af,,,,,0,0,浙江,0,1778989784000,2026-05-17T11:49:44,60ce1c95000000000100b5d5,北北栀,,0
6a099fc6000000002902c14e,6a08b89a000000000803d5af,,,,什么学校的呀92吗,0,0,辽宁,0,1779015622000,2026-05-17T19:00:22,62db5305000000001f01487b,fufufufu,什么学校的呀92吗,0
6a0961f7000000002702a2c4,6a08b89a000000000803d5af,,,,,0,0,山东,0,1778999800000,2026-05-17T14:36:40,61e81609000000001000f6c4,momo,,0
6a09954a000000002900f45e,6a08b89a000000000803d5af,,,,[抽泣R][皱眉R],0,0,北京,0,1779012939000,2026-05-17T18:15:39,61ca6813000000001000d105,糯叽叽,[抽泣R][皱眉R],0
6a094e0b000000002702814c,6a08b89a000000000803d5af,,,,蹲蹲[害羞R],0,0,陕西,0,1778994700000,2026-05-17T13:11:40,5a7c500f11be1014cfd358c0,Kanye Jenner,蹲蹲[害羞R],0
6a0939bf000000002a027165,6a08b89a000000000803d5af,,,,蹲,0,0,湖北,0,1778989504000,2026-05-17T11:45:04,629ec46f00000000190239a8,myself,蹲,0
67ed31f9000000001e00cea5,67e633cf000000001d027c9a,,,,分公司吧,0,0,上海,0,1743598074000,2025-04-02T20:47:54,5fcd10d3000000000101c4d5,远山（有女朋友版）,分公司吧,0
69bb6a360000000001004fb2,67e633cf000000001d027c9a,,,,宝宝方便问一下这个岗位日常工作是什么呀[飞吻R][飞吻R],0,0,广东,0,1773890103000,2026-03-19T11:15:03,61e2da7c000000001000c253,一粒苹果酒,宝宝方便问一下这个岗位日常工作是什么呀[飞吻R][飞吻R],0
69a995c5000000000c0143c8,67e633cf000000001d027c9a,,,,你好～请问是什么岗位呀,1,0,广东,0,1772721606000,2026-03-05T22:40:06,62a71ae0000000001b02b161,多多爱睡觉,你好～请问是什么岗位呀,0
68957a89000000002903d006,67e633cf000000001d027c9a,,,,华西基金吗,0,0,上海,0,1754626698000,2025-08-08T12:18:18,5b4386994eacab240c6d487a,方法还,华西基金吗,0
6851686a000000000401d88a,67e633cf000000001d027c9a,,,,看起来像是嘉实哈哈哈,0,0,辽宁,0,1750165611000,2025-06-17T21:06:51,5e325a5a000000000100384e,叶无道,看起来像是嘉实哈哈哈,0
69c433f7000000000203447c,67e633cf000000001d027c9a,,,,您好 想礼貌问问是什么岗位？,0,0,上海,0,1774466039000,2026-03-26T03:13:59,5f068cd10000000001000981,climbupthemoon_7,您好 想礼貌问问是什么岗位？,0
69cbb9890000000015011bcc,67e633cf000000001d027c9a,,,,学姐求推荐[萌萌哒R],0,0,四川,0,1774958986000,2026-03-31T20:09:46,5f0eb9d10000000001003d3f,兜兜有贝才,学姐求推荐[萌萌哒R],0
69d89e59000000000103e5d5,67e633cf000000001d027c9a,,,,姐姐姐姐可以求一下面经吗[完啦R][完啦R],0,0,四川,0,1775803993000,2026-04-10T14:53:13,686c009b000000001e002f91,沈一石,姐姐姐姐可以求一下面经吗[完啦R][完啦R],0
684af1ec000000001102d68a,67e633cf000000001d027c9a,,,,姐姐求问🥺马上要去公募基金的相关行业实习了，想恶补一下知识可以请问一下有没有什么书或者资料可以推荐吗？谢谢[害羞R],1,0,上海,0,1749742061000,2025-06-12T23:27:41,5a2bbeba11be107728c3d88f,茶融_charon,姐姐求问🥺马上要去公募基金的相关行业实习了，想恶补一下知识可以请问一下有没有什么书或者资料可以推荐吗？谢谢[害羞R],0
67e6cf95000000001e015c0b,67e633cf000000001d027c9a,,,,项链很搭 [赞R],2,1,四川,0,1743179670000,2025-03-29T00:34:30,64e58e4f0000000001010b23,立哲,项链很搭 [赞R],0
67e7f3e3000000001200a3fc,67e633cf000000001d027c9a,,,67e6cf95000000001e015c0b,谢谢～,2,0,四川,0,1743254500000,2025-03-29T21:21:40,5a6354ed4eacab596c09db96,宝剑公主,谢谢～,0
67e697ab000000001f00669d,67e633cf000000001d027c9a,,,,姐姐带带,1,1,上海,0,1743165355000,2025-03-28T20:35:55,6020ba5a000000000101c324,Sahh,姐姐带带,0
696282e4000000000f02f760,67e633cf000000001d027c9a,,,,请问方便了解下投递渠道嘛[皱眉R][皱眉R],0,0,湖北,0,1768063716000,2026-01-11T00:48:36,66e2fdc0000000001e008ce4,麦一Mai,请问方便了解下投递渠道嘛[皱眉R][皱眉R],0
67e63a31000000001e014da1,67e633cf000000001d027c9a,,,,你是哪个带教姐姐 我去年也在这实习哈哈哈哈,0,0,四川,0,1743141426000,2025-03-28T13:57:06,5b0aedf211be1019a341ec06,晚春拾叁,你是哪个带教姐姐 我去年也在这实习哈哈哈哈,0
67e6361a000000001200082f,67e633cf000000001d027c9a,,,,目前实习生名额已经满了哦[萌萌哒R],0,0,四川,0,1743140378000,2025-03-28T13:39:38,5a6354ed4eacab596c09db96,宝剑公主,目前实习生名额已经满了哦[萌萌哒R],0
67e6b8da000000001f005686,67e633cf000000001d027c9a,,,67e697ab000000001f00669d,[皱眉R]姐姐以后招我做你的实习生好不好？,2,0,四川,0,1743173851000,2025-03-28T22:57:31,5a6354ed4eacab596c09db96,宝剑公主,[皱眉R]姐姐以后招我做你的实习生好不好？,0
69086832000000003902a872,690309950000000007035e51,,,,秋招只有一轮面试吗[石化R],0,14,中国香港,0,1762158643000,2025-11-03T16:30:43,5a4ef94de8ac2b5fe1ba445c,momo,秋招只有一轮面试吗[石化R],0
690313b1000000003300d9c9,690309950000000007035e51,,,,中后台滋润多了，要我我选中后台。,7,3,山西,0,1761809329000,2025-10-30T15:28:49,5a75f16011be1044356720fe,dorisleepalottanflipsome,中后台滋润多了，要我我选中后台。,0
6908e83b0000000039002439,690309950000000007035e51,,,,yfd[哭惹R]曾经暑期实习过走到总经理面倒下了,3,4,北京,0,1762191420000,2025-11-04T01:37:00,60d99e08000000000100b078,艾蕖桀桀,yfd[哭惹R]曾经暑期实习过走到总经理面倒下了,0
69078580000000003302181b,690309950000000007035e51,,,,低落:高调相当于…,1,2,北京,0,1762100609000,2025-11-03T00:23:29,5f05d303000000000101ce43,losjiwbqb,低落:高调相当于…,0
690871470000000038028f4c,690309950000000007035e51,,,,还有实习答辩吗，我纯计算机专业面固收交易了,0,1,芬兰,0,1762160968000,2025-11-03T17:09:28,5d3e67ea0000000011012f03,zwy,还有实习答辩吗，我纯计算机专业面固收交易了,0
69044a91000000003300f8ee,690309950000000007035e51,,,,你调到哪个岗位去了,0,2,北京,0,1761888913000,2025-10-31T13:35:13,5f05d303000000000101ce43,losjiwbqb,你调到哪个岗位去了,0
69044ab0000000003300fec4,690309950000000007035e51,,,,还有南方等你！,0,1,北京,0,1761888945000,2025-10-31T13:35:45,5f05d303000000000101ce43,losjiwbqb,还有南方等你！,0
6909b0620000000039020c69,690309950000000007035e51,,,,求问一面大概多久有结果呀[皱眉R],0,1,北京,0,1762242659000,2025-11-04T15:50:59,667d07cd000000000700734d,momo,求问一面大概多久有结果呀[皱眉R],0
69044ab60000000033005039,690309950000000007035e51,,,,汇添富等你,1,0,北京,0,1761888951000,2025-10-31T13:35:51,5f05d303000000000101ce43,losjiwbqb,汇添富等你,0
6909dfa40000000039000d46,690309950000000007035e51,,,,达子的面试有时候还挺玄学,0,0,广东,0,1762254756000,2025-11-04T19:12:36,5f3a0fec000000000101e5b9,Coek,达子的面试有时候还挺玄学,0
6908684b0000000039030470,690309950000000007035e51,,,69086832000000003902a872,说是实习两周答辩以后再继续面,1,0,黑龙江,0,1762158667000,2025-11-03T16:31:07,5a771ce011be10405e72cb67,Madan,说是实习两周答辩以后再继续面,0
690314220000000039028805,690309950000000007035e51,,,690313b1000000003300d9c9,请问下为什么呀？,0,0,黑龙江,0,1761809443000,2025-10-30T15:30:43,5a771ce011be10405e72cb67,Madan,请问下为什么呀？,0
690976a10000000039022af6,690309950000000007035e51,,,6908e83b0000000039002439,[哭惹R]难受,0,0,北京,0,1762227873000,2025-11-04T11:44:33,5a771ce011be10405e72cb67,Madan,[哭惹R]难受,0
690786400000000039024172,690309950000000007035e51,,,69078580000000003302181b,内敛：见肘,1,0,黑龙江,0,1762100801000,2025-11-03T00:26:41,5a771ce011be10405e72cb67,Madan,内敛：见肘,0
6908717c000000003902064e,690309950000000007035e51,,,690871470000000038028f4c,应该还是要答辩的 问别人好像这几年都得实习再答辩,1,0,黑龙江,0,1762161020000,2025-11-03T17:10:20,5a771ce011be10405e72cb67,Madan,应该还是要答辩的 问别人好像这几年都得实习再答辩,0
69044ab9000000003901de34,690309950000000007035e51,,,69044a91000000003300f8ee,私,0,0,黑龙江,0,1761888953000,2025-10-31T13:35:53,5a771ce011be10405e72cb67,Madan,私,0
69044b05000000003901eebd,690309950000000007035e51,,,69044ab0000000003300fec4,也等你[得意R][得意R]万亿规模指日可待,0,0,黑龙江,0,1761889029000,2025-10-31T13:37:09,5a771ce011be10405e72cb67,Madan,也等你[得意R][得意R]万亿规模指日可待,0
6909c3b6000000003902671b,690309950000000007035e51,,,6909b0620000000039020c69,不知道哎,0,0,北京,0,1762247606000,2025-11-04T17:13:26,5a771ce011be10405e72cb67,Madan,不知道哎,0
690976600000000033005e22,690309950000000007035e51,,,,具体啥岗位呀,0,0,安徽,0,1762227809000,2025-11-04T11:43:29,6256c36e000000000201f560,不问,具体啥岗位呀,0
6908b21700000000300242e9,690309950000000007035e51,,,,求问线上只有一面吗？另外看问题没有很刁钻深挖简历是吗~,0,0,中国香港,0,1762177559000,2025-11-03T21:45:59,5b5867fb4eacab38c791cd5d,油炸小羊,求问线上只有一面吗？另外看问题没有很刁钻深挖简历是吗~,0
690771170000000037012e06,690309950000000007035e51,,,,求问uu调到什么岗位了[红色心形R][皱眉R],0,0,上海,0,1762095383000,2025-11-02T22:56:23,663258a1000000000b031353,vianne,求问uu调到什么岗位了[红色心形R][皱眉R],0
6915827700000000380175f9,690309950000000007035e51,,,,妈呀和uu的面试问题一模一样,0,0,北京,0,1763017335000,2025-11-13T15:02:15,64a013aa000000000b014e1e,momo,妈呀和uu的面试问题一模一样,0
69044a85000000003300f67b,690309950000000007035e51,,,,？,1,0,北京,0,1761888902000,2025-10-31T13:35:02,5f05d303000000000101ce43,losjiwbqb,？,0
680770350000000020015947,6805e377000000001b03c338,,,,啥app 三万多粉丝啊。你这个xhs不才几十个粉丝,1,3,上海,0,1745317941000,2025-04-22T18:32:21,63d8ca6d0000000026007442,momo,啥app 三万多粉丝啊。你这个xhs不才几十个粉丝,0
6807229e00000000130110e3,6805e377000000001b03c338,,,,商科就业卡专业吗,0,5,河南,3,1745298078000,2025-04-22T13:01:18,5f1010730000000001004b89,Yuuu,商科就业卡专业吗,0
68065dc0000000001202190b,6805e377000000001b03c338,,,,做咨询不会卡本科吗，还是说学姐的本科是东财或江财一类的,1,6,四川,0,1745247680000,2025-04-21T23:01:20,60a0b535000000000101ecce,帆,做咨询不会卡本科吗，还是说学姐的本科是东财或江财一类的,0
680f0d710000000012021114,6805e377000000001b03c338,,,,求问bg是党员吗[哭惹R],0,2,北京,0,1745816946000,2025-04-28T13:09:06,648ae6ba000000001203492a,小红薯648B3B2C,求问bg是党员吗[哭惹R],0
68145097000000000702a7fd,6805e377000000001b03c338,,,,学姐是从本科还是研0才开始实习的呀咋在研一就有了这么多段实习[皱眉R],0,1,浙江,0,1746161816000,2025-05-02T12:56:56,5e7416c50000000001004540,momo,学姐是从本科还是研0才开始实习的呀咋在研一就有了这么多段实习[皱眉R],0
680ad845000000001f00418a,6805e377000000001b03c338,,,,看一半就知道是哪个抖音博主了[害羞R],0,1,北京,0,1745541189000,2025-04-25T08:33:09,5b1b8af511be104acf04061d,扶我起来我还能学,看一半就知道是哪个抖音博主了[害羞R],0
68071baa0000000012008317,6805e377000000001b03c338,,,,找个银行暑期，秋招回苏南总行也不错,1,1,北京,0,1745296299000,2025-04-22T12:31:39,63049e94000000000f006af3,机器爱上学习,找个银行暑期，秋招回苏南总行也不错,0
69afc3880000000032000cee,6805e377000000001b03c338,,,,你好，想请问一下鹏扬基金面试几轮呀～,1,0,福建,0,1773126536000,2026-03-10T15:08:56,6340430d000000001802e1a5,冬虫夏草,你好，想请问一下鹏扬基金面试几轮呀～,0
68070d81000000001f01bddf,6805e377000000001b03c338,,,,学姐想问问财贸保险本暑假投实习有推荐吗（不是暑期就是暑假日常实习一到两个月左右的）[玫瑰R],0,1,北京,3,1745292674000,2025-04-22T11:31:14,642e38790000000011022dc8,momo...,学姐想问问财贸保险本暑假投实习有推荐吗（不是暑期就是暑假日常实习一到两个月左右的）[玫瑰R],0
680ad833000000001e03c23c,6805e377000000001b03c338,,,,看一半就知道是哪个抖音博主了[害羞R],0,0,北京,0,1745541172000,2025-04-25T08:32:52,5b1b8af511be104acf04061d,扶我起来我还能学,看一半就知道是哪个抖音博主了[害羞R],0
68077fda00000000120090bd,6805e377000000001b03c338,,,680770350000000020015947,不是这个账号哈哈哈～关注里有，同步还有抖音视频号，emm其实视频号有20万粉丝不过变现没有小红薯和抖音好～,0,0,北京,0,1745321947000,2025-04-22T19:39:07,669b448c0000000024020b9d,momo爱上班💼,不是这个账号哈哈哈～关注里有，同步还有抖音视频号，emm其实视频号有20万粉丝不过变现没有小红薯和抖音好～,0
680727d8000000001e03c9da,6805e377000000001b03c338,,,6807229e00000000130110e3,自我体感还好，主要看自身专业素质和知识（eg：证书）,2,0,北京,0,1745299417000,2025-04-22T13:23:37,669b448c0000000024020b9d,momo爱上班💼,自我体感还好，主要看自身专业素质和知识（eg：证书）,0
68070ccb000000001e03ed4b,6805e377000000001b03c338,,,68065dc0000000001202190b,四大咨询实习当时没卡我～本科非财经双非哈,5,0,北京,0,1745292491000,2025-04-22T11:28:11,669b448c0000000024020b9d,momo爱上班💼,四大咨询实习当时没卡我～本科非财经双非哈,0
680f31cc0000000012020a19,6805e377000000001b03c338,,,680f0d710000000012021114,是，不过我还没找到工作呢，咱也不知道卡不卡[微笑R],0,0,北京,0,1745826253000,2025-04-28T15:44:13,669b448c0000000024020b9d,momo爱上班💼,是，不过我还没找到工作呢，咱也不知道卡不卡[微笑R],0
68145a040000000008027cd6,6805e377000000001b03c338,,,68145097000000000702a7fd,研0宝,0,0,江苏,0,1746164229000,2025-05-02T13:37:09,669b448c0000000024020b9d,momo爱上班💼,研0宝,0
680ae9dd000000001f007bbb,6805e377000000001b03c338,,,680ad845000000001f00418a,哎呀一看就是老粉了宝宝[赞R][赞R],0,0,北京,0,1745545694000,2025-04-25T09:48:14,669b448c0000000024020b9d,momo爱上班💼,哎呀一看就是老粉了宝宝[赞R][赞R],0
68071d3d000000001202110d,6805e377000000001b03c338,,,68071baa0000000012008317,好喔 努力投投银行谢谢您[赞R][赞R],0,0,北京,0,1745296701000,2025-04-22T12:38:21,669b448c0000000024020b9d,momo爱上班💼,好喔 努力投投银行谢谢您[赞R][赞R],0
6807115c0000000012012914,6805e377000000001b03c338,,,68070d81000000001f01bddf,看你之后是想做精算，还是中台，可以私聊我帮你看看简历和投递建议,0,0,北京,0,1745293660000,2025-04-22T11:47:40,669b448c0000000024020b9d,momo爱上班💼,看你之后是想做精算，还是中台，可以私聊我帮你看看简历和投递建议,0
68bc76ef000000003000a528,6805e377000000001b03c338,,,,请问在江苏工资一个月能到手多少呀[哭惹R],0,0,江苏,0,1757181680000,2025-09-07T02:01:20,64e8c4b7000000000100f5f7,momo。,请问在江苏工资一个月能到手多少呀[哭惹R],0
68164016000000001301148e,6805e377000000001b03c338,,,,你好，想问一下四大是在各自的官网投的吗还是实习app呀,0,0,辽宁,-2,1746288663000,2025-05-04T00:11:03,6108cecd000000000100ace6,花开如火,你好，想问一下四大是在各自的官网投的吗还是实习app呀,0
6811ff39000000000400e4ba,6805e377000000001b03c338,,,,滴滴,0,0,浙江,-2,1746009913000,2025-04-30T18:45:13,62a1f88b000000001b0240e3,星野迷踪,滴滴,0
66a2209700000000090008d8,66a0586d000000002701ef18,,,,啥公司 求推荐哈哈哈,0,3,中国香港,0,1721901208000,2024-07-25T17:53:28,604c46e50000000001001eef,Jeffery,啥公司 求推荐哈哈哈,0
66a05f490000000005032cd9,66a0586d000000002701ef18,,,,理工科优先指上知天文下知地理，同时精通机器学习人工智能的复合理工科[doge]但我都这个水平了去VC干嘛，互联网大厂算法岗不是吊打金融吗哈哈哈哈,12,3,上海,0,1721786186000,2024-07-24T09:56:26,61b9d46f000000001000e660,hugooooooo,理工科优先指上知天文下知地理，同时精通机器学习人工智能的复合理工科[doge]但我都这个水平了去VC干嘛，互联网大厂算法岗不是吊打金融吗哈哈哈哈,0
66a0c1cd000000002301920b,66a0586d000000002701ef18,,,,？？？？这是在面什么啊，社招都不会问的这么全乎,2,1,福建,0,1721811405000,2024-07-24T16:56:45,5b040c44f7e8b92fa3c41fd9,ZYF（树洞版）,？？？？这是在面什么啊，社招都不会问的这么全乎,0
66a064df0000000009001766,66a0586d000000002701ef18,,,,不知道外地 但北京的强度是这样的…（甚至更高） 毕竟与其带个xx工作，不如多花点时间选人[捂脸R],0,1,北京,0,1721787616000,2024-07-24T10:20:16,5b58c6fce8ac2b1c818e50d9,豆豆豆豆豆。,不知道外地 但北京的强度是这样的…（甚至更高） 毕竟与其带个xx工作，不如多花点时间选人[捂脸R],0
66a08ce80000000005020c39,66a0586d000000002701ef18,,,,这个面试真的是榨干人[石化R]，还有什么是不会的吗！,1,1,北京,0,1721797865000,2024-07-24T13:11:05,5e9952b3000000000100b6f1,答案说明所有,这个面试真的是榨干人[石化R]，还有什么是不会的吗！,0
66c085b0000000000502e628,66a0586d000000002701ef18,,,,我咋觉得是在白嫖你，免费咨询来了[笑哭R],0,1,上海,0,1723893169000,2024-08-17T19:12:49,5cfe2c3d0000000025027c47,海有舟可渡，山有路可行,我咋觉得是在白嫖你，免费咨询来了[笑哭R],0
66a05abc0000000015009122,66a0586d000000002701ef18,,,,问一堆最后来了就是做纪要 没有什么成长性浪费时间纯纯,13,1,上海,0,1721785020000,2024-07-24T09:37:00,5c443d9e00000000060395f5,ONCETRANGE,问一堆最后来了就是做纪要 没有什么成长性浪费时间纯纯,0
66a301c60000000015010b13,66a0586d000000002701ef18,,,66a2209700000000090008d8,某三中一华,0,0,江苏,0,1721958855000,2024-07-26T09:54:15,60cb6180000000000100052a,Vivi的鱼🐟,某三中一华,0
66a0602a000000001303fd46,66a0586d000000002701ef18,,,66a05f490000000005032cd9,好精辟…[抓狂R]（而且还问我代码水平怎么样，评价为学过，能用）,1,0,江苏,0,1721786411000,2024-07-24T10:00:11,60cb6180000000000100052a,Vivi的鱼🐟,好精辟…[抓狂R]（而且还问我代码水平怎么样，评价为学过，能用）,0
66a0c3ca00000000230190e2,66a0586d000000002701ef18,,,66a0c1cd000000002301920b,所以我说科学知识大科普[石化R]确实是一直聊技术,1,0,江苏,0,1721811914000,2024-07-24T17:05:14,60cb6180000000000100052a,Vivi的鱼🐟,所以我说科学知识大科普[石化R]确实是一直聊技术,0
66a06958000000001303d037,66a0586d000000002701ef18,,,66a064df0000000009001766,原来如此[笑哭R],0,0,江苏,0,1721788761000,2024-07-24T10:39:21,60cb6180000000000100052a,Vivi的鱼🐟,原来如此[笑哭R],0
66a08de1000000002300d224,66a0586d000000002701ef18,,,66a08ce80000000005020c39,判断为一个组全来了,0,0,江苏,0,1721798113000,2024-07-24T13:15:13,60cb6180000000000100052a,Vivi的鱼🐟,判断为一个组全来了,0
66c08c7b000000000d01c320,66a0586d000000002701ef18,,,66c085b0000000000502e628,哈哈哈哈,0,0,浙江,0,1723894908000,2024-08-17T19:41:48,60cb6180000000000100052a,Vivi的鱼🐟,哈哈哈哈,0
66a05ae800000000230189be,66a0586d000000002701ef18,,,66a05abc0000000015009122,面试造核弹是吧[睡觉R],4,0,江苏,0,1721785064000,2024-07-24T09:37:44,60cb6180000000000100052a,Vivi的鱼🐟,面试造核弹是吧[睡觉R],0
6a05ed08000000002803c30d,69ecd65900000000350327fe,,,,想问下老师场外衍生品实习含金量高不高哇,0,2,上海,0,1778773256000,2026-05-14T23:40:56,61fa32100000000021021bd1,iiiiii,想问下老师场外衍生品实习含金量高不高哇,0
69ed4d72000000002702e9ac,69ecd65900000000350327fe,,,,管理这么混乱的衍生品组[笑哭R],9,3,上海,0,1777159538000,2026-04-26T07:25:38,63c82c320000000026007b6c,禾芝,管理这么混乱的衍生品组[笑哭R],0
69ecd7860000000028037cc3,69ecd65900000000350327fe,,,,老斯加油！总能吃到工作的苦的！,9,1,广东,0,1777129351000,2026-04-25T23:02:31,64d613ba000000000100e81b,嘻嘻,老斯加油！总能吃到工作的苦的！,0
69ed8434000000002a00797e,69ecd65900000000350327fe,,,,跑得挺对的，干中台最怕就是职责不清，你这一堆里对接客需就不应该是中台的活，产品设计是产品的，盯市是风控的，簿记复核是运营的，全一个人干意味着以后别人有什么不想干的都可以塞给你，监管来查哪里错了都是你背锅，而且永远没机会去前台做交易，做好了没奖励做错了全是责任。还想挣钱的话这行除了sales和trader其他最好都别看了,12,1,上海,0,1777173557000,2026-04-26T11:19:17,63fc2cbc000000001002a69b,深蓝,跑得挺对的，干中台最怕就是职责不清，你这一堆里对接客需就不应该是中台的活，产品设计是产品的，盯市是风控的，簿记复核是运营的，全一个人干意味着以后别人有什么不想干的都可以塞给你，监管来查哪里错了都是你背锅，而且永远没机会去前台做交易，做好了没奖励做错了全是责任。还想挣钱的话这行除了sales和trader其他最好都别看了,0
69ed7b7600000000290181cd,69ecd65900000000350327fe,,,,听着像申万,3,0,上海,0,1777171319000,2026-04-26T10:41:59,62a1d7a40000000021021dc6,娘口三三,听着像申万,0
69ef7ffa000000002b002446,69ecd65900000000350327fe,,,,业务部怎么干这么杂的活[石化R],0,1,北京,0,1777303547000,2026-04-27T23:25:47,5fed833f0000000001002098,小树,业务部怎么干这么杂的活[石化R],0
69eda0f6000000002b027c3c,69ecd65900000000350327fe,,,,是gleba？,1,0,湖南,0,1777180919000,2026-04-26T13:21:59,5a21fb02e8ac2b72018c7f1b,momo,是gleba？,0
69f32975000000002a0071f9,69ecd65900000000350327fe,,,,老师想问问是哪个券商 求壁垒,0,0,上海,0,1777543541000,2026-04-30T18:05:41,650127460000000004026d6a,momo,老师想问问是哪个券商 求壁垒,0
69ed7423000000002b00390b,69ecd65900000000350327fe,,,,这是哪家 我在衍生品中台怎么感觉还好，另外我也一直奇怪交易台对冲应该亏的时候不少才对 报价那么卷,0,0,江苏,0,1777169443000,2026-04-26T10:10:43,5f9779500000000001005a5a,EcoRI,这是哪家 我在衍生品中台怎么感觉还好，另外我也一直奇怪交易台对冲应该亏的时候不少才对 报价那么卷,0
69edc444000000002a0260e4,69ecd65900000000350327fe,,,,缺指标的经理在不,0,0,四川,0,1777189957000,2026-04-26T15:52:37,671c5e2d000000001d0317ad,开心,缺指标的经理在不,0
6a05f6f8000000002702d61c,69ecd65900000000350327fe,,,6a05ed08000000002803c30d,我觉得还蛮高的 这种金融产品比较复杂 需要有金融 数学 和编程多方面能力,0,0,辽宁,0,1778775801000,2026-05-15T00:23:21,64146e290000000011020c33,emo的momo,我觉得还蛮高的 这种金融产品比较复杂 需要有金融 数学 和编程多方面能力,0
69ed64bd000000002701fbec,69ecd65900000000350327fe,,,69ed4d72000000002702e9ac,因为很缺人但是怕分奖金不招人 所以很混乱,10,0,辽宁,0,1777165502000,2026-04-26T09:05:02,64146e290000000011020c33,emo的momo,因为很缺人但是怕分奖金不招人 所以很混乱,0
69ecd7c2000000002702efed,69ecd65900000000350327fe,,,69ecd7860000000028037cc3,[捂脸R][捂脸R][捂脸R],0,0,辽宁,-2,1777129410000,2026-04-25T23:03:30,64146e290000000011020c33,emo的momo,[捂脸R][捂脸R][捂脸R],0
69ed84bc000000002702c5ca,69ecd65900000000350327fe,,,69ed8434000000002a00797e,是这样的哈哈,0,0,辽宁,0,1777173692000,2026-04-26T11:21:32,64146e290000000011020c33,emo的momo,是这样的哈哈,0
69ef8019000000002702dc54,69ecd65900000000350327fe,,,69ef7ffa000000002b002446,支持岗[笑哭R],0,0,辽宁,0,1777303577000,2026-04-27T23:26:17,64146e290000000011020c33,emo的momo,支持岗[笑哭R],0
69ecebbc000000002b027dfd,69ecd65900000000350327fe,,,,yh吗是,0,0,广东,0,1777134525000,2026-04-26T00:28:45,5a916e63e8ac2b54116ae47c,Lumos,yh吗是,0
69fed7d2000000002a033faf,69ecd65900000000350327fe,,,,感觉无论你表现如何都稳的[doge],0,0,上海,0,1778309075000,2026-05-09T14:44:35,561cdcdb5894466d46ef9166,月桂,感觉无论你表现如何都稳的[doge],0
69ecd98e000000002701d246,69ecd65900000000350327fe,,,,不招人人多分奖金真的太真实啦[笑哭R][笑哭R],2,1,广东,0,1777129870000,2026-04-25T23:11:10,63e703a7000000002702871f,FrancisSo9rry,不招人人多分奖金真的太真实啦[笑哭R][笑哭R],0
69ecfc010000000029011072,69ecd65900000000350327fe,,,,衍生品还要准备vba吗,1,1,上海,0,1777138689000,2026-04-26T01:38:09,59d01e2a51783a42e9c8a587,momo,衍生品还要准备vba吗,0
69edbf08000000002800a542,69ecd65900000000350327fe,,,,这个岗确实很离谱，这个要求和强度干脆直接做前台算了[笑哭R],0,0,浙江,0,1777188616000,2026-04-26T15:30:16,613977590000000002018e92,我就是盛世回首,这个岗确实很离谱，这个要求和强度干脆直接做前台算了[笑哭R],0
69ecf1d2000000002702bcfb,69ecd65900000000350327fe,,,,券商衍生品部门的工作跟投研有关吗,0,1,上海,0,1777136083000,2026-04-26T00:54:43,635dd3d9000000001901f380,冷不丁我梆梆就是两拳,券商衍生品部门的工作跟投研有关吗,0
69ecd7cb000000002b0262ff,69ecd65900000000350327fe,,,,看到面试内容感觉像回到了学习FRM的时候哈哈哈,2,1,北京,0,1777129419000,2026-04-25T23:03:39,5dd642d300000000010063e0,momo,看到面试内容感觉像回到了学习FRM的时候哈哈哈,0
69ed7b4700000000290109dd,69ecd65900000000350327fe,,,,一看就是箭头哈哈哈哈哈[笑哭R]2024亏了十个亿,1,0,广东,0,1777171271000,2026-04-26T10:41:11,5c5642fc000000001202dca8,AvokRm,一看就是箭头哈哈哈哈哈[笑哭R]2024亏了十个亿,0
69ecd9ec000000002803e60f,69ecd65900000000350327fe,,,,请问大概是什么水平的的券商呢,0,1,广东,0,1777129964000,2026-04-25T23:12:44,63f2ff65000000001001fa15,RexetChat,请问大概是什么水平的的券商呢,0
69edcb5e000000002a024287,69ecd65900000000350327fe,,,,“怕分奖金就不招人”也格局太小了,1,0,北京,-2,1777191774000,2026-04-26T16:22:54,65078e470000000017021288,我才刚刚醒来,“怕分奖金就不招人”也格局太小了,0
69ecd9e00000000027017392,69ecd65900000000350327fe,,,69ecd98e000000002701d246,哈哈哈IT被要求搞各种自动化磨得也很头疼,2,0,辽宁,0,1777129953000,2026-04-25T23:12:33,64146e290000000011020c33,emo的momo,哈哈哈IT被要求搞各种自动化磨得也很头疼,0
69ed64f60000000028008804,69ecd65900000000350327fe,,,69ecfc010000000029011072,他们搞一些自动化流程可能会用到 像excel表格自动排版啥的,1,0,辽宁,0,1777165558000,2026-04-26T09:05:58,64146e290000000011020c33,emo的momo,他们搞一些自动化流程可能会用到 像excel表格自动排版啥的,0
69ed647e000000002702eac8,69ecd65900000000350327fe,,,69ecf1d2000000002702bcfb,不多 主要是接客户的衍生品需求当对手方然后对冲掉风险,3,0,辽宁,0,1777165439000,2026-04-26T09:03:59,64146e290000000011020c33,emo的momo,不多 主要是接客户的衍生品需求当对手方然后对冲掉风险,0
69ecd7e700000000270230ac,69ecd65900000000350327fe,,,69ecd7cb000000002b0262ff,哈哈哈确实很像,0,0,辽宁,0,1777129447000,2026-04-25T23:04:07,64146e290000000011020c33,emo的momo,哈哈哈确实很像,0
69ecdd7f000000002702cb08,69ecd65900000000350327fe,,,69ecd9ec000000002803e60f,中上吧,0,0,辽宁,0,1777130879000,2026-04-25T23:27:59,64146e290000000011020c33,emo的momo,中上吧,0
69a11f11000000000f0270e2,69a0fd5b000000001b01629e,,,,不算很忙但薪资可观，是哪里看出来的[笑哭R][笑哭R][笑哭R],1,3,江苏,0,1772166929000,2026-02-27T12:35:29,6278c7b50000000021028963,阿隆佐虎之心,不算很忙但薪资可观，是哪里看出来的[笑哭R][笑哭R][笑哭R],0
69a10845000000000800e4e7,69a0fd5b000000001b01629e,,,,是不是适合高能量e人啊,0,1,广东,0,1772161094000,2026-02-27T10:58:14,64f560170000000006031dc5,momo,是不是适合高能量e人啊,0
69a1252100000000050339b8,69a0fd5b000000001b01629e,,,,我直接怀疑咱俩是同事[石化R]，天天做喜报，给客户经理寄快递,1,2,北京,0,1772168481000,2026-02-27T13:01:21,604853f1000000000100041a,呱呱,我直接怀疑咱俩是同事[石化R]，天天做喜报，给客户经理寄快递,0
69a1311c0000000009007d0f,69a0fd5b000000001b01629e,,,,htf表示一样,4,0,北京,0,1772171549000,2026-02-27T13:52:29,63385b77000000001901dfdd,总被朱莉割韭菜.,htf表示一样,0
69a133f1000000000b036d08,69a0fd5b000000001b01629e,,,,只做了这些面试怎么回答呀，跟带教拜访客户有什么经验嘛,0,0,山西,0,1772172274000,2026-02-27T14:04:34,5f7079a500000000010019f7,琑,只做了这些面试怎么回答呀，跟带教拜访客户有什么经验嘛,0
69a1112000000000150125c4,69a0fd5b000000001b01629e,,,,盲猜hx,0,0,江苏,0,1772163361000,2026-02-27T11:36:01,63be9f080000000026007fef,翻斗花园壮壮爹,盲猜hx,0
69a1701c000000000f01dbe0,69a0fd5b000000001b01629e,,,,哈哈哈一模一样的闲的时候无聊到扣手,0,0,广东,0,1772187677000,2026-02-27T18:21:17,5b87eb7f576c3c000139c76f,好运降临,哈哈哈一模一样的闲的时候无聊到扣手,0
69b1833500000000110187d9,69a0fd5b000000001b01629e,,,,感觉实习内容好打杂啊 是都这样吗还是带教问题,0,0,上海,0,1773241142000,2026-03-11T22:59:02,61fe419e0000000010004e46,悠长假日,感觉实习内容好打杂啊 是都这样吗还是带教问题,0
69a122d20000000009020491,69a0fd5b000000001b01629e,,,69a11f11000000000f0270e2,不算很忙是因为基本每天都准时下班[害羞R][害羞R]但是有业绩压力这点我也没得洗,1,0,四川,0,1772167890000,2026-02-27T12:51:30,674099ac000000001d02dc77,小鱼在gap,不算很忙是因为基本每天都准时下班[害羞R][害羞R]但是有业绩压力这点我也没得洗,0
69a11fe2000000000f0246c0,69a0fd5b000000001b01629e,,,69a10845000000000800e4e7,也不一定[笑哭R],0,0,安徽,0,1772167139000,2026-02-27T12:38:59,5e085fd30000000001002082,devve,也不一定[笑哭R],0
69ddf6e600000000160146c9,69a0fd5b000000001b01629e,,,69a1252100000000050339b8,不会是th吧[笑哭R],0,0,江苏,0,1776154343000,2026-04-14T16:12:23,610fa3f2000000002002de17,灿i,不会是th吧[笑哭R],0
67e6b0d80000000012030bde,67e67f48000000000900e1fc,,,,js发笔试了的,0,6,上海,0,1743171800000,2025-03-28T22:23:20,645cc5a1000000001002852f,春风十里,js发笔试了的,0
67eae364000000001e03aa7b,67e67f48000000000900e1fc,,,,你好 礼貌求暑期实习的list[哭惹R],1,1,马来西亚,0,1743446884000,2025-04-01T02:48:04,5f37299500000000010029d9,我以为我可以吞西柚,你好 礼貌求暑期实习的list[哭惹R],0
67e96ab3000000001f00949f,67e67f48000000000900e1fc,,,,请问嘉实的ddl在哪里看到的呀,1,1,吉林,0,1743350451000,2025-03-31T00:00:51,5e2c6c9a000000000100bf10,熊熊熊熊熊,请问嘉实的ddl在哪里看到的呀,0
67e6909f0000000012022210,67e67f48000000000900e1fc,,,,关注你了[害羞R]一起投暑期实习[哇R][哇R],0,1,浙江,0,1743163552000,2025-03-28T20:05:52,5ef77492000000000101e0d4,Catobletas,关注你了[害羞R]一起投暑期实习[哇R][哇R],0
67e69e16000000001e02144e,67e67f48000000000900e1fc,,,,我最有把握的几个连评估都没过，，，更别提其他的了。可以冒昧问一下您的bg吗[笑哭R],0,1,广东,0,1743166999000,2025-03-28T21:03:19,5e59127400000000010035c0,游戏运营小敛,我最有把握的几个连评估都没过，，，更别提其他的了。可以冒昧问一下您的bg吗[笑哭R],0
67e690c7000000001200bcb6,67e67f48000000000900e1fc,,,,欧莱雅这居然是直接去ai问答[失望R]那我明天再做,0,1,浙江,0,1743163591000,2025-03-28T20:06:31,5ef77492000000000101e0d4,Catobletas,欧莱雅这居然是直接去ai问答[失望R]那我明天再做,0
67e96de5000000001e03cbba,67e67f48000000000900e1fc,,,,嘉实有ddl吗🆘,0,1,广东,0,1743351269000,2025-03-31T00:14:29,5f504c96000000000101cbf9,asa,嘉实有ddl吗🆘,0
67e96226000000001200a6df,67e67f48000000000900e1fc,,,,请问有没有暑期实习list,0,1,广东,0,1743348262000,2025-03-30T23:24:22,5f1929c3000000000101e061,111,请问有没有暑期实习list,0
69c11fe0000000001d00b323,67e67f48000000000900e1fc,,,,嘉实基金秋招笔试测评考什么，...,2,0,北京,-2,1774264288000,2026-03-23T19:11:28,652201f6000000002402e44f,辉达HDCareer,嘉实基金秋招笔试测评考什么，...,0
69bb3c03000000000c030e18,67e67f48000000000900e1fc,,,,嘉实基金笔试真题,2,0,北京,-2,1773878276000,2026-03-19T07:57:56,6667b17e000000000d0259db,校招笔试智多星,嘉实基金笔试真题,0
67e6b346000000001e03853b,67e67f48000000000900e1fc,,,67e6b0d80000000012030bde,我今天刚投[捂脸R],0,0,英国,0,1743172423000,2025-03-28T22:33:43,5f603b44000000000101d364,lan03,我今天刚投[捂脸R],0
67eb07a1000000001203397a,67e67f48000000000900e1fc,,,67eae364000000001e03aa7b,是一些求职机构发的[萌萌哒R],0,0,英国,0,1743456162000,2025-04-01T05:22:42,5f603b44000000000101d364,lan03,是一些求职机构发的[萌萌哒R],0
67e96e9a000000001e023387,67e67f48000000000900e1fc,,,67e96ab3000000001f00949f,没没没我看错了[皱眉R],0,0,英国,0,1743351450000,2025-03-31T00:17:30,5f603b44000000000101d364,lan03,没没没我看错了[皱眉R],0
67e690e3000000001e01155a,67e67f48000000000900e1fc,,,67e6909f0000000012022210,一起加油哇[喝奶茶R][萌萌哒R],0,0,英国,0,1743163620000,2025-03-28T20:07:00,5f603b44000000000101d364,lan03,一起加油哇[喝奶茶R][萌萌哒R],0
67e69f61000000001e02396f,67e67f48000000000900e1fc,,,67e69e16000000001e02144e,[捂脸R]我感觉这个过的逻辑就很奇怪[哭惹R]感觉不匹配的反而过[捂脸R]两财一贸本G5硕然后有一些互联网&快消&金融的实习[皱眉R],0,0,英国,0,1743167330000,2025-03-28T21:08:50,5f603b44000000000101d364,lan03,[捂脸R]我感觉这个过的逻辑就很奇怪[哭惹R]感觉不匹配的反而过[捂脸R]两财一贸本G5硕然后有一些互联网&快消&金融的实习[皱眉R],0
67e690e7000000001e01162f,67e67f48000000000900e1fc,,,67e690c7000000001200bcb6,是哇[哭惹R][捂脸R],0,0,英国,0,1743163623000,2025-03-28T20:07:03,5f603b44000000000101d364,lan03,是哇[哭惹R][捂脸R],0
67e96e92000000001e00ede3,67e67f48000000000900e1fc,,,67e96de5000000001e03cbba,嗷嗷嗷！好像没有我看错了！,0,0,英国,0,1743351443000,2025-03-31T00:17:23,5f603b44000000000101d364,lan03,嗷嗷嗷！好像没有我看错了！,0
67e96535000000001e0139f7,67e67f48000000000900e1fc,,,67e96226000000001200a6df,有的[萌萌哒R]但是是一些求职机构发的,0,0,英国,0,1743349046000,2025-03-30T23:37:26,5f603b44000000000101d364,lan03,有的[萌萌哒R]但是是一些求职机构发的,0
69eb48dc000000002a02c98f,69e9c0320000000020003803,,,,计财没啥意思呀,0,5,上海,0,1777027293000,2026-04-24T18:41:33,5f798dc5000000000100939d,彩虹小狮子,计财没啥意思呀,0
69ead578000000001401380c,69e9c0320000000020003803,,,,上海计财总部实习差额实习没那么多恐怖，[偷笑R]，，4进3，2进1的比例。带教人都很不错的,3,1,江苏,0,1776997753000,2026-04-24T10:29:13,644a42ee000000000f0076d9,新手高才,上海计财总部实习差额实习没那么多恐怖，[偷笑R]，，4进3，2进1的比例。带教人都很不错的,0
69e9c2a0000000001401d810,69e9c0320000000020003803,,,,都是差额的～,0,7,黑龙江,0,1776927393000,2026-04-23T14:56:33,5ac5560011be1045e5a85bdf,Glory,都是差额的～,0
69e9c635000000001401a400,69e9c0320000000020003803,,,,差额，具体看部门hc，hc充裕也有可能全留（因为很多人到这步会🐦）,0,1,上海,0,1776928309000,2026-04-23T15:11:49,5f5cdb41000000000100786b,星星爱洗澡,差额，具体看部门hc，hc充裕也有可能全留（因为很多人到这步会🐦）,0
69eae9fa000000001401c001,69e9c0320000000020003803,,,,vip一般没人去计财吧[笑哭R]，感觉算是相对好留的,0,1,上海,0,1777003002000,2026-04-24T11:56:42,64665f7e000000000c030c10,niuniu,vip一般没人去计财吧[笑哭R]，感觉算是相对好留的,0
69e9cd8a000000001401a005,69e9c0320000000020003803,,,,差额，而且很好好岗位没关系，能力一般就别想了,0,2,上海,0,1776930186000,2026-04-23T15:43:06,657c1666000000003d03693f,悟道休言天命,差额，而且很好好岗位没关系，能力一般就别想了,0
69ef0db7000000002702e9b5,69e9c0320000000020003803,,,,请问收到实习通知了吗，我上周三的终面一点动静没有[笑哭R],0,1,中国香港,0,1777274295000,2026-04-27T15:18:15,6460763b000000001400ee10,Czaza pig,请问收到实习通知了吗，我上周三的终面一点动静没有[笑哭R],0
69e9e1f3000000001401a014,69e9c0320000000020003803,,,,其实不算海，一般二留一,0,2,青海,0,1776935412000,2026-04-23T17:10:12,6072c31c0000000001003e71,厕所密码收藏家,其实不算海，一般二留一,0
69f0a11a000000002b000187,69e9c0320000000020003803,,,,它家很好的 才实习两周,1,0,广东,0,1777377562000,2026-04-28T19:59:22,5a66b7994eacab441d932a29,momo,它家很好的 才实习两周,0
69e9ca99000000001401c416,69e9c0320000000020003803,,,,两周能出结果就去吧[doge],0,1,山东,0,1776929433000,2026-04-23T15:30:33,5f5b8ddd00000000010089f6,Aki,两周能出结果就去吧[doge],0
69ec2a73000000002a007fb0,69e9c0320000000020003803,,,69eb48dc000000002a02c98f,计划财务部,0,0,广东,0,1777085043000,2026-04-25T10:44:03,5f13a81a000000000101d681,不卖汉堡的Wendy,计划财务部,0
69f478780000000027017f3f,69e9c0320000000020003803,,,69ead578000000001401380c,信息技术部呢，想了解下[笑哭R],0,0,浙江,0,1777629304000,2026-05-01T17:55:04,611a11d0000000000101fae9,想睡觉💤,信息技术部呢，想了解下[笑哭R],0
69e9c33d000000001401e426,69e9c0320000000020003803,,,69e9c2a0000000001401d810,所以留用是不是看命[捂脸R][捂脸R],2,0,山西,0,1776927550000,2026-04-23T14:59:10,66b0d5f3000000001d032520,Linyalli,所以留用是不是看命[捂脸R][捂脸R],0
69e9c6fe000000001401d414,69e9c0320000000020003803,,,69e9c635000000001401a400,收到 谢谢老师[合十R][合十R],0,0,山西,0,1776928510000,2026-04-23T15:15:10,66b0d5f3000000001d032520,Linyalli,收到 谢谢老师[合十R][合十R],0
69ef93bf0000000028031782,69e9c0320000000020003803,,,69eae9fa000000001401c001,我面面看下👀,0,0,广东,0,1777308608000,2026-04-28T00:50:08,66b0d5f3000000001d032520,Linyalli,我面面看下👀,0
69e9dacd0000000014019813,69e9c0320000000020003803,,,69e9cd8a000000001401a005,面试了也还是要看具体实习情况吗 两周感觉看不出啥[呃R],0,0,广东,0,1776933582000,2026-04-23T16:39:42,5ac88ad34eacab568995fc9c,Ros1e,面试了也还是要看具体实习情况吗 两周感觉看不出啥[呃R],0
69ef93a600000000280314e8,69e9c0320000000020003803,,,69ef0db7000000002702e9b5,还没面呢老师,0,0,广东,0,1777308583000,2026-04-28T00:49:43,66b0d5f3000000001d032520,Linyalli,还没面呢老师,0
69fb2faa000000002b02658c,69e9c0320000000020003803,,,69e9e1f3000000001401a014,好多岗位一共也就2-3个人，也二留一吗...,0,0,上海,0,1778069418000,2026-05-06T20:10:18,615cceb1000000000201e68b,momo,好多岗位一共也就2-3个人，也二留一吗...,0
69e9cb28000000001401d836,69e9c0320000000020003803,,,69e9ca99000000001401c416,不保险 我看秋招还有延长实习的[完啦R],0,0,山西,0,1776929577000,2026-04-23T15:32:57,66b0d5f3000000001d032520,Linyalli,不保险 我看秋招还有延长实习的[完啦R],0
69ef47f7000000002203dc92,69e9c0320000000020003803,,,,我也是收到了 uu 你打算线下面试吗 感觉折腾我都转线上了,0,1,河南,0,1777289208000,2026-04-27T19:26:48,5c67a9f3000000001002819f,梅川酷子（春招版）,我也是收到了 uu 你打算线下面试吗 感觉折腾我都转线上了,0
69f15434000000002800964b,69e9c0320000000020003803,,,,请问有没有收到bj固收融资承做offer的老师们[哭惹R],0,3,北京,0,1777423413000,2026-04-29T08:43:33,5b4b31044eacab595d302d69,怎么还没有人来买我的吉他,请问有没有收到bj固收融资承做offer的老师们[哭惹R],0
69ecb20c000000002902772a,69e9c0320000000020003803,,,,都是差额，根据比例留用。问下招几个，算下比例。不过，只要好好实习，认真表现，会比那些不来的，做事不然真的有优势。加油呀,0,0,浙江,0,1777119756000,2026-04-25T20:22:36,5d889ba4000000000100b5f1,子航,都是差额，根据比例留用。问下招几个，算下比例。不过，只要好好实习，认真表现，会比那些不来的，做事不然真的有优势。加油呀,0
69e9ff300000000014013400,69e9c0320000000020003803,,,,差额，至少去年同部门暑期实习是,0,0,上海,0,1776942896000,2026-04-23T19:14:56,645708c60000000029013d89,Jane,差额，至少去年同部门暑期实习是,0
69e9d4b5000000001401ac18,69e9c0320000000020003803,,,,上海还是北京哇,0,1,上海,0,1776932022000,2026-04-23T16:13:42,5defcede000000000100a1d9,新禾遇深冬,上海还是北京哇,0
69f31f3f00000000290370be,69e9c0320000000020003803,,,,急蹲一下总部中后台类岗位今年的待遇[吧唧R],0,0,江苏,0,1777540927000,2026-04-30T17:22:07,5d2d59520000000012035274,momo,急蹲一下总部中后台类岗位今年的待遇[吧唧R],0
69ea05690000000014013000,69e9c0320000000020003803,,,,那是不是可以外部运作一下[doge],0,0,新加坡,0,1776944489000,2026-04-23T19:41:29,64d0e21a000000000b006007,Rewind,那是不是可以外部运作一下[doge],0
69f0613c000000002803a66d,69e9c0320000000020003803,,,,蹲蹲投研岗有无收到实习的,0,0,新加坡,0,1777361212000,2026-04-28T15:26:52,5c7a1473000000001203aad6,ZhAoyIx.,蹲蹲投研岗有无收到实习的,0
69e9c87a000000001401dc02,69e9c0320000000020003803,,,,实习两周就发offer吗？,0,0,上海,0,1776928890000,2026-04-23T15:21:30,6937d70c0000000037004b96,THIN-K,实习两周就发offer吗？,0
69f2fab0000000002803df80,69e9c0320000000020003803,,,,想问下这个转正实习有补贴嘛[笑哭R][哭惹R],0,0,内蒙古,0,1777531569000,2026-04-30T14:46:09,5c67a9f3000000001002819f,梅川酷子（春招版）,想问下这个转正实习有补贴嘛[笑哭R][哭惹R],0
69ef937e000000002900da4d,69e9c0320000000020003803,,,69ef47f7000000002203dc92,打算线上面了,0,0,广东,0,1777308543000,2026-04-28T00:49:03,66b0d5f3000000001d032520,Linyalli,打算线上面了,0
69f15477000000002702ee11,69e9c0320000000020003803,,,69f15434000000002800964b,,0,0,北京,0,1777423480000,2026-04-29T08:44:40,5b4b31044eacab595d302d69,怎么还没有人来买我的吉他,,0
69e9d4ec000000001401e819,69e9c0320000000020003803,,,69e9d4b5000000001401ac18,上海 计财总部,0,0,山西,0,1776932077000,2026-04-23T16:14:37,66b0d5f3000000001d032520,Linyalli,上海 计财总部,0
69ef2406000000002803524a,69e9c0320000000020003803,,,,三比一左右,0,0,陕西,0,1777280006000,2026-04-27T16:53:26,629cd23f000000001902859b,leooooo,三比一左右,0
69f3094600000000290265a0,69e9c0320000000020003803,,,,我们部门三个留一个，基本是百分之五十的留用,1,0,上海,0,1777535303000,2026-04-30T15:48:23,60bce86e0000000001009a9a,快点看看我,我们部门三个留一个，基本是百分之五十的留用,0
6863b0080000000020022eb5,686398560000000012021b0d,,,,我只是在自嘲罢了宝宝们...不是vip也不是在炫耀[微笑R],176,14,四川,4,1751363593000,2025-07-01T17:53:13,5e3a68b7000000000100aca2,LuRVe,我只是在自嘲罢了宝宝们...不是vip也不是在炫耀[微笑R],0
6864ad910000000006005e1a,686398560000000012021b0d,,,,那就让真正学金融的人来啊,682,15,四川,3,1751428498000,2025-07-02T11:54:58,65f9400b000000000b00f658,鼎鼎,那就让真正学金融的人来啊,0
6863a773000000001100f347,686398560000000012021b0d,,,,别搞这么尴尬的行不行 [石化R][石化R],448,18,湖南,0,1751361395000,2025-07-01T17:16:35,61da694e0000000021021733,Knox_艇仔粥没有翅🥟,别搞这么尴尬的行不行 [石化R][石化R],0
6a0b3595000000002803deed,686398560000000012021b0d,,,,辅修金融的要去证券公司实习感觉什么都不懂…有什么可以学的提前打打底子进去,0,0,广东,0,1779119510000,2026-05-18T23:51:50,69d46c050000000033015a40,小熊爱喝葡萄汽水🍇,辅修金融的要去证券公司实习感觉什么都不懂…有什么可以学的提前打打底子进去,0
6863a744000000000400ff51,686398560000000012021b0d,,,,刚结束实习、但我说实话呆了两个月已经对金融业祛魅,43,11,上海,0,1751361348000,2025-07-01T17:15:48,5cbaf87c0000000010030d2f,换个id重新做人,刚结束实习、但我说实话呆了两个月已经对金融业祛魅,0
6863da7b000000001102ec67,686398560000000012021b0d,,,,额额额现在已经绝望到根本共情不了资本家小孩的优越感幽默了,434,4,广东,0,1751374460000,2025-07-01T20:54:20,5dc95f530000000001000d55,oo,额额额现在已经绝望到根本共情不了资本家小孩的优越感幽默了,0
6863b024000000000401475f,686398560000000012021b0d,,,,plq把整个行业的氛围体现的淋漓尽致[doge],166,2,湖北,0,1751363621000,2025-07-01T17:53:41,670a28e8000000001d0310ca,Delulu,plq把整个行业的氛围体现的淋漓尽致[doge],0
68673fb40000000004018e5a,686398560000000012021b0d,,,,正在经历…我马上也要去证券公司实习了，我是想问美术生也能进吗，评论区好歹还有跟金融相关的，我一个艺术生是真的完全不懂啊😱[哭惹R]进去能干嘛啊😱😱😱😱,21,11,安徽,0,1751596980000,2025-07-04T10:43:00,60c1fe1d000000000100353b,天天向上,正在经历…我马上也要去证券公司实习了，我是想问美术生也能进吗，评论区好歹还有跟金融相关的，我一个艺术生是真的完全不懂啊😱[哭惹R]进去能干嘛啊😱😱😱😱,0
69a08405000000000d01234f,686398560000000012021b0d,,,,真正的金融民工正在一脸失禁得看着你！,19,2,江苏,0,1772127238000,2026-02-27T01:33:58,5f34903a000000000101e52e,奶油粥,真正的金融民工正在一脸失禁得看着你！,0
693bb694000000003802abc5,686398560000000012021b0d,,,,"我有点看不懂评论区[呃R]，也可能看不懂up要表达什么，但是除了那句""被爸爸硬塞进证券""，其他都和我现在的状态一模一样。然后有人说证券行业难进，我没有背景也不是金融专业，个人觉得这儿不是什么值得很多人竞争的好地方，在里面的人似乎也没有优越感，在外面的人好像也没对里面有什么滤镜[呃R][呃R]",20,1,湖北,0,1765521044000,2025-12-12T14:30:44,6135e0e40000000002019e5f,Hwadee,"我有点看不懂评论区[呃R]，也可能看不懂up要表达什么，但是除了那句""被爸爸硬塞进证券""，其他都和我现在的状态一模一样。然后有人说证券行业难进，我没有背景也不是金融专业，个人觉得这儿不是什么值得很多人竞争的好地方，在里面的人似乎也没有优越感，在外面的人好像也没对里面有什么滤镜[呃R][呃R]",0
6863b827000000002002c74f,686398560000000012021b0d,,,6863b0080000000020022eb5,有人可以给我推荐一下成都的奶茶吗啊啊 想不出来喝什么了[吧唧R],32,0,四川,0,1751365672000,2025-07-01T18:27:52,5e3a68b7000000000100aca2,LuRVe,有人可以给我推荐一下成都的奶茶吗啊啊 想不出来喝什么了[吧唧R],0
6866472c000000000400e039,686398560000000012021b0d,,,6864ad910000000006005e1a,难以理解，这种人还要发出来[微笑R],310,0,福建,0,1751533356000,2025-07-03T17:02:36,5f097fb7000000000101c11a,(「」,难以理解，这种人还要发出来[微笑R],0
6863a7d200000000060078a1,686398560000000012021b0d,,,6863a773000000001100f347,[大笑R]哇～～好厉害的VIP！！,319,0,湖南,0,1751361491000,2025-07-01T17:18:11,61da694e0000000021021733,Knox_艇仔粥没有翅🥟,[大笑R]哇～～好厉害的VIP！！,0
6863a9ca000000002000ea08,686398560000000012021b0d,,,6863a744000000000400ff51,可以说说为什么嘛宝宝,4,0,湖北,0,1751361995000,2025-07-01T17:26:35,60b355950000000001008f1d,一根传奇笋条,可以说说为什么嘛宝宝,0
688187f1000000000f03f391,686398560000000012021b0d,,,6863da7b000000001102ec67,浪费了资源还伤感起来了,133,0,四川,0,1753319409000,2025-07-24T09:10:09,65a8cb6700000000080048f3,海枫,浪费了资源还伤感起来了,0
6863e6dc000000000401537f,686398560000000012021b0d,,,6863b024000000000401475f,这个评论区让人感觉之前xhs上对这个行业的刻板印象是真的,51,0,安徽,0,1751377628000,2025-07-01T21:47:08,6481a9ed000000002a034195,米,这个评论区让人感觉之前xhs上对这个行业的刻板印象是真的,0
6867e882000000001102fc4b,686398560000000012021b0d,,,68673fb40000000004018e5a,没事 专业是什么不重要 去混段时间就知道了,8,0,四川,0,1751640195000,2025-07-04T22:43:15,5d5a49970000000001019b6b,住在翻斗大街翻斗花园,没事 专业是什么不重要 去混段时间就知道了,0
69a14a7a000000001d00ea92,686398560000000012021b0d,,,69a13ef40000000018021c1d,我去！不早说！,0,0,江苏,0,1772178042000,2026-02-27T15:40:42,5f34903a000000000101e52e,奶油粥,我去！不早说！,0
694e145a000000000f02a7c9,686398560000000012021b0d,,,693bb694000000003802abc5,那是因为真正金融专业的进不去 非专业的 被塞进去的在自嘲 前者更可怜吧 读大半辈子书出来 自己的专业有对口工作 再努力可能都不一定跨进去 跨进去的全是不是这个专业的 结果看着他们自嘲,14,0,日本,-2,1766724699000,2025-12-26T12:51:39,59da080fde5fb468c0a4f5b6,程桉,那是因为真正金融专业的进不去 非专业的 被塞进去的在自嘲 前者更可怜吧 读大半辈子书出来 自己的专业有对口工作 再努力可能都不一定跨进去 跨进去的全是不是这个专业的 结果看着他们自嘲,0
68647d4a000000000401802c,686398560000000012021b0d,,,,狠狠共情了某大证券公司营业部vip小孩，第二天了，第一天什么股票都看不懂为了融入公司我说我要开户，后面一个小姐姐抓着我跟我讲买什么买什么股票，实则自己什么都不懂偷偷在查百度查xhs，晨会是要听的，听是听不懂的[哭惹R]快把我整抑郁了,37,8,广东,0,1751416138000,2025-07-02T08:28:58,64b64346000000001001c390,子非鱼,狠狠共情了某大证券公司营业部vip小孩，第二天了，第一天什么股票都看不懂为了融入公司我说我要开户，后面一个小姐姐抓着我跟我讲买什么买什么股票，实则自己什么都不懂偷偷在查百度查xhs，晨会是要听的，听是听不懂的[哭惹R]快把我整抑郁了,0
6864abfc0000000004019ad9,686398560000000012021b0d,,,,正在经历… 家里人丢在进证券公司 一头雾水,3,4,广西,0,1751428093000,2025-07-02T11:48:13,5aae1c324eacab0fc45f985d,还没睡醒呢,正在经历… 家里人丢在进证券公司 一头雾水,0
6876f1550000000004017001,686398560000000012021b0d,,,,最搞笑的是这个笔记做出来是为了自嘲，结果评论区一群人发出共鸣和附和[笑哭R],36,2,广西,0,1752625494000,2025-07-16T08:24:54,62327fc6000000001000fb74,爱打蓝莓,最搞笑的是这个笔记做出来是为了自嘲，结果评论区一群人发出共鸣和附和[笑哭R],0
6863b21000000000200260a3,686398560000000012021b0d,,,,笑死了，我去cicc实习，坐那打了整个实习期的游戏，没人鸟我,4,4,广东,0,1751364113000,2025-07-01T18:01:53,6551670700000000040391be,A1aS,笑死了，我去cicc实习，坐那打了整个实习期的游戏，没人鸟我,0
6864105f00000000130341f1,686398560000000012021b0d,,,,家里没关系学这个是不是完了比如我[黄金薯R],8,2,湖南,0,1751388255000,2025-07-02T00:44:15,62a17f48000000001b025a59,绵绵,家里没关系学这个是不是完了比如我[黄金薯R],0
6868f4f50000000020011082,686398560000000012021b0d,,,,我大学学的外语，也已经在券商上班了[生气R],0,3,广东,0,1751708917000,2025-07-05T17:48:37,5faa3624000000000101fbbb,momo,我大学学的外语，也已经在券商上班了[生气R],0
686399d7000000001101b165,686398560000000012021b0d,,,,双子塔上有券商嘛[呃R],6,9,四川,0,1751357911000,2025-07-01T16:18:31,67a4d1b2000000000d008ad6,靓仔没有心,双子塔上有券商嘛[呃R],0
6864f4b90000000020032587,686398560000000012021b0d,,,,我8月也要去券商实习[哭惹R]学的金融但大一[失望R]啥也不懂,5,8,广东,0,1751446714000,2025-07-02T16:58:34,60d8016c000000000100ab58,柠檬统治柠檬树,我8月也要去券商实习[哭惹R]学的金融但大一[失望R]啥也不懂,0
6866750e00000000200339d2,686398560000000012021b0d,,,,评论区的真的假的[哭惹R]，谁能发发善心给我找份实习[萌萌哒R],1,2,河南,0,1751545102000,2025-07-03T20:18:22,630112510000000012000f58,那我呢,评论区的真的假的[哭惹R]，谁能发发善心给我找份实习[萌萌哒R],0
6879d5a2000000000602e743,686398560000000012021b0d,,,,同，干了一年金融转券商，从早到晚待了2天，人还是蒙的……[哭惹R]每天在晨会上巨困 刚开始只能听他们打电话在这块自学，无人问津,3,2,浙江,0,1752815011000,2025-07-18T13:03:31,5c261cc100000000070236ed,桃子枳,同，干了一年金融转券商，从早到晚待了2天，人还是蒙的……[哭惹R]每天在晨会上巨困 刚开始只能听他们打电话在这块自学，无人问津,0
68649041000000000400d12b,686398560000000012021b0d,,,68647d4a000000000401802c,妈呀，明天也要去证券公司实习了，专业完全没关系，不敢想会有多煎熬[抽泣R],12,0,福建,0,1751420994000,2025-07-02T09:49:54,62a82a0c000000001b028e77,四月四月,妈呀，明天也要去证券公司实习了，专业完全没关系，不敢想会有多煎熬[抽泣R],0
6979d9b3000000000c017aba,686398560000000012021b0d,,,6864abfc0000000004019ad9,现在怎么样了姐妹,1,0,内蒙古,0,1769593267000,2026-01-28T17:41:07,5cfe15db00000000250248f9,鲨鱼彩椒,现在怎么样了姐妹,0
6887f7040000000002007d13,686398560000000012021b0d,,,6876f1550000000004017001,看似自嘲实际上是少爷小姐在炫耀,75,0,广东,3,1753741061000,2025-07-29T06:17:41,6394091e00000000260058fe,Ariandel,看似自嘲实际上是少爷小姐在炫耀,0
6863bc5b0000000020033cd8,686398560000000012021b0d,,,6863b21000000000200260a3,这么爽嘛[哭惹R],0,0,广东,0,1751366748000,2025-07-01T18:45:48,6315cfaf000000000f0059b7,坚韧阿尔法,这么爽嘛[哭惹R],0
686bda20000000000c016293,686398560000000012021b0d,,,6864105f00000000130341f1,比如我，xhs给我苦命学金融的干哪来了，TD退订[生气R],1,0,河北,0,1751898656000,2025-07-07T22:30:56,63ec51ff0000000028018242,神秘酷白羊,比如我，xhs给我苦命学金融的干哪来了，TD退订[生气R],0
68719dc5000000000201bf21,686398560000000012021b0d,,,687150e6000000000c027b3b,我暂时不用拉客户，但是听别人说营业部拉客户就是找自己的亲朋好友靠家里的人脉,1,0,广东,0,1752276421000,2025-07-12T07:27:01,5faa3624000000000101fbbb,momo,我暂时不用拉客户，但是听别人说营业部拉客户就是找自己的亲朋好友靠家里的人脉,0
68639a39000000002000fdad,686398560000000012021b0d,,,686399d7000000001101b165,具体位置不方便透露[doge],2,0,四川,0,1751358009000,2025-07-01T16:20:09,5e3a68b7000000000100aca2,LuRVe,具体位置不方便透露[doge],0
6865d1540000000011018aa9,686398560000000012021b0d,,,6864f4b90000000020032587,我已经在实习了也是大一，给我的感觉就是我的带教老师每天总是想着稍微找点事给我干让我显得不那么闲，但是还是特别闲,1,0,上海,0,1751503188000,2025-07-03T08:39:48,617a91f500000000020196fd,不会说话的爽歪歪,我已经在实习了也是大一，给我的感觉就是我的带教老师每天总是想着稍微找点事给我干让我显得不那么闲，但是还是特别闲,0
6887f63800000000020073f5,686398560000000012021b0d,,,6866750e00000000200339d2,望父成龙吧,12,0,广东,3,1753740856000,2025-07-29T06:14:16,6394091e00000000260058fe,Ariandel,望父成龙吧,0
6950e445000000001d00da0e,686398560000000012021b0d,,,6879d5a2000000000602e743,现在怎样呢，想参考一下[害羞R],1,0,广东,0,1766908998000,2025-12-28T16:03:18,5ea01876000000000100b5dc,Au,现在怎样呢，想参考一下[害羞R],0
68648c5d0000000020027271,686398560000000012021b0d,,,,当你们看到我的评论的时候，我已经坐在工位里无聊到刷xhs了，不过这里还好，教我们量化啥的，我也快写完论文了，效率比在家里高太多了[捂脸R],29,5,中国澳门,0,1751419998000,2025-07-02T09:33:18,62d9f35e0000000002000fc4,🍃,当你们看到我的评论的时候，我已经坐在工位里无聊到刷xhs了，不过这里还好，教我们量化啥的，我也快写完论文了，效率比在家里高太多了[捂脸R],0
6866b9d7000000000400d87c,686398560000000012021b0d,,,,[doge]去上海吧,0,3,广东,0,1751562711000,2025-07-04T01:11:51,59f03606e8ac2b499a973475,scotthh,[doge]去上海吧,0
6863e95e000000000400c4d3,686398560000000012021b0d,,,,不是姐妹，世另我啊[呃R]，不过甚至没人跟我说话讨论股票，可能知道我啥也不会，除了带我的姐给我布置点任务，因为我是法学专业的,9,2,辽宁,0,1751378271000,2025-07-01T21:57:51,600049180000000001006062,栽培西红柿🍅,不是姐妹，世另我啊[呃R]，不过甚至没人跟我说话讨论股票，可能知道我啥也不会，除了带我的姐给我布置点任务，因为我是法学专业的,0
68639a76000000000c02617a,686398560000000012021b0d,,,,P2是啥看起来好好喝,1,3,广东,0,1751358071000,2025-07-01T16:21:11,616993b30000000002019fe7,麻薯多多,P2是啥看起来好好喝,0
686655ca000000000401c904,686398560000000012021b0d,,,,Rebecca再找十个a12客户小孩来 你是想要这种感觉吗[偷笑R],28,1,上海,0,1751537098000,2025-07-03T18:04:58,61f55ba1000000001000d5d8,Rarity麦麦,Rebecca再找十个a12客户小孩来 你是想要这种感觉吗[偷笑R],0
6863f41a0000000013034e0a,686398560000000012021b0d,,,,小布尔乔亚闹麻了,5,0,浙江,3,1751381018000,2025-07-01T22:43:38,6554ecfe0000000002035e81,荒原嬉皮,小布尔乔亚闹麻了,0
6863ce290000000004015db0,686398560000000012021b0d,,,,不是没人觉得作者文笔很好吗 淡淡的很讽刺,9,0,北京,0,1751371306000,2025-07-01T20:01:46,5d5565b1000000000100563d,Gee.,不是没人觉得作者文笔很好吗 淡淡的很讽刺,0
6863b04800000000200261a3,686398560000000012021b0d,,,,虽然但是，听起来像是营业部的......,19,1,澳大利亚,0,1751363657000,2025-07-01T17:54:17,5d044709000000001003616b,玛卡巴卡睡不醒,虽然但是，听起来像是营业部的......,0
688888b8000000002b016a6f,686398560000000012021b0d,,,,评论区怎么那么多酸的...这个年代能挣到钱就是本事,4,1,北京,0,1753778361000,2025-07-29T16:39:21,5f15bee1000000000101f58d,🐺lism,评论区怎么那么多酸的...这个年代能挣到钱就是本事,0
6863adb4000000001100db95,686398560000000012021b0d,,,,速速拍一个ipo图片，整顿一下券商实习打黑工局面[doge],15,1,北京,0,1751362996000,2025-07-01T17:43:16,626768d60000000021022881,邦邦给你两拳,速速拍一个ipo图片，整顿一下券商实习打黑工局面[doge],0
686490d8000000001e01ec65,686398560000000012021b0d,,,68648c5d0000000020027271,我昨天来实习的，除了昨天上午学点东西，其余时间都在摸鱼[扯脸H],1,0,湖南,0,1751421145000,2025-07-02T09:52:25,65a4255e000000000203ca49,🐾45sssssu,我昨天来实习的，除了昨天上午学点东西，其余时间都在摸鱼[扯脸H],0
686724150000000013036f45,686398560000000012021b0d,,,6866b9d7000000000400d87c,在上海了也不懂[哭惹R],0,0,上海,0,1751589910000,2025-07-04T08:45:10,5f47cb590000000001005ea2,冷面公主,在上海了也不懂[哭惹R],0
6863e963000000000c0265be,686398560000000012021b0d,,,6863e95e000000000400c4d3,[哭惹R][哭惹R],1,0,辽宁,0,1751378275000,2025-07-01T21:57:55,600049180000000001006062,栽培西红柿🍅,[哭惹R][哭惹R],0
68639b700000000020033b4b,686398560000000012021b0d,,,68639a76000000000c02617a,manner香蕉风味拿铁,1,0,四川,0,1751358321000,2025-07-01T16:25:21,5e3a68b7000000000100aca2,LuRVe,manner香蕉风味拿铁,0
68666ec6000000002002356d,686398560000000012021b0d,,,686655ca000000000401c904,哈哈哈哈哈中登出手了,0,0,河南,0,1751543494000,2025-07-03T19:51:34,63774e5e00000000230249dd,昱,哈哈哈哈哈中登出手了,0
6863b351000000000602f5f9,686398560000000012021b0d,,,6863b04800000000200261a3,一看就是,0,0,北京,0,1751364434000,2025-07-01T18:07:14,607838880000000001008649,叶青霜,一看就是,0
688a07d1000000002b01f225,686398560000000012021b0d,,,688888b8000000002b016a6f,ip正确,6,0,广东,3,1753876434000,2025-07-30T19:53:54,6394091e00000000260058fe,Ariandel,ip正确,0
6863ae63000000000401f5ba,686398560000000012021b0d,,,6863adb4000000001100db95,王总直呼受不了,2,0,广东,0,1751363172000,2025-07-01T17:46:12,5f6230cc000000000100565e,超级无敌宇宙超人,王总直呼受不了,0
68678eea000000000c02554b,686398560000000012021b0d,,,,本艺术生已经在两个金融单位实习过了[哭惹R]一坐就是吉祥物,4,1,上海,0,1751617258000,2025-07-04T16:20:58,5cf8d081000000001602041c,satoh_mone,本艺术生已经在两个金融单位实习过了[哭惹R]一坐就是吉祥物,0
686690f2000000002002daf3,686398560000000012021b0d,,,,太像了啊姐妹和我 但我确实是经济学的 可这些老师真没教,2,0,浙江,0,1751552243000,2025-07-03T22:17:23,5cf29e520000000016002ffb,飞飞猪,太像了啊姐妹和我 但我确实是经济学的 可这些老师真没教,0
6863f5b1000000000400cf5b,686398560000000012021b0d,,,,我爸也想把我塞进去，但是我前几天的证从考试有一门没过[哭惹R],2,1,河南,0,1751381426000,2025-07-01T22:50:26,62d92825000000000303cf99,Gnim_M,我爸也想把我塞进去，但是我前几天的证从考试有一门没过[哭惹R],0
6863ac23000000001e035986,686398560000000012021b0d,,,,看到arbitrage 终于绷不住笑死了。金融abandon,0,0,英国,0,1751362595000,2025-07-01T17:36:35,5c4a5eb2000000001201ba9d,nono,看到arbitrage 终于绷不住笑死了。金融abandon,0
687de308000000000f03e569,686398560000000012021b0d,,,,说白了券商也是高级销售[微笑R],4,0,江苏,0,1753080585000,2025-07-21T14:49:45,5e79d5ea00000000010031a9,还好my,说白了券商也是高级销售[微笑R],0
69d429f00000000003012e5a,686398560000000012021b0d,,,,营业部闹麻了[笑哭R],1,0,美国,0,1775512048000,2026-04-07T05:47:28,67395b5e000000001c01abcd,Hikaritsu,营业部闹麻了[笑哭R],0
696709c0000000000c01627e,686398560000000012021b0d,,,,学金融的也不会[黄金薯R],1,0,河北,0,1768360384000,2026-01-14T11:13:04,649d3335000000000b017263,00:00:00,学金融的也不会[黄金薯R],0
687dd345000000001a028d50,686398560000000012021b0d,,,,呃呃呃。为什么在嘲笑博主 简直就是我现在啊。 找关系 学校教的和工作不是一个东西,2,0,辽宁,0,1753076549000,2025-07-21T13:42:29,65eb145b000000000d02617b,粗薯重度依赖,呃呃呃。为什么在嘲笑博主 简直就是我现在啊。 找关系 学校教的和工作不是一个东西,0
6863b0ca000000000f03cde5,686398560000000012021b0d,,,,我感觉你完全把我之前实习的感受说出来了，不过我是学金融的(学的烂)基础的听得懂，根本没人给我安排涉及客户的任务[笑哭R] 一到听不懂的地方我就装懂[哭惹R],8,1,四川,0,1751363786000,2025-07-01T17:56:26,5ac37fa6e8ac2b6b31761989,Rem🐏,我感觉你完全把我之前实习的感受说出来了，不过我是学金融的(学的烂)基础的听得懂，根本没人给我安排涉及客户的任务[笑哭R] 一到听不懂的地方我就装懂[哭惹R],0
68649ba80000000020027a47,686398560000000012021b0d,,,,快跑，这个是简历污点,0,1,上海,0,1751423913000,2025-07-02T10:38:33,5ccf8538000000001101d373,西蒙,快跑，这个是简历污点,0
6868c77d00000000200322b5,686398560000000012021b0d,,,68678eea000000000c02554b,我靠 我真的 绘画专业的 去金融实习不知道行不行能不能活下去[捂脸R],1,0,广东,0,1751697278000,2025-07-05T14:34:38,5c2427c3000000000701917c,芊芊,我靠 我真的 绘画专业的 去金融实习不知道行不行能不能活下去[捂脸R],0
686470ae00000000110183e2,686398560000000012021b0d,,,6863f5b1000000000400cf5b,我糙 不是刷到你 我都不知道出成绩了,1,0,河南,0,1751412911000,2025-07-02T07:35:11,603f252700000000010054cc,旅喝今,我糙 不是刷到你 我都不知道出成绩了,0
6863bc5500000000200272a1,686398560000000012021b0d,,,6863b0ca000000000f03cde5,羡慕你[笑哭R],0,0,广东,0,1751366741000,2025-07-01T18:45:41,6315cfaf000000000f0059b7,坚韧阿尔法,羡慕你[笑哭R],0
6864c8ac000000001303788e,686398560000000012021b0d,,,68649ba80000000020027a47,为啥呀,0,0,江苏,0,1751435436000,2025-07-02T13:50:36,6443d3b9000000001002a779,我不是轲乐不加冰,为啥呀,0
68c1a1c40000000030021892,686398560000000012021b0d,,,,我觉得写得很可爱啊，用家里资源有错吗,5,0,江西,0,1757520325000,2025-09-11T00:05:25,5eb16fb10000000001006e04,momo,我觉得写得很可爱啊，用家里资源有错吗,0
691ffb58000000001600eaa3,686398560000000012021b0d,,,,有个问题，可以染头发吗，我是浅浅浅黄，假发套戴上去好闷[哭惹R],0,1,上海,0,1763703641000,2025-11-21T13:40:41,671cab0f000000000b0328bf,lilililililalalalala,有个问题，可以染头发吗，我是浅浅浅黄，假发套戴上去好闷[哭惹R],0
6863bd4800000000060054c5,686398560000000012021b0d,,,,握草你连加息都不知道是不是太离谱了…,4,0,湖北,0,1751366984000,2025-07-01T18:49:44,6226235900000000100053f4,AMO大馍王,握草你连加息都不知道是不是太离谱了…,0
68873996000000001a02d080,686398560000000012021b0d,,,,写实了，感觉找了个自习室,2,0,安徽,0,1753692567000,2025-07-28T16:49:27,669a2c6d000000000d0268f5,被金融中登面试毒死的双非实习生,写实了，感觉找了个自习室,0
6863ba64000000000f03ee74,686398560000000012021b0d,,,,什么专业能去干这个[萌萌哒R],0,1,北京,0,1751366244000,2025-07-01T18:37:24,677fcff9000000000801e9c6,小红薯6780AA4F,什么专业能去干这个[萌萌哒R],0
686406760000000020012beb,686398560000000012021b0d,,,,文笔这么好？[黄金薯R],4,1,浙江,0,1751385719000,2025-07-02T00:01:59,5ca6e093000000001100a797,6小77,文笔这么好？[黄金薯R],0
6863a85a0000000004015bdf,686398560000000012021b0d,,,,[微笑R]VIP：不想了，一会给我5万亿的爷爷打个电话，就让那个什么VP来陪我玩吧,1,0,上海,0,1751361627000,2025-07-01T17:20:27,5dbd79870000000001007b7b,小红薯68000AEE,[微笑R]VIP：不想了，一会给我5万亿的爷爷打个电话，就让那个什么VP来陪我玩吧,0
68662c70000000001100c285,686398560000000012021b0d,,,,纯数要不还是先走统计分析吧 这些东西就算是个金融渣子也都应该大概了解…[石化R],1,0,上海,0,1751526512000,2025-07-03T15:08:32,5fbcaff0000000000100b2b3,Blrrrrrr,纯数要不还是先走统计分析吧 这些东西就算是个金融渣子也都应该大概了解…[石化R],0
6889cbc4000000002903a8da,686398560000000012021b0d,,,,.,0,0,福建,0,1753861060000,2025-07-30T15:37:40,66267c41000000000303016a,背包不背包,.,0
6863c037000000002000f729,686398560000000012021b0d,,,,当过vip 但是天天没正事 就是帮mentor用印打印做会议纪要 其实懂不懂那些词也没关系[哭惹R],0,0,上海,0,1751367736000,2025-07-01T19:02:16,5c4dedb3000000001201fdc8,RitAries🌙,当过vip 但是天天没正事 就是帮mentor用印打印做会议纪要 其实懂不懂那些词也没关系[哭惹R],0
69b8c6dc000000000f027e35,686398560000000012021b0d,,,691ffb58000000001600eaa3,可以,0,0,辽宁,0,1773717213000,2026-03-17T11:13:33,62a85dd40000000019028407,小小史考特,可以,0
6863bc7f000000001102cb28,686398560000000012021b0d,,,6863ba64000000000f03ee74,家里有关系就行，去年还有个学体育的,7,0,宁夏,0,1751366783000,2025-07-01T18:46:23,652e4d85000000000200f7df,👊👊👊,家里有关系就行，去年还有个学体育的,0
6864068d0000000020027634,686398560000000012021b0d,,,686406760000000020012beb,如临其境了属于是,6,0,浙江,0,1751385741000,2025-07-02T00:02:21,5ca6e093000000001100a797,6小77,如临其境了属于是,0
6936c399000000003900a30f,686398560000000012021b0d,,,,我靠了，都不想去了,0,0,重庆,0,1765196697000,2025-12-08T20:24:57,62b6ec50000000001b024338,远海深水鱼,我靠了，都不想去了,0
68ad1e030000000002000708,686398560000000012021b0d,,,,技术面分析确实比较难学习啊[失望R][失望R]先学习了解每个热点板块的上下游和基本面分析也可以的...,0,0,江苏,0,1756175875000,2025-08-26T10:37:55,5dea2e000000000001004068,Tsuki,技术面分析确实比较难学习啊[失望R][失望R]先学习了解每个热点板块的上下游和基本面分析也可以的...,0
6932f09f000000003900a131,686398560000000012021b0d,,,,我也想来证券 但我想学点东西 VIP是不是也可以学东西啊,0,0,上海,0,1764946080000,2025-12-05T22:48:00,5932f9c05e87e72d88e4f454,Madeleine,我也想来证券 但我想学点东西 VIP是不是也可以学东西啊,0
6a094b5f000000002803549c,686398560000000012021b0d,,,,去年实习就在看这个帖子 今年依旧。,0,0,江苏,0,1778994015000,2026-05-17T13:00:15,60d8016c000000000100ab58,柠檬统治柠檬树,去年实习就在看这个帖子 今年依旧。,0
6863b3da000000000c0170c4,686398560000000012021b0d,,,,看macd人的水平也就那样了，别怕，投顾和分析师亏起来比一般人还恐怖[doge],2,0,上海,0,1751364570000,2025-07-01T18:09:30,639abe1300000000270299e9,请多指教,看macd人的水平也就那样了，别怕，投顾和分析师亏起来比一般人还恐怖[doge],0
6887050d000000001500202d,686398560000000012021b0d,,,,太真实了🤦‍♂️,2,0,上海,0,1753679118000,2025-07-28T13:05:18,6030c3b0000000000101d137,Gu,太真实了🤦‍♂️,0
6863ad78000000000600595f,686398560000000012021b0d,,,,楼上楼下不得见的领居啊[doge],0,0,四川,0,1751362936000,2025-07-01T17:42:16,664d6294000000000d025e43,评论区达人,楼上楼下不得见的领居啊[doge],0
6940b2f4000000003803e7bf,686398560000000012021b0d,,,,别骂了哥，我真破防了,0,0,山西,0,1765847796000,2025-12-16T09:16:36,61dae13e000000001000c8d8,，，，,别骂了哥，我真破防了,0
698166ea00000000140311d5,686398560000000012021b0d,,,,电脑开着同花顺是吧[doge],0,0,上海,0,1770088171000,2026-02-03T11:09:31,6717b4f9000000000b033d24,小红薯67185A7D,电脑开着同花顺是吧[doge],0
6948fa02000000001d027e86,686398560000000012021b0d,,,,好真实 打开GRR单词本哈哈哈哈,0,0,北京,0,1766390274000,2025-12-22T15:57:54,62f4ec69000000001f004b6c,kkdog,好真实 打开GRR单词本哈哈哈哈,0
69cf55d50000000016017058,686398560000000012021b0d,,,,看完感觉自己完蛋了[捂脸R],0,0,广东,0,1775195605000,2026-04-03T13:53:25,6458f27f000000001002537e,~Camilla It Is,看完感觉自己完蛋了[捂脸R],0
69403c8d000000001d025c15,686398560000000012021b0d,,,,宝宝，行研的人是不会那么闲的哦[害羞R],0,0,上海,0,1765817485000,2025-12-16T00:51:25,5c80a05d00000000160021d1,momo,宝宝，行研的人是不会那么闲的哦[害羞R],0
6863b2c2000000001101aa9e,686398560000000012021b0d,,,,里面的人想出去，外面的想进来，这就是我对金融的评价，懂得都懂,3,0,江苏,0,1751364290000,2025-07-01T18:04:50,5ea087b10000000001005a19,loka,里面的人想出去，外面的想进来，这就是我对金融的评价，懂得都懂,0
6863b9e2000000002000dccd,686398560000000012021b0d,,,,没事的，把自己的钱去买股票不出一个月你都懂了[笑哭R],0,0,广东,0,1751366115000,2025-07-01T18:35:15,64d61347000000000200e183,anyu,没事的，把自己的钱去买股票不出一个月你都懂了[笑哭R],0
693b2e31000000001502eed8,686398560000000012021b0d,,,,世另我[石化R][石化R][石化R],0,0,上海,0,1765486130000,2025-12-12T04:48:50,64c79d4e000000000e027110,🙃,世另我[石化R][石化R][石化R],0
69b6db41000000000f02ca42,686398560000000012021b0d,,,,主播入职营业部了吗,0,0,四川,0,1773591361000,2026-03-16T00:16:01,5ed9b3b40000000001007185,天才少年(备战幺妹峰),主播入职营业部了吗,0
69b8fd80000000000d011e89,686398560000000012021b0d,,,,我去但我是证劵比赛第一然后总经理直接给我的实习机会[失望R]可我啥也不会我是会计专业，但我爸炒股比较厉害他帮的我，我在想我要不要去实习,0,0,北京,0,1773731200000,2026-03-17T15:06:40,64ba59f0000000001403716b,momo,我去但我是证劵比赛第一然后总经理直接给我的实习机会[失望R]可我啥也不会我是会计专业，但我爸炒股比较厉害他帮的我，我在想我要不要去实习,0
696d1e0400000000090219b0,686398560000000012021b0d,,,,@粽子叶 @JackyforJupiter @momo @-Jessy夕殷芯 除了不是我爸塞进去 别的不就是我吗[微笑R]一天天云里雾里啥也不知道全靠AI,3,0,浙江,0,1768758789000,2026-01-19T01:53:09,5ceab12e00000000180282b1,KathySharky,@粽子叶 @JackyforJupiter @momo @-Jessy夕殷芯 除了不是我爸塞进去 别的不就是我吗[微笑R]一天天云里雾里啥也不知道全靠AI,0
68897db8000000002a01e18f,686398560000000012021b0d,,,, @M O nn 0 m o ,0,0,江苏,0,1753841080000,2025-07-30T10:04:40,6522a35c000000002b002fb0,comic,@M O nn 0 m o,0
688834cb000000000400ada7,686398560000000012021b0d,,,,太好笑了感觉是大一大二的精致小幻想@S.K.,2,1,浙江,0,1753756875000,2025-07-29T10:41:15,5c30649a000000000603c7bd,闵生,太好笑了感觉是大一大二的精致小幻想@S.K.,0
6888b9be000000002b01b0a2,686398560000000012021b0d,,,688834cb000000000400ada7,怎么感觉没进过券商全是想象[笑哭R],0,0,上海,0,1753790911000,2025-07-29T20:08:31,62f120f6000000001e01e86a,S.K.,怎么感觉没进过券商全是想象[笑哭R],0
6885ec3600000000090153bc,686398560000000012021b0d,,,,@叮叮隆咚锵 懒得喷,0,0,上海,0,1753607223000,2025-07-27T17:07:03,642aba32000000001f03248e,C_,@叮叮隆咚锵 懒得喷,0
6884a7f200000000180028ef,686398560000000012021b0d,,,,@啦啦啦 只有我感觉自己明年就这样子吗,1,0,江苏,0,1753524210000,2025-07-26T18:03:30,66a74871000000001d033dbc,sereining,@啦啦啦 只有我感觉自己明年就这样子吗,0
68820b59000000000900e0d7,686398560000000012021b0d,,,,@momo 关系户就这样,5,1,广西,0,1753353049000,2025-07-24T18:30:49,63d1c8630000000027028dc7,天天向上,@momo 关系户就这样,0
6881b6b0000000001303506b,686398560000000012021b0d,,,,@Xxxhh,0,0,辽宁,0,1753331377000,2025-07-24T12:29:37,5ef202f40000000001001f12,切开的蓝莓是冻梨,@Xxxhh,0
6880bef1000000000900ffff,686398560000000012021b0d,,,,我是汉语言的也在证券实习，实习了二十多天我就填过表格和粘过纸质材料，不过我知道macd，就是学习这些知识的时候总在工位上睡着[哭惹R]真的越看越好睡，别人都在工作没有人在意我,3,0,云南,0,1753267954000,2025-07-23T18:52:34,649d365e000000001c0284e8,小红薯649DAA3D,我是汉语言的也在证券实习，实习了二十多天我就填过表格和粘过纸质材料，不过我知道macd，就是学习这些知识的时候总在工位上睡着[哭惹R]真的越看越好睡，别人都在工作没有人在意我,0
6880948d000000001902659d,686398560000000012021b0d,,,,什么，居然可以顺带背gre单词吗，天才，看评论区其他人居然说工位是天然自习室。我不行了，来劲儿了，没出分的留子有救了,2,0,北京,0,1753257102000,2025-07-23T15:51:42,6124cc82000000000101d4e2,Clouday,什么，居然可以顺带背gre单词吗，天才，看评论区其他人居然说工位是天然自习室。我不行了，来劲儿了，没出分的留子有救了,0
688034ac000000000900d1f4,686398560000000012021b0d,,,,[doge][doge]事实证明证券公司人也不会炒[笑哭R],1,0,四川,0,1753232557000,2025-07-23T09:02:37,60bf60ef0000000001007a74,睡个串串起来嗨,[doge][doge]事实证明证券公司人也不会炒[笑哭R],0
687f53460000000002005772,686398560000000012021b0d,,,,想看美甲[色色R][色色R],1,0,福建,0,1753174854000,2025-07-22T17:00:54,5d2d5e2d0000000011018fb9,s苏苏苏苏,想看美甲[色色R][色色R],0
687f114c000000001100e3fa,686398560000000012021b0d,,,,太真实了,0,0,广东,0,1753157964000,2025-07-22T12:19:24,672c1c7d000000001c0184fa,渣渣馆长,太真实了,0
687ce5c3000000001b03c856,686398560000000012021b0d,,,,心疼你宝宝[飞吻R],0,0,四川,0,1753015747000,2025-07-20T20:49:07,5ace063111be103792a1d5ed,ty姜姜,心疼你宝宝[飞吻R],0
68820e32000000001b03f584,686398560000000012021b0d,,,68820b59000000000900e0d7,蛙趣[扶墙R],0,0,广东,0,1753353779000,2025-07-24T18:42:59,64a82ae2000000001c02a97e,momo,蛙趣[扶墙R],0
6878c1500000000004018bd9,686398560000000012021b0d,,,,在演我,0,0,河北,0,1752744273000,2025-07-17T17:24:33,63aaaa5a0000000028018741,shesaid,在演我,0
68779689000000000f03f713,686398560000000012021b0d,,,,没关系，李哥也不懂，毕竟macd不好使,1,0,北京,0,1752667786000,2025-07-16T20:09:46,64ad721d000000001f0062c5,冯河之虎,没关系，李哥也不懂，毕竟macd不好使,0
687744d0000000000c026a6f,686398560000000012021b0d,,,,@goodluck 笑死我了来看,0,1,江苏,0,1752646865000,2025-07-16T14:21:05,635de7340000000018021499,INSPIRE,@goodluck 笑死我了来看,0
6877157600000000150014b8,686398560000000012021b0d,,,,@Jellymillet @西兰花大王 @今天也喜欢小柴 @👿,1,0,海南,0,1752634742000,2025-07-16T10:59:02,5b56ab304eacab629f473bab,##,@Jellymillet @西兰花大王 @今天也喜欢小柴 @👿,0
6876170c000000000900d60c,686398560000000012021b0d,,,,天哪简直是说出了我的心声[笑哭R]第一天实习开晨会，说到ETF，我一脸懵的赶紧搜ETF是啥[哭惹R],6,0,江苏,0,1752569613000,2025-07-15T16:53:33,611c8df70000000001004916,wish me Rich and Lucky,天哪简直是说出了我的心声[笑哭R]第一天实习开晨会，说到ETF，我一脸懵的赶紧搜ETF是啥[哭惹R],0
6871c318000000001101be9b,686398560000000012021b0d,,,,Rebecca 人才储备库,4,0,山东,0,1752285977000,2025-07-12T10:06:17,5effe5ea000000000101e0b2,一颗地瓜,Rebecca 人才储备库,0
686b86100000000020022256,686398560000000012021b0d,,,,筑波 我懂你.......,2,0,北京,0,1751877137000,2025-07-07T16:32:17,600c02c600000000010018f9,B.G,筑波 我懂你.......,0
6867942c000000000401fc91,686398560000000012021b0d,,,,@新垣绘 @Minority @辣鸡面暴走中 @spursy @蓝与橙之歌,1,0,重庆,0,1751618605000,2025-07-04T16:43:25,5fb8a7850000000001002402,毒奶并非鲜奶,@新垣绘 @Minority @辣鸡面暴走中 @spursy @蓝与橙之歌,0
686730a8000000000401d85a,686398560000000012021b0d,,,,@j竭力的山竹 求赐VIP爸爸让我混吃等死我也愿意。,1,0,浙江,0,1751593129000,2025-07-04T09:38:49,602772cb0000000001000ebc,整点薯条,@j竭力的山竹 求赐VIP爸爸让我混吃等死我也愿意。,0
6866bbb70000000020011382,686398560000000012021b0d,,,,天啊我不敢想我要是也这样怎么办[失望R],0,0,河北,0,1751563191000,2025-07-04T01:19:51,5ed250570000000001002f9b,xxx,天啊我不敢想我要是也这样怎么办[失望R],0
687765860000000015002edb,686398560000000012021b0d,,,687744d0000000000c026a6f,[笑哭R]讨厌这样的工作,0,0,浙江,0,1752655238000,2025-07-16T16:40:38,62720c26000000001000bf03,goodluck,[笑哭R]讨厌这样的工作,0
6866903b000000002000f5a1,686398560000000012021b0d,,,,@Banana小魔仙 [汗颜R],0,0,湖北,0,1751552060000,2025-07-03T22:14:20,64d7a3460000000001012d0d,肘击你二舅,@Banana小魔仙 [汗颜R],0
686668ae00000000200210c6,686398560000000012021b0d,,,,哪个部门啊，研究所，ibd还是自营？,0,0,广东,0,1751541934000,2025-07-03T19:25:34,5c071dbb000000000500de17,nevermind,哪个部门啊，研究所，ibd还是自营？,0
68663eca000000002000ce70,686398560000000012021b0d,,,,在广州还是四川啊[doge][doge],0,0,广东,0,1751531210000,2025-07-03T16:26:50,5afc2d6f4eacab7df3407a9d,哈哈娱乐零投资,在广州还是四川啊[doge][doge],0
68663e81000000000c02745c,686398560000000012021b0d,,,,跟我完全一样，甚至我和博主一样是纯数学专业[doge],0,0,浙江,0,1751531137000,2025-07-03T16:25:37,5ee3c0660000000001001636,QQ,跟我完全一样，甚至我和博主一样是纯数学专业[doge],0
6866303b0000000013037b5e,686398560000000012021b0d,,,,刷到自己了[抽泣R],1,0,山东,0,1751527483000,2025-07-03T15:24:43,60921eaf0000000001009f55,屿寻,刷到自己了[抽泣R],0
686628c0000000002000dc45,686398560000000012021b0d,,,,@西亚呀呀呀 [皱眉R][暗中观察R][暗中观察R],0,0,江苏,0,1751525569000,2025-07-03T14:52:49,5e4e91d900000000010071e1,想要文俊尼鼻骨🐰🐱,@西亚呀呀呀 [皱眉R][暗中观察R][暗中观察R],0
686623560000000020033c1c,686398560000000012021b0d,,,,牛马标配了。。,0,0,北京,0,1751524185000,2025-07-03T14:29:45,622475bf0000000010004686,Christinnnnna,牛马标配了。。,0
68661f8f000000000401beac,686398560000000012021b0d,,,,@LOLLIPOP 又刷到这个帖子了,0,0,上海,0,1751523216000,2025-07-03T14:13:36,5b9bb77c26b94a00016348e1,奔跑的夜宵,@LOLLIPOP 又刷到这个帖子了,0
6865f307000000002000f97b,686398560000000012021b0d,,,,@再吱哇乱叫小心我啄你啊,0,1,北京,3,1751511816000,2025-07-03T11:03:36,63c8dc96000000002702bf42,爱吃好饭无人来拼,@再吱哇乱叫小心我啄你啊,0
6865e74c0000000004019766,686398560000000012021b0d,,,,话说考了证从了吗[失望R],0,0,青海,0,1751508812000,2025-07-03T10:13:32,5aa8da9ee8ac2b549978b734,挽易年,话说考了证从了吗[失望R],0
68660064000000000c0146a7,686398560000000012021b0d,,,6865f307000000002000f97b,哎,0,0,北京,0,1751515236000,2025-07-03T12:00:36,63d51bfb0000000026005718,再吱哇乱叫小心我啄你啊,哎,0
6865dcfe000000000400c1b1,686398560000000012021b0d,,,,前面简直一模一样..,0,0,浙江,0,1751506175000,2025-07-03T09:29:35,5d005a9400000000120059b9,小甜面包bunv,前面简直一模一样..,0
6865dac7000000000400f101,686398560000000012021b0d,,,,文笔这么好应该能找到活啊[doge],1,0,上海,0,1751505607000,2025-07-03T09:20:07,66e6c1f2000000000b0314c6,云裳,文笔这么好应该能找到活啊[doge],0
6865d0dc0000000004014226,686398560000000012021b0d,,,,太有趣了，请博主多多更新,1,0,广东,0,1751503068000,2025-07-03T08:37:48,590fd9a56a6a6971f9496b6c,大大大大大大黄鸭,太有趣了，请博主多多更新,0
6864fe0d000000002000e4fe,686398560000000012021b0d,,,,@🍜 @Tyl_L @壹 @momo 被真实哦,0,0,浙江,0,1751449102000,2025-07-02T17:38:22,60bdf4620000000001000974,早睡早起喜烊烊,@🍜 @Tyl_L @壹 @momo 被真实哦,0
6864e2fb000000001101b55c,686398560000000012021b0d,,,,这个熟悉的塔+manner，我们应该在同一栋楼实习[笑哭R],0,0,四川,3,1751442172000,2025-07-02T15:42:52,6709d413000000001d03198b,chief Justice,这个熟悉的塔+manner，我们应该在同一栋楼实习[笑哭R],0
6864dc12000000000600600b,686398560000000012021b0d,,,,我现在也是找关系，进了PICC实习，原本以为很高大上，结果给我安排个墙角的位置让我盖章[捂脸R],1,0,广东,0,1751440403000,2025-07-02T15:13:23,5c3deb0c0000000007005725,橙子味小桶^,我现在也是找关系，进了PICC实习，原本以为很高大上，结果给我安排个墙角的位置让我盖章[捂脸R],0
6864d8990000000020030817,686398560000000012021b0d,,,,禁止窥探我的生活[哭惹R]破如防,2,0,上海,0,1751439514000,2025-07-02T14:58:34,5b84c70cf25aeb0001b739f1,忆忆跟你拼啦!!!,禁止窥探我的生活[哭惹R]破如防,0
6864aa6b000000000602e2c1,686398560000000012021b0d,,,,@刺猬崔 ？！？？？,1,0,陕西,0,1751427692000,2025-07-02T11:41:32,60921489000000000100460a,Pyrotechnic56,@刺猬崔 ？！？？？,0
686496ca000000000c017229,686398560000000012021b0d,,,,之前去实习，完全懵逼,0,0,重庆,0,1751422667000,2025-07-02T10:17:47,59bf9c6f50c4b46de1f2a653,酷得你哭,之前去实习，完全懵逼,0
68648d56000000000c0263e5,686398560000000012021b0d,,,,@もも,0,0,北京,0,1751420246000,2025-07-02T09:37:26,5a09661ee8ac2b0b42f5b470,菠菜菠菜菠菜,@もも,0
68648bb70000000004019f0c,686398560000000012021b0d,,,,同vip实习生 还在苦苦挣扎自学股票[哭惹R],0,0,重庆,0,1751419832000,2025-07-02T09:30:32,62a84c65000000001b026fc2,小捏,同vip实习生 还在苦苦挣扎自学股票[哭惹R],0
68648b84000000001102e47e,686398560000000012021b0d,,,,macd金叉是骗人的[黄金薯R],0,0,上海,0,1751419781000,2025-07-02T09:29:41,59aea5456a6a693614c60e7b,xcj,macd金叉是骗人的[黄金薯R],0
68647cea000000001102e3dd,686398560000000012021b0d,,,,大学对金钱的渴望不够[doge]我们大学就拿着真金白银冲股市了十年前，不过那时候家里给的钱不多，只有2万我[笑哭R],2,0,浙江,0,1751416043000,2025-07-02T08:27:23,5571986022cfcd70e55df45e,小鱼泡泡,大学对金钱的渴望不够[doge]我们大学就拿着真金白银冲股市了十年前，不过那时候家里给的钱不多，只有2万我[笑哭R],0
68647a55000000000401c917,686398560000000012021b0d,,,,至少你愿意学习[笑哭R][笑哭R][偷笑R],0,0,广东,0,1751415382000,2025-07-02T08:16:22,594272086f02d65184fadd14,吧啦,至少你愿意学习[笑哭R][笑哭R][偷笑R],0
6864781a0000000020026305,686398560000000012021b0d,,,,有业绩压力不[doge],0,0,湖南,0,1751414810000,2025-07-02T08:06:50,63de62050000000026011397,杯中浮沉,有业绩压力不[doge],0
686422160000000013034d8f,686398560000000012021b0d,,,,上小红书搜术语好真实哈哈哈,2,0,广东,0,1751392791000,2025-07-02T01:59:51,5f24016b0000000001001e1c,耶耶,上小红书搜术语好真实哈哈哈,0
686403d2000000001100cceb,686398560000000012021b0d,,,,@国家一级保护废物 会这样吗,2,1,江苏,0,1751385043000,2025-07-01T23:50:43,6028d2180000000001003491,vkcctmx5729rjou,@国家一级保护废物 会这样吗,0
6863fd1c000000000f03f628,686398560000000012021b0d,,,,终于有人说了我的感受了[笑哭R]根本没人教没人带……,0,0,江苏,0,1751383324000,2025-07-01T23:22:04,5b7d47f993e09c0001ed3c37,九旬太奶,终于有人说了我的感受了[笑哭R]根本没人教没人带……,0
6863f5d40000000020011084,686398560000000012021b0d,,,,真正对金融感兴趣的门槛都没有，博主随便进，还是一无所知，果然背景才是一个人的勋章,6,0,广东,0,1751381460000,2025-07-01T22:51:00,62bf182c000000001b02795b,荣华福龟,真正对金融感兴趣的门槛都没有，博主随便进，还是一无所知，果然背景才是一个人的勋章,0
6863f3bd000000000401ebe9,686398560000000012021b0d,,,,@睿睿子 我真的背了一天的gre[微笑R][微笑R],0,0,上海,0,1751380925000,2025-07-01T22:42:05,5992fab050c4b47e79a01a7b,Greening,@睿睿子 我真的背了一天的gre[微笑R][微笑R],0
6864ca700000000020030790,686398560000000012021b0d,,,686403d2000000001100cceb,我不搞券商,0,0,江苏,3,1751435889000,2025-07-02T13:58:09,5ea259c800000000010081cd,国家一级保护废物,我不搞券商,0
67ea3f600000000020014faa,67e4fc4f000000001d017625,,,,是行测类的吗[笑哭R],2,6,广东,0,1743404896000,2025-03-31T15:08:16,5c6acb4a000000001201c7e5,momo,是行测类的吗[笑哭R],0
67e5557c000000001e03b7df,67e4fc4f000000001d017625,,,,做完了 怎么我要开摄像头还是双机位,1,6,上海,0,1743082877000,2025-03-27T21:41:17,645cc5a1000000001002852f,春风十里,做完了 怎么我要开摄像头还是双机位,0
67e60de9000000001f00e1d3,67e4fc4f000000001d017625,,,,请问是只用开电脑摄像头还是手机也得架着啊,1,1,广东,0,1743130090000,2025-03-28T10:48:10,6225d0c0000000001000fda0,哎呀我布响丸辣,请问是只用开电脑摄像头还是手机也得架着啊,0
67e51a9b000000001e012b55,67e4fc4f000000001d017625,,,,xd哪天投的[笑哭R]我下午刚投,1,1,上海,0,1743067803000,2025-03-27T17:30:03,60d2162d000000002002d7a6,Waiwai,xd哪天投的[笑哭R]我下午刚投,0
67e5174900000000120001fd,67e4fc4f000000001d017625,,,,[石化R]没收到,1,1,上海,0,1743066953000,2025-03-27T17:15:53,5c7b542b0000000010017d9f,Bye！（接 offer 版）,[石化R]没收到,0
69b92bf6000000000f025ca1,67e4fc4f000000001d017625,,,,多久能收到笔试呀,0,1,上海,0,1773743094000,2026-03-17T18:24:54,60cd5aaf000000000100732c,俺想吃蜂蜜,多久能收到笔试呀,0
67e4fffe000000001e00e67a,67e4fc4f000000001d017625,,,,我也收到,1,2,北京,0,1743060991000,2025-03-27T15:36:31,5adb3293e8ac2b563beff2c8,冒泡生啤酒_,我也收到,0
67ecc81b000000001f02b1c4,67e4fc4f000000001d017625,,,,好像发面了,1,0,广东,0,1743570971000,2025-04-02T13:16:11,6225d0c0000000001000fda0,哎呀我布响丸辣,好像发面了,0
67e54dfa00000000120005bb,67e4fc4f000000001d017625,,,,请问bg,1,0,北京,0,1743080955000,2025-03-27T21:09:15,665fd83a0000000003033e20,别太较劲了,请问bg,0
67e5073e000000001f00d261,67e4fc4f000000001d017625,,,,不开摄像头吗？,1,0,北京,0,1743062846000,2025-03-27T16:07:26,5f13aa5600000000010062aa,铃铛,不开摄像头吗？,0
67ea3f93000000001e034f4b,67e4fc4f000000001d017625,,,67ea3f600000000020014faa,专业知识,0,0,北京,0,1743404948000,2025-03-31T15:09:08,5df7b3150000000001004d30,在蓝天下,专业知识,0
67e55c0e0000000020015c83,67e4fc4f000000001d017625,,,67e5557c000000001e03b7df,是投研岗吗？,0,0,北京,0,1743084559000,2025-03-27T22:09:19,5f13aa5600000000010062aa,铃铛,是投研岗吗？,0
67e6129d000000001e03d778,67e4fc4f000000001d017625,,,67e60de9000000001f00e1d3,参照北森的要求,0,0,北京,0,1743131293000,2025-03-28T11:08:13,5df7b3150000000001004d30,在蓝天下,参照北森的要求,0
67e527330000000012000dfc,67e4fc4f000000001d017625,,,67e51a9b000000001e012b55,应该是刚出的那天就投了,0,0,北京,0,1743071028000,2025-03-27T18:23:48,5df7b3150000000001004d30,在蓝天下,应该是刚出的那天就投了,0
67e55c9b0000000012022972,67e4fc4f000000001d017625,,,67e5174900000000120001fd,应该是我投的早吧,0,0,北京,0,1743084700000,2025-03-27T22:11:40,5df7b3150000000001004d30,在蓝天下,应该是我投的早吧,0
69b9415000000000190011ee,67e4fc4f000000001d017625,,,69b92bf6000000000f025ca1,两三周吧,0,0,北京,0,1773748560000,2026-03-17T19:56:00,5df7b3150000000001004d30,在蓝天下,两三周吧,0
67e51c690000000012023631,67e4fc4f000000001d017625,,,67e4fffe000000001e00e67a,请问是市场类的岗位嘛,0,0,匈牙利,0,1743068265000,2025-03-27T17:37:45,5e737571000000000100b824,平平无奇摆烂人,请问是市场类的岗位嘛,0
680b22da0000000012001358,67e4fc4f000000001d017625,,,,蹲,0,0,上海,0,1745560283000,2025-04-25T13:51:23,5c7b542b0000000010017d9f,Bye！（接 offer 版）,蹲,0
67f754f8000000001f00ce92,67e4fc4f000000001d017625,,,,请问有投职能的吗,0,0,北京,0,1744262393000,2025-04-10T13:19:53,62f665da000000001e01f935,Chllin dude,请问有投职能的吗,0
67e624760000000012000487,67e4fc4f000000001d017625,,,,我来,1,0,上海,0,1743135862000,2025-03-28T12:24:22,6177ac16000000000201db8b,牛角箱鲀,我来,0
67e50748000000001f0064fa,67e4fc4f000000001d017625,,,,太秀了哥们,1,0,上海,0,1743062856000,2025-03-27T16:07:36,5e5f0d13000000000100208f,🍊哥,太秀了哥们,0
67e4fdc1000000001f01b6d3,67e4fc4f000000001d017625,,,,方便问下是什么岗吗,1,0,上海,0,1743060418000,2025-03-27T15:26:58,62257ad30000000010006f20,天,方便问下是什么岗吗,0
67e4fcde000000001e0162f2,67e4fc4f000000001d017625,,,,这么快嘛 我都还没开始投...,1,0,上海,0,1743060190000,2025-03-27T15:23:10,5cb27fde000000001103652c,Kiki,这么快嘛 我都还没开始投...,0
6a0976ad0000000027020ace,69dbb2eb000000002202b3b5,,,,最后去哪里了[害羞R],0,2,四川,0,1779005102000,2026-05-17T16:05:02,5e887657000000000100add8,湘愈,最后去哪里了[害羞R],0
6a019ec20000000029011d5e,69dbb2eb000000002202b3b5,,,,卡夫亨氏不面是因为不打算去快消赛道吗,0,7,广东,0,1778491075000,2026-05-11T17:17:55,671098af000000001d021130,！！,卡夫亨氏不面是因为不打算去快消赛道吗,0
69dbb3aa000000000c031248,69dbb2eb000000002202b3b5,,,,去外企做供应链会比跨境好吧,2,8,广东,0,1776006059000,2026-04-12T23:00:59,5d17f12a000000001203b8d3,好了我要存钱养暹罗了,去外企做供应链会比跨境好吧,0
69dc72520000000015001ddd,69dbb2eb000000002202b3b5,,,,为啥要做电商运营，你就是做电商供应链都行，9硕直接往头部企业扔简历吧,6,3,福建,0,1776054866000,2026-04-13T12:34:26,5eb7cd85000000000100444e,燕返,为啥要做电商运营，你就是做电商供应链都行，9硕直接往头部企业扔简历吧,0
6a098630000000002300fad5,69dbb2eb000000002202b3b5,,,,你好，我也是研一，请问现在拿到OFFER，那你是什么时候入职呀？,0,1,江苏,0,1779009072000,2026-05-17T17:11:12,679dca5c000000000d009ebf,大蒜头达咩哟,你好，我也是研一，请问现在拿到OFFER，那你是什么时候入职呀？,0
6a026d93000000002803aa67,69dbb2eb000000002202b3b5,,,,跟你一样的岗位入职了半个月 想跑了[doge],0,1,江西,0,1778544020000,2026-05-12T08:00:20,5a9b728e11be105050d42dd5,月半小夜曲,跟你一样的岗位入职了半个月 想跑了[doge],0
69fded99000000002701fd80,69dbb2eb000000002202b3b5,,,,非全吗？,0,1,陕西,0,1778249114000,2026-05-08T22:05:14,5d7061370000000001009796,明明就是明明,非全吗？,0
69f55572000000002701e268,69dbb2eb000000002202b3b5,,,,如果给专业打码，看下面的内容，我肯定猜不出专业[doge]本科是旅游管理吗,1,1,广东,0,1777685875000,2026-05-02T09:37:55,6489d6ba000000002a035f25,Mirco,如果给专业打码，看下面的内容，我肯定猜不出专业[doge]本科是旅游管理吗,0
69f38fde000000002803d458,69dbb2eb000000002202b3b5,,,,请问博主联蔚数科面试的是哪个岗位呀,1,1,广东,0,1777569759000,2026-05-01T01:22:39,5f7be5680000000001002798,企鹅日记本,请问博主联蔚数科面试的是哪个岗位呀,0
69fab8c00000000027017075,69dbb2eb000000002202b3b5,,,,好巧！我上一份就是蔚来销售运营,0,1,陕西,0,1778038977000,2026-05-06T11:42:57,602f700f000000000101e638,蔡必胜,好巧！我上一份就是蔚来销售运营,0
6a097812000000002b027dd0,69dbb2eb000000002202b3b5,,,6a0976ad0000000027020ace,蔚来,0,0,广东,0,1779005458000,2026-05-17T16:10:58,5f9e2f21000000000101fabf,梦呓的梦,蔚来,0
6a019f760000000029034653,69dbb2eb000000002202b3b5,,,6a019ec20000000029011d5e,因为已经入职蔚来了 卡夫是线下面感觉有点麻烦 加上是项目管理岗就拒了[笑哭R],0,0,广东,0,1778491254000,2026-05-11T17:20:54,5f9e2f21000000000101fabf,梦呓的梦,因为已经入职蔚来了 卡夫是线下面感觉有点麻烦 加上是项目管理岗就拒了[笑哭R],0
69dbb42b000000003502ce6e,69dbb2eb000000002202b3b5,,,69dbb3aa000000000c031248,不知道外企能接受我这种0经验嘛 我找找有没有合适的,3,0,广东,0,1776006187000,2026-04-12T23:03:07,5f9e2f21000000000101fabf,梦呓的梦,不知道外企能接受我这种0经验嘛 我找找有没有合适的,0
69dc72a400000000350120a7,69dbb2eb000000002202b3b5,,,69dc72520000000015001ddd,供应链会比运营更好嘛[皱眉R],1,0,广东,0,1776054948000,2026-04-13T12:35:48,5f9e2f21000000000101fabf,梦呓的梦,供应链会比运营更好嘛[皱眉R],0
6a0986d8000000002b0001cc,69dbb2eb000000002202b3b5,,,6a098630000000002300fad5,我找的日常实习，4月底就已经入职了,0,0,广东,0,1779009241000,2026-05-17T17:14:01,5f9e2f21000000000101fabf,梦呓的梦,我找的日常实习，4月底就已经入职了,0
6a028a07000000002902fb59,69dbb2eb000000002202b3b5,,,6a026d93000000002803aa67,哈哈哈我也差不多半个月 每天都在离职和再忍忍之间拉扯[哭惹R],0,0,广东,0,1778551304000,2026-05-12T10:01:44,5f9e2f21000000000101fabf,梦呓的梦,哈哈哈我也差不多半个月 每天都在离职和再忍忍之间拉扯[哭惹R],0
69fdfa420000000029026040,69dbb2eb000000002202b3b5,,,69fded99000000002701fd80,全日制,0,0,广东,0,1778252354000,2026-05-08T22:59:14,5f9e2f21000000000101fabf,梦呓的梦,全日制,0
69f55e4e0000000029034bba,69dbb2eb000000002202b3b5,,,69f55572000000002701e268,哈哈哈是的[笑哭R],1,0,广东,0,1777688143000,2026-05-02T10:15:43,5f9e2f21000000000101fabf,梦呓的梦,哈哈哈是的[笑哭R],0
69f3906a000000002b02b221,69dbb2eb000000002202b3b5,,,69f38fde000000002803d458,运营,0,0,广东,0,1777569899000,2026-05-01T01:24:59,5f9e2f21000000000101fabf,梦呓的梦,运营,0
6a026d74000000002900ebf9,69dbb2eb000000002202b3b5,,,69fab8c00000000027017075,请问为什么离职呢,0,0,江西,0,1778543988000,2026-05-12T07:59:48,5a9b728e11be105050d42dd5,月半小夜曲,请问为什么离职呢,0
69fe1251000000002803c723,69dbb2eb000000002202b3b5,,,,可以问问汇量的面试问题吗,0,1,广东,0,1778258513000,2026-05-09T00:41:53,5c0332e70000000008004d49,bbbkcbb🥢,可以问问汇量的面试问题吗,0
69f9d6a500000000290247af,69dbb2eb000000002202b3b5,,,,可以看看安克创新 我之前在那边供应链岗位实习过,0,0,广东,0,1777981094000,2026-05-05T19:38:14,5e2e5b3700000000010037fb,AAA.空调清洗李姐,可以看看安克创新 我之前在那边供应链岗位实习过,0
69f2c9bc000000002a030156,69dbb2eb000000002202b3b5,,,,差不多，我是211硕[微笑R]找的瑞幸的供应链岗,0,0,北京,0,1777519037000,2026-04-30T11:17:17,6691ea27000000000f034f21,momo,差不多，我是211硕[微笑R]找的瑞幸的供应链岗,0
69e622d40000000014013c00,69dbb2eb000000002202b3b5,,,,投供应链  可以写一下相关的项目,0,1,重庆,0,1776689876000,2026-04-20T20:57:56,5ac60bd7e8ac2b2212458e6a,路西范elio,投供应链 可以写一下相关的项目,0
69de08b10000000015007502,69dbb2eb000000002202b3b5,,,,一年时间从0-1[害羞R],0,0,广东,0,1776158899000,2026-04-14T17:28:19,669920b90000000024021e33,爽爽の寿司小铺,一年时间从0-1[害羞R],0
69e3ae030000000014013002,69dbb2eb000000002202b3b5,,,,不着急，不焦虑。允许自己暂停，允许自己试错，允许自己不完美。爱自己，你就有内核应对所有。坚持每天多平台投简历： 1.按W第2个简历样板，对照11大板块，对齐目标岗位要求，根据对标岗位要求改简历； 2.关注行业动态，匹配自己的核心技能； 3.关注就业趋势，找到喜欢的可培训提升自己的技能 4.每天固定时间投简历，不要海投，一定要精准匹配 5.复盘以往工作技能，做好项目提炼，应对面试 6.每天出去透透气儿，晒晒太阳，听听风吹的声音 7.爱自己，生命的意义在于用心体验，不用对自己过度负责 8.不要被专业困住：学得好的某科目技能+擅长的+喜欢、感兴趣的赛道、市场需要的（前提是你喜欢的）…大胆尝试。,1,0,江苏,-2,1776528899000,2026-04-19T00:14:59,68ff35320000000037005958,职场教练心语姐,不着急，不焦虑。允许自己暂停，允许自己试错，允许自己不完美。爱自己，你就有内核应对所有。坚持每天多平台投简历： 1.按W第2个简历样板，对照11大板块，对齐目标岗位要求，根据对标岗位要求改简历； 2.关注行业动态，匹配自己的核心技能； 3.关注就业趋势，找到喜欢的可培训提升自己的技能 4.每天固定时间投简历，不要海投，一定要精准匹配 5.复盘以往工作技能，做好项目提炼，应对面试 6.每天出去透透气儿，晒晒太阳，听听风吹的声音 7.爱自己，生命的意义在于用心体验，不用对自己过度负责 8.不要被专业困住：学得好的某科目技能+擅长的+喜欢、感兴趣的赛道、市场需要的（前提是你喜欢的）…大胆尝试。,0
69fe23f1000000002b026b5b,69dbb2eb000000002202b3b5,,,69fe1251000000002803c723,没有去汇量面试呢 hr约面前一直跟我沟通强调能不能全勤 我就拒了[笑哭R],0,0,广东,0,1778263025000,2026-05-09T01:57:05,5f9e2f21000000000101fabf,梦呓的梦,没有去汇量面试呢 hr约面前一直跟我沟通强调能不能全勤 我就拒了[笑哭R],0
69e656c10000000014019c08,69dbb2eb000000002202b3b5,,,69e622d40000000014013c00,没有相关的项目怎么办[捂脸R],0,0,广东,0,1776703169000,2026-04-21T00:39:29,5f9e2f21000000000101fabf,梦呓的梦,没有相关的项目怎么办[捂脸R],0
69aed8e80000000015014916,69aeb3ab000000001b01dc57,,,,nb。,0,2,英国,0,1773066473000,2026-03-09T22:27:53,6069c42f00000000010059f2,Angelinnabell多喝水,nb。,0
69aeb3bd000000000d03eb8b,69aeb3ab000000001b01dc57,,,,上一篇热度太低了遂再发一遍。,0,2,广东,0,1773056958000,2026-03-09T19:49:18,58f573a15e87e741da1d7103,乱乱的快乐小狗,上一篇热度太低了遂再发一遍。,0
6a09df0e000000002803c2c3,69aeb3ab000000001b01dc57,,,,你还找实习吗哈哈 突然看到你也是CICF志愿者,1,0,中国香港,0,1779031822000,2026-05-17T23:30:22,5dd7fb690000000001000b9f,SPF99,你还找实习吗哈哈 突然看到你也是CICF志愿者,0
69bc0a7900000000030133ef,69aeb3ab000000001b01dc57,,,,华泰不是最低研0吗,0,1,四川,0,1773931130000,2026-03-19T22:38:50,69a3c380000000002100baf8,选择困难,华泰不是最低研0吗,0
6a0bb13b000000002803ef81,69aeb3ab000000001b01dc57,,,,好厉害,0,0,天津,0,1779151163000,2026-05-19T08:39:23,66a27c18000000001d03305f,Dahommie,好厉害,0
69b4e3c40000000015003f59,69aeb3ab000000001b01dc57,,,,哪里有行研？,1,0,美国,0,1773462469000,2026-03-14T12:27:49,607ef345000000000100b58f,好运降临掌心,哪里有行研？,0
69b1e57a0000000002037473,69aeb3ab000000001b01dc57,,,,NB[呃R],0,0,澳大利亚,0,1773266299000,2026-03-12T05:58:19,5f16a238000000000101f784,大喵（春招版）,NB[呃R],0
69aedd8c000000001d00f57c,69aeb3ab000000001b01dc57,,,,怎么又发一遍。,1,0,广东,0,1773067660000,2026-03-09T22:47:40,5eeb56c7000000000101e9c2,Mecy,怎么又发一遍。,0
69af122e000000001500a117,69aeb3ab000000001b01dc57,,,,[飞吻R],0,2,瑞典,-2,1773081134000,2026-03-10T02:32:14,64be3051000000001403b16b,昨日游鱼,[飞吻R],0
69aedad10000000015001849,69aeb3ab000000001b01dc57,,,69aed8e80000000015014916,想怎样。,1,0,广东,0,1773066962000,2026-03-09T22:36:02,58f573a15e87e741da1d7103,乱乱的快乐小狗,想怎样。,0
69aedd900000000015017c4d,69aeb3ab000000001b01dc57,,,69aeb3bd000000000d03eb8b,哦是这样,1,0,广东,0,1773067665000,2026-03-09T22:47:45,5eeb56c7000000000101e9c2,Mecy,哦是这样,0
69bc20ce0000000016015ec4,69aeb3ab000000001b01dc57,,,69bc0a7900000000030133ef,vip,0,0,广东,0,1773936847000,2026-03-20T00:14:07,58f573a15e87e741da1d7103,乱乱的快乐小狗,vip,0
69afa08c0000000014009e2d,69aeb3ab000000001b01dc57,,,69af122e000000001500a117,呜呜,0,0,广东,0,1773117580000,2026-03-10T12:39:40,58f573a15e87e741da1d7103,乱乱的快乐小狗,呜呜,0
69ee1742000000002a02f608,69ee0f8d000000003503bf97,,,,去年我belike。,2,2,辽宁,0,1777211203000,2026-04-26T21:46:43,600b7ca4000000000101da88,dian42,去年我belike。,0
69ee12d6000000002803c259,69ee0f8d000000003503bf97,,,,ber哥肯定能找到好工作的[萌萌哒R][萌萌哒R][萌萌哒R],0,2,江苏,0,1777210070000,2026-04-26T21:27:50,5e9676ef00000000010077a0,k.,ber哥肯定能找到好工作的[萌萌哒R][萌萌哒R][萌萌哒R],0
69ee2673000000002901a208,69ee0f8d000000003503bf97,,,,别慌,0,3,上海,0,1777215092000,2026-04-26T22:51:32,655ccae20000000002037ce4,优雅得,别慌,0
6a0b4b5b000000002702263d,69ee0f8d000000003503bf97,,,,加油学长,0,0,江苏,0,1779125083000,2026-05-19T01:24:43,62b858370000000015016925,Ethereal,加油学长,0
6a03f2eb000000002902e5f6,69ee0f8d000000003503bf97,,,,改改简历多投，简历挂，大概率就是简历有问题,0,0,北京,0,1778643691000,2026-05-13T11:41:31,62141d56000000002102459b,小红薯62154EF3,改改简历多投，简历挂，大概率就是简历有问题,0
69f39d1d000000002902cc73,69ee0f8d000000003503bf97,,,,研一就找暑期了吗[呃R]暑期不是转正预备役嘛,0,1,浙江,0,1777573149000,2026-05-01T02:19:09,5b3b3f1a4eacab53f7de90cb,Muses,研一就找暑期了吗[呃R]暑期不是转正预备役嘛,0
6a053823000000002a02db67,69ee0f8d000000003503bf97,,,,救命了耐挂王[哭惹R]好精确的词,0,0,山西,0,1778726947000,2026-05-14T10:49:07,5e40cad8000000000100490f,无糖可乐diet,救命了耐挂王[哭惹R]好精确的词,0
69fe1006000000002702ac90,69ee0f8d000000003503bf97,,,,两年制真是没招了[哭惹R],0,0,山东,0,1778257926000,2026-05-09T00:32:06,60f192ee000000000101c8df,successful🐰,两年制真是没招了[哭惹R],0
69f553e7000000002902e0e5,69ee0f8d000000003503bf97,,,,上财那个滴水湖金融厉害吗[微笑R],0,0,山东,0,1777685479000,2026-05-02T09:31:19,66b73283000000001d020c07,北大街NPC,上财那个滴水湖金融厉害吗[微笑R],0
69f4ce18000000002a00593a,69ee0f8d000000003503bf97,,,,我也在找[微笑R],0,0,江苏,0,1777651225000,2026-05-02T00:00:25,602dcd2d00000000010077a4,长桥野村,我也在找[微笑R],0
69ee17af000000002702c290,69ee0f8d000000003503bf97,,,69ee1742000000002a02f608,感觉我明年也不会好了。,0,0,上海,0,1777211312000,2026-04-26T21:48:32,60cc3d0000000000010002cf,Kawhi,感觉我明年也不会好了。,0
69ee13fa000000002702d057,69ee0f8d000000003503bf97,,,69ee12d6000000002803c259,谁五一不出来玩还在学习啊,1,0,上海,0,1777210362000,2026-04-26T21:32:42,60cc3d0000000000010002cf,Kawhi,谁五一不出来玩还在学习啊,0
69eebf2100000000270289d8,69ee0f8d000000003503bf97,,,69ee2673000000002901a208,一起慌,0,0,上海,0,1777254178000,2026-04-27T09:42:58,60cc3d0000000000010002cf,Kawhi,一起慌,0
69fd73ad000000002803b8d2,69ee0f8d000000003503bf97,,,69f39d1d000000002902cc73,两年制[笑哭R],0,0,北京,0,1778217902000,2026-05-08T13:25:02,61ca6813000000001000d105,糯叽叽,两年制[笑哭R],0
69f06bcf000000002a02f4d4,69ee0f8d000000003503bf97,,,,我都石沉大海[哭惹R],0,0,上海,0,1777363920000,2026-04-28T16:12:00,5cff808100000000160373f9,小胖桐,我都石沉大海[哭惹R],0
69f22e3a000000002803ca94,69ee0f8d000000003503bf97,,,,我也是，读研让我憔悴,0,0,辽宁,0,1777479227000,2026-04-30T00:13:47,5f2695d40000000001001971,杰瑞不慌,我也是，读研让我憔悴,0
69ef0c08000000002300049e,69ee0f8d000000003503bf97,,,,正常正常 我投递了十几个 只有tx给了面试 集体面试过了就挂,0,0,广东,0,1777273865000,2026-04-27T15:11:05,647146fe0000000011003175,不想上班的Celia,正常正常 我投递了十几个 只有tx给了面试 集体面试过了就挂,0
69f2e4d7000000002800afdd,69ee0f8d000000003503bf97,,,,加油加油，一切顺利,0,0,北京,0,1777525975000,2026-04-30T13:12:55,595b662a5e87e72124f899a6,AOAEO小宇宙,加油加油，一切顺利,0
6a02898a0000000028037683,69ee0f8d000000003503bf97,,,,一样一样，投了好多就一个面试,0,0,上海,0,1778551179000,2026-05-12T09:59:39,5f09447200000000010062cc,小禾,一样一样，投了好多就一个面试,0
69ef5c0100000000280393b4,69ee0f8d000000003503bf97,,,,学长加油！去年也是这样煎熬过了好久突然一切就水到渠成了,0,0,澳大利亚,0,1777294338000,2026-04-27T20:52:18,65d5a0f10000000005030dd6,等等等飘散风中的歌,学长加油！去年也是这样煎熬过了好久突然一切就水到渠成了,0
69f8df4a000000002803d50e,69ee0f8d000000003503bf97,,,,最可怕的事情就是没班上和要上班,0,0,广东,0,1777917771000,2026-05-05T02:02:51,657818eb0000000020033c8d,麦麦大王,最可怕的事情就是没班上和要上班,0
69ef1adc000000002702f767,69ee0f8d000000003503bf97,,,,加一,0,0,上海,0,1777277660000,2026-04-27T16:14:20,6108eb550000000001004a78,焖饼,加一,0
69f0de5d00000000270293d2,69ee0f8d000000003503bf97,,,,投的啥呀，不是说现在投行研究所都招不到实习生了,0,0,上海,0,1777393246000,2026-04-29T00:20:46,5ee5cf750000000001000c0f,The sun,投的啥呀，不是说现在投行研究所都招不到实习生了,0
69eedd5e000000002a02d4f0,69ee0f8d000000003503bf97,,,,读研了还得慌慌的吗哈哈哈哈哈,0,0,上海,0,1777261919000,2026-04-27T11:51:59,5de0acc30000000001009252,熙熙不曦曦,读研了还得慌慌的吗哈哈哈哈哈,0
69ef8606000000002a0249ba,69ee0f8d000000003503bf97,,,,我可以找到吗[哭惹R],0,1,陕西,0,1777305094000,2026-04-27T23:51:34,62b95f14000000001b027311,小鹿爸比,我可以找到吗[哭惹R],0
69eea0e1000000002803a8bc,69ee0f8d000000003503bf97,,,,爸爸黑袜,0,0,山西,3,1777246433000,2026-04-27T07:33:53,6740520f000000001c01b27f,之昂的生活日记,爸爸黑袜,0
69f044440000000029035c32,69ee0f8d000000003503bf97,,,,老公,0,0,青海,0,1777353796000,2026-04-28T13:23:16,5c56ec410000000011012bd3,要不要喝拿铁,老公,0
69eebfec000000002803fd6c,69ee0f8d000000003503bf97,,,,来nbcb[害羞R],0,0,浙江,0,1777254380000,2026-04-27T09:46:20,60155cf7000000000101f260,momo,来nbcb[害羞R],0
69ee138e000000002a006e06,69ee0f8d000000003503bf97,,,,才研一 不急不急[自拍R][自拍R],0,1,上海,0,1777210255000,2026-04-26T21:30:55,5e4eb7b70000000001001c55,NakedNaked,才研一 不急不急[自拍R][自拍R],0
69ee3edc0000000029025e3b,69ee0f8d000000003503bf97,,,,暑期能直接留的不多,0,0,上海,0,1777221341000,2026-04-27T00:35:41,5bfd5bdf51783a72b3f0dc8d,Ann的日记本,暑期能直接留的不多,0
69f01bd30000000027021b61,69ee0f8d000000003503bf97,,,,wanna eat,0,0,上海,0,1777343443000,2026-04-28T10:30:43,558ed0a067bc6579c0b73926,Élise,wanna eat,0
69f05edb000000002803d11a,69ee0f8d000000003503bf97,,,,这也太帅了吧,0,0,安徽,0,1777360604000,2026-04-28T15:16:44,64e08e2b00000000020102a9,🍒小丸子,这也太帅了吧,0
69f0be1a00000000290111d1,69ee0f8d000000003503bf97,,,,bro都投了哪些，研一开始找工作吗？[doge],0,0,江西,0,1777384987000,2026-04-28T22:03:07,6484440b000000001c02804b,远,bro都投了哪些，研一开始找工作吗？[doge],0
69ee30580000000028037705,69ee0f8d000000003503bf97,,,,不急不急继续投！我前两天也这样，又改了版简历接着投吧，明天开始狠狠发力！,0,0,浙江,0,1777217625000,2026-04-26T23:33:45,5c5d1c6b000000001b003946,摘不下的浮板,不急不急继续投！我前两天也这样，又改了版简历接着投吧，明天开始狠狠发力！,0
69f008910000000027021248,69ee0f8d000000003503bf97,,,69ef8606000000002a0249ba,你还能再玩一年[生气R],0,0,上海,0,1777338514000,2026-04-28T09:08:34,60cc3d0000000000010002cf,Kawhi,你还能再玩一年[生气R],0
69f640d5000000002803db4f,69ee0f8d000000003503bf97,,,69ee138e000000002a006e06,我们是两年制研究生[捂脸R],0,0,上海,0,1777746133000,2026-05-03T02:22:13,676be5bc0000000018014706,雷霆早饭,我们是两年制研究生[捂脸R],0
69ee2d210000000029010eaa,69ee0f8d000000003503bf97,,,,学长加油,0,0,北京,0,1777216802000,2026-04-26T23:20:02,64747dad000000000f00473a,位移,学长加油,0
69ee49aa000000002900d1d6,69ee0f8d000000003503bf97,,,,去年的我没错了，不过别慌别慌，总会找到令人满意的工作的，祝一切顺利[哇R][哇R][哇R],0,0,北京,0,1777224106000,2026-04-27T01:21:46,5cc05268000000001702e3fe,T-Tongjia,去年的我没错了，不过别慌别慌，总会找到令人满意的工作的，祝一切顺利[哇R][哇R][哇R],0
69ee1035000000002a0051c2,69ee0f8d000000003503bf97,,,,上交也这样吗[失望R],0,1,四川,0,1777209398000,2026-04-26T21:16:38,611621f100000000010149da,momo,上交也这样吗[失望R],0
69ee1f870000000028034170,69ee0f8d000000003503bf97,,,,@明明就是我 喜欢,0,3,广东,0,1777213319000,2026-04-26T22:21:59,5e2e57a20000000001008b26,静白师傅的赤色鸳鸯肚兜,@明明就是我 喜欢,0
69eee3c20000000029035c1e,69ee0f8d000000003503bf97,,,,@happyyyy 你们学校颜值真不错[doge],0,1,四川,0,1777263555000,2026-04-27T12:19:15,648eed9c0000000010034119,Quiet Sparkle,@happyyyy 你们学校颜值真不错[doge],0
69fc6758000000002b002a0a,69ee0f8d000000003503bf97,,,,财大简历都会被挂吗[抽泣R]@上上签✨,0,0,江苏,0,1778149209000,2026-05-07T18:20:09,60c878ad000000000101ff15,圈圈薯饼,财大简历都会被挂吗[抽泣R]@上上签✨,0
69ee2c18000000002800a420,69ee0f8d000000003503bf97,,,,有点帅啊主包,0,0,北京,0,1777216536000,2026-04-26T23:15:36,5ea6321f000000000100a6af,马上好呢,有点帅啊主包,0
69ee2831000000002803a58f,69ee0f8d000000003503bf97,,,,同。。。 累了真的,0,0,上海,0,1777215538000,2026-04-26T22:58:58,610d27fa000000000100382c,BreaktheCycle,同。。。 累了真的,0
69ee2287000000002800a960,69ee0f8d000000003503bf97,,,,两年制吗,0,0,江苏,0,1777214087000,2026-04-26T22:34:47,6017e800000000000101d304,🐷,两年制吗,0
69ee224f000000002903548c,69ee0f8d000000003503bf97,,,,[哭惹R][哭惹R]已经安慰自己没暑期也能找到工作的了,0,0,上海,0,1777214031000,2026-04-26T22:33:51,60336fe90000000001008e1e,不爱吃🐟,[哭惹R][哭惹R]已经安慰自己没暑期也能找到工作的了,0
69ee107b000000002800b61f,69ee0f8d000000003503bf97,,,69ee1035000000002a0051c2,不敢碰瓷上交[石化R],0,0,上海,0,1777209468000,2026-04-26T21:17:48,60cc3d0000000000010002cf,Kawhi,不敢碰瓷上交[石化R],0
69ee21bd00000000270224f8,69ee0f8d000000003503bf97,,,69ee1f870000000028034170,你不是缺实习生吗,0,0,湖北,0,1777213886000,2026-04-26T22:31:26,57a8573c5e87e72f67be1d29,明明就是我,你不是缺实习生吗,0
69eee5ee000000002b0010a7,69ee0f8d000000003503bf97,,,69eee3c20000000029035c1e,确保哈[doge],0,0,四川,0,1777264111000,2026-04-27T12:28:31,5d2757d40000000016010510,happyyyy,确保哈[doge],0
69ee21cb00000000280351db,69ee0f8d000000003503bf97,,,,林更新哥[偷笑R],0,0,新疆,0,1777213900000,2026-04-26T22:31:40,650a5a67000000001603b16f,LE,林更新哥[偷笑R],0
69ee1efa0000000027015a9d,69ee0f8d000000003503bf97,,,,这么帅 我是面试官我就给你招进来观赏[黄金薯R],0,0,陕西,0,1777213178000,2026-04-26T22:19:38,62e48797000000001f004316,跳跳糖不跳（暑期实习版）,这么帅 我是面试官我就给你招进来观赏[黄金薯R],0
69ee1ebe0000000027014bee,69ee0f8d000000003503bf97,,,,去年我找寒假实习的时候也这样...但是咋说呢，以后还嫌工作的时间长吗...有的时候找不到也是对自己的一种保护[捂脸R],0,0,上海,0,1777213118000,2026-04-26T22:18:38,61d83da20000000010008c70,永远记不住,去年我找寒假实习的时候也这样...但是咋说呢，以后还嫌工作的时间长吗...有的时候找不到也是对自己的一种保护[捂脸R],0
69ee1534000000002803224d,69ee0f8d000000003503bf97,,,,@Flores 我去 这么帅也找不到实习[汗颜R],0,0,湖北,0,1777210676000,2026-04-26T21:37:56,5f215f220000000001009f91,哦很过分,@Flores 我去 这么帅也找不到实习[汗颜R],0
69ee13c800000000290185e6,69ee0f8d000000003503bf97,,,,哥 也找私募嘛,0,0,中国香港,0,1777210313000,2026-04-26T21:31:53,66c73bbb000000001d023408,妈妈说蠢的人会把名字念完,哥 也找私募嘛,0
69ee13c6000000002a0077ec,69ee0f8d000000003503bf97,,,,好帅呀[害羞R],0,0,江苏,0,1777210310000,2026-04-26T21:31:50,63856f69000000001f019baa,T_T,好帅呀[害羞R],0
69fd6174000000002803dbb6,69ee0f8d000000003503bf97,,,,到底在焦虑什么？[捂脸R],0,0,上海,-2,1778213237000,2026-05-08T12:07:17,5b90ce43560c1b000173c843,爱吃苹果,到底在焦虑什么？[捂脸R],0
69efe469000000002702f0b6,69ee0f8d000000003503bf97,,,,耐什么，什么耐王[doge]有多耐,0,0,辽宁,-2,1777329257000,2026-04-28T06:34:17,63421a19000000001901c05d,不知道叫什么,耐什么，什么耐王[doge]有多耐,0
69eebf7f000000002900ea7c,69ee0f8d000000003503bf97,,,,[色色R],0,0,北京,-2,1777254272000,2026-04-27T09:44:32,5ffda4da00000000010072be,MOMENTS,[色色R],0
69f723210000000027016f85,69ee0f8d000000003503bf97,,,,[加油R][加油R][加油R],0,0,上海,-2,1777804065000,2026-05-03T18:27:45,65600f89000000000802fd24,（英语）财务BP FP&A面试学习资料（含视频）,[加油R][加油R][加油R],0
69ee2b510000000029027266,69ee0f8d000000003503bf97,,,,@小红薯63E77678 [微笑R],0,1,江苏,-2,1777216338000,2026-04-26T23:12:18,5f26a8c10000000001008031,酱烧小鱼头,@小红薯63E77678 [微笑R],0
69f587b4000000002a005dcb,69ee0f8d000000003503bf97,,,,[色色R],0,0,广西,0,1777698740000,2026-05-02T13:12:20,5b6ae656552b7500012fa40d,吳舒樂🌈「擦邊版」,[色色R],0
69eed2ce0000000029011eb8,69ee0f8d000000003503bf97,,,69ee2b510000000029027266,我早就关注他了,0,0,上海,0,1777259215000,2026-04-27T11:06:55,63e607940000000027028c16,小红薯63E77678,我早就关注他了,0
690cad990000000037012120,690caba3000000000302d25d,,,,补充：目前研一 读的是两年制专硕,2,0,上海,4,1762438554000,2025-11-06T22:15:54,633dba1f000000001901e0ab,FaSci,补充：目前研一 读的是两年制专硕,0
690d9d62000000003902bef7,690caba3000000000302d25d,,,,如果不反感，可以储备一份销售实习,4,7,广东,0,1762499939000,2025-11-07T15:18:59,5f72eb0f000000000101f8b5,？,如果不反感，可以储备一份销售实习,0
6910640e0000000033004e7c,690caba3000000000302d25d,,,,同本科，现在也是很纠结未来到底是走金融线还是外企采购、运营、财务岗呢,2,4,上海,0,1762681871000,2025-11-09T17:51:11,5a8046d0e8ac2b55959a414e,无语酱,同本科，现在也是很纠结未来到底是走金融线还是外企采购、运营、财务岗呢,0
690cbceb000000003800438f,690caba3000000000302d25d,,,,随便找个不忙的然后准备行测,2,4,天津,0,1762442476000,2025-11-06T23:21:16,5db22c47000000000100acc1,鲨鱼吃掉海鸥拌面,随便找个不忙的然后准备行测,0
690f39f8000000003800c30f,690caba3000000000302d25d,,,,金融线，专业不对口没关系的，只要是经济大类，就业不看小专业的，上财国商很多学长学姐在券商就业。互联网线，uu现在转应该来得及，遇到过两个上财的学姐，都是研一上转运营，其中一个第二段（次年3月）就转产品了，还有两个学姐是暑期实习从运营转的产品，实习数量不要紧，质量高就可以，只是明年3月像美团这种厂就开暑期了，没拿到的话要一直日常实习到秋招，暑期一般转正率高点（好像）。看评论区有提金融机销，我舍友也想走机销，有机会欢迎来我们寝室聊聊天呀[派对R],11,3,上海,0,1762605561000,2025-11-08T20:39:21,64a3942e000000002a034f94,焦焦椰子糖_,金融线，专业不对口没关系的，只要是经济大类，就业不看小专业的，上财国商很多学长学姐在券商就业。互联网线，uu现在转应该来得及，遇到过两个上财的学姐，都是研一上转运营，其中一个第二段（次年3月）就转产品了，还有两个学姐是暑期实习从运营转的产品，实习数量不要紧，质量高就可以，只是明年3月像美团这种厂就开暑期了，没拿到的话要一直日常实习到秋招，暑期一般转正率高点（好像）。看评论区有提金融机销，我舍友也想走机销，有机会欢迎来我们寝室聊聊天呀[派对R],0
690cbeca000000003803fd0f,690caba3000000000302d25d,,,,我之前辅导过一个妹妹，情况和你有点类似。后面我们是投了一段大厂的策略运营，因为这个岗位需要的能力和商科实习还算匹配，然后后面进互联网也是个跳板。供参考,8,2,广东,0,1762442955000,2025-11-06T23:29:15,59f3e4fcb1da145f13679e37,超级腾腾,我之前辅导过一个妹妹，情况和你有点类似。后面我们是投了一段大厂的策略运营，因为这个岗位需要的能力和商科实习还算匹配，然后后面进互联网也是个跳板。供参考,0
6916789600000000390274c0,690caba3000000000302d25d,,,,如果不反感，准备考公吧,1,1,浙江,0,1763080343000,2025-11-14T08:32:23,62e51370000000001f0077b0,小红薯62E65365,如果不反感，准备考公吧,0
691458ec0000000037025b52,690caba3000000000302d25d,,,,怎么找到的实习呀 求助[哭惹R][哭惹R],0,1,上海,0,1762941165000,2025-11-12T17:52:45,5f71a4010000000001008019,咪饼蛋子,怎么找到的实习呀 求助[哭惹R][哭惹R],0
690ec4cc000000003901f4e5,690caba3000000000302d25d,,,,上经贸还是立信啊,0,1,上海,0,1762575564000,2025-11-08T12:19:24,5d862c140000000001008cac,bear,上经贸还是立信啊,0
690fe0aa000000003802eb5a,690caba3000000000302d25d,,,,感觉客户经理助理就有销售的性质。。。？,2,1,天津,0,1762648235000,2025-11-09T08:30:35,62a3e175000000001902a3e3,山葵酱油甜虾刺身,感觉客户经理助理就有销售的性质。。。？,0
690d9fda0000000033004dd8,690caba3000000000302d25d,,,690d9d62000000003902bef7,金融产品的销售吗？,4,0,上海,0,1762500571000,2025-11-07T15:29:31,633dba1f000000001901e0ab,FaSci,金融产品的销售吗？,0
69179c20000000003300fc16,690caba3000000000302d25d,,,6910640e0000000033004e7c,不要考虑金融线了，除非你想干银行营销,0,0,上海,0,1763154977000,2025-11-15T05:16:17,5c8edd35000000001002bacc,伊万Yvette,不要考虑金融线了，除非你想干银行营销,0
690cc0db0000000033021c5d,690caba3000000000302d25d,,,690cbceb000000003800438f,不想考公[哭惹R],0,0,上海,0,1762443484000,2025-11-06T23:38:04,633dba1f000000001901e0ab,FaSci,不想考公[哭惹R],0
690f3af40000000038024340,690caba3000000000302d25d,,,690f39f8000000003800c30f,（虽然也没有机销实习，刚拒了一个实习offer，不过之前找就业的学长聊天的时候有了解过一点点[皱眉R],0,0,上海,0,1762605812000,2025-11-08T20:43:32,64a3942e000000002a034f94,焦焦椰子糖_,（虽然也没有机销实习，刚拒了一个实习offer，不过之前找就业的学长聊天的时候有了解过一点点[皱眉R],0
690cc0c10000000033004de4,690caba3000000000302d25d,,,690cbeca000000003803fd0f,谢谢！,1,0,上海,0,1762443457000,2025-11-06T23:37:37,633dba1f000000001901e0ab,FaSci,谢谢！,0
6916c479000000003300e9f4,690caba3000000000302d25d,,,6916789600000000390274c0,不想考公[哭惹R],0,0,上海,0,1763099770000,2025-11-14T13:56:10,633dba1f000000001901e0ab,FaSci,不想考公[哭惹R],0
6916c48a000000003302659a,690caba3000000000302d25d,,,691458ec0000000037025b52,可以多关注校内的实习群,0,0,上海,0,1763099786000,2025-11-14T13:56:26,633dba1f000000001901e0ab,FaSci,可以多关注校内的实习群,0
690ecf9e00000000370123d4,690caba3000000000302d25d,,,690ec4cc000000003901f4e5,suibe,0,0,上海,0,1762578335000,2025-11-08T13:05:35,633dba1f000000001901e0ab,FaSci,suibe,0
690ff3780000000033024f9a,690caba3000000000302d25d,,,690fe0aa000000003802eb5a,是的是的,0,0,上海,0,1762653048000,2025-11-09T09:50:48,633dba1f000000001901e0ab,FaSci,是的是的,0
69d1c0fa000000000203564b,690caba3000000000302d25d,,,,谢谢,0,0,上海,0,1775354106000,2026-04-05T09:55:06,69bcccab0000000032026868,小鱼冻干🐟,谢谢,0
690dc1f70000000033007111,690caba3000000000302d25d,,,,赞同做一份金融销售实习[笑哭R],1,0,上海,0,1762509303000,2025-11-07T17:55:03,602a37ed000000000101c7d3,爱吃火锅的eason,赞同做一份金融销售实习[笑哭R],0
690d75810000000033025b4c,690caba3000000000302d25d,,,,同上海双非财经本+两财一贸硕 零互联网实习转互联网暑期留用 供参考～,1,0,北京,0,1762489729000,2025-11-07T12:28:49,63645694000000001f01b28c,Not_lilalala,同上海双非财经本+两财一贸硕 零互联网实习转互联网暑期留用 供参考～,0
6919542c000000003802e11b,690caba3000000000302d25d,,,,金融太难进核心岗了如果有贵人除外，想搞钱互联网做运营或者产品经理一样可以搞钱四十多万一年不成问题,0,0,上海,0,1763267629000,2025-11-16T12:33:49,59be8b9b50c4b474d3f2a857,不是千金,金融太难进核心岗了如果有贵人除外，想搞钱互联网做运营或者产品经理一样可以搞钱四十多万一年不成问题,0
691216720000000038025f3b,690caba3000000000302d25d,,,,考公考编是最好的路线了，sufe本都很多过不了的,2,0,浙江,0,1762793074000,2025-11-11T00:44:34,66ac4ccf000000001d0321b2,阿美丽卡不相信眼泪（藤梦工坊）,考公考编是最好的路线了，sufe本都很多过不了的,0
69193094000000003800ea08,690caba3000000000302d25d,,,,一段债其实没太大用 唉 如果想做ibd以后就都找ibd的实习 不要把简历搞很杂,0,0,重庆,0,1763258516000,2025-11-16T10:01:56,5ed114e200000000010055c7,Olá,一段债其实没太大用 唉 如果想做ibd以后就都找ibd的实习 不要把简历搞很杂,0
690fed1e0000000033025a27,690caba3000000000302d25d,,,,互联网看看,0,0,辽宁,0,1762651422000,2025-11-09T09:23:42,5a92df644eacab6ec5de5cd3,问题不大。,互联网看看,0
6910775b0000000033020e63,690caba3000000000302d25d,,,,四大八大吧,0,0,福建,0,1762686812000,2025-11-09T19:13:32,5a0d87224eacab217ab76ec2,有浔,四大八大吧,0
691686ef0000000039021fa6,690caba3000000000302d25d,,,,找点互联网实习作为退路吧,0,0,广东,0,1763084015000,2025-11-14T09:33:35,6485b130000000002a034e48,果粒程哈哈,找点互联网实习作为退路吧,0
690e12120000000033021e00,690caba3000000000302d25d,,,,别光收藏啊jrm[哭惹R]给孩子点建议吧求求,0,0,上海,0,1762529811000,2025-11-07T23:36:51,633dba1f000000001901e0ab,FaSci,别光收藏啊jrm[哭惹R]给孩子点建议吧求求,0
6910b48e000000003902e254,690caba3000000000302d25d,,,,考虑一下机构销售岗,0,0,上海,0,1762702478000,2025-11-09T23:34:38,5e3c251a00000000010037e3,HKGY,考虑一下机构销售岗,0
690f0abf000000003901d8dc,690caba3000000000302d25d,,,,肯定四大毕马威,0,0,中国香港,-2,1762593471000,2025-11-08T17:17:51,61238cd700000000010054e7,meme,肯定四大毕马威,0
690ff31b000000003901e5c4,690caba3000000000302d25d,,,,@深渊,0,1,上海,-2,1762652955000,2025-11-09T09:49:15,6071a4040000000001001c8c,砧骨incus,@深渊,0
691016ba0000000033024039,690caba3000000000302d25d,,,690ff31b000000003901e5c4,蛮牛逼的 但现在环境真的搞子 到时候又说你不垂直方向不明确巴拉巴拉 换五年前早被人抢了,1,0,上海,0,1762662075000,2025-11-09T12:21:15,648f2204000000001c02adf0,深渊,蛮牛逼的 但现在环境真的搞子 到时候又说你不垂直方向不明确巴拉巴拉 换五年前早被人抢了,0
