comment_id,note_id,root_comment_id,parent_comment_id,target_comment_id,content,like_count,sub_comment_count,ip_location,status,create_time,create_time_iso,user_id,nickname,clean_content,keyword_hits
67cbbb350000000015000c15,67cbb8e80000000029014116,,,,[飞吻R]需要资料和我整理的笔记的宝宝可以关注我，然后滴滴我呀,2,2,上海,4,1741404981000,2025-03-08T11:36:21,5b1bf23411be107830be2210,是千千也是万万,[飞吻R]需要资料和我整理的笔记的宝宝可以关注我，然后滴滴我呀,0
67cc46cf000000001702b49c,67cbb8e80000000029014116,,,,牛的，做了好多实习啊，对比之下我好摆哈哈,0,2,上海,0,1741440719000,2025-03-08T21:31:59,63b012460000000026010e22,2023210333,牛的，做了好多实习啊，对比之下我好摆哈哈,0
67cc0cea000000001702ae0d,67cbb8e80000000029014116,,,,假的不能再假 华融大厦的国泰君安是营业部,0,1,广东,0,1741425899000,2025-03-08T17:24:59,5e0e2073000000000100557c,薄荷,假的不能再假 华融大厦的国泰君安是营业部,0
67cc1b8c0000000015016ecd,67cbb8e80000000029014116,,,,同学你好，可以分享下资料吗，谢谢啦,0,1,上海,0,1741429645000,2025-03-08T18:27:25,5c0a419e0000000006010048,小浪花,同学你好，可以分享下资料吗，谢谢啦,0
67cc0bef000000001800d894,67cbb8e80000000029014116,,,,信用现在性价比太低了吧,0,2,上海,0,1741425647000,2025-03-08T17:20:47,636e325b000000002400b3ff,momo,信用现在性价比太低了吧,0
67d7c6ff0000000018011296,67cbb8e80000000029014116,,,,求资料[萌萌哒R],0,1,新加坡,0,1742194431000,2025-03-17T14:53:51,611e21120000000001001803,Irisa洒洒,求资料[萌萌哒R],0
67cbfcce0000000015001cff,67cbb8e80000000029014116,,,,你好，可以分享下资料吗？谢谢啦,0,1,北京,0,1741421774000,2025-03-08T16:16:14,6054b056000000000101f3bc,momo,你好，可以分享下资料吗？谢谢啦,0
67cbbf6a0000000015004079,67cbb8e80000000029014116,,,,最后一张图那个软件是啥,0,1,上海,0,1741406058000,2025-03-08T11:54:18,60f94960000000000101f590,momo,最后一张图那个软件是啥,0
67cbc3060000000012016574,67cbb8e80000000029014116,,,,可以问下姐姐本科期间做了哪些实习吗,1,1,浙江,3,1741406983000,2025-03-08T12:09:43,5e26f74c0000000001008c1a,Gakie,可以问下姐姐本科期间做了哪些实习吗,0
681b4ead000000000a0372f3,67cbb8e80000000029014116,,,,dd求资料[吧唧R],0,0,上海,3,1746620078000,2025-05-07T20:14:38,5f2a64e80000000001006775,Rolypoly,dd求资料[吧唧R],0
67cc12a30000000015006a0a,67cbb8e80000000029014116,,,67cbbb350000000015000c15,统一回复：有人评论和私信质疑地址问题，高德搜名字有很多地址我随便选了一个转发的，没有match，都有实习证明和聊天记录为证，没必要编[微笑R],2,0,上海,-2,1741427364000,2025-03-08T17:49:24,5b1bf23411be107830be2210,是千千也是万万,统一回复：有人评论和私信质疑地址问题，高德搜名字有很多地址我随便选了一个转发的，没有match，都有实习证明和聊天记录为证，没必要编[微笑R],0
67cc4d9100000000150057b7,67cbb8e80000000029014116,,,67cc46cf000000001702b49c,[皱眉R]我主打一个“菜就多练”,0,0,上海,0,1741442449000,2025-03-08T22:00:49,5b1bf23411be107830be2210,是千千也是万万,[皱眉R]我主打一个“菜就多练”,0
67cc0d5b000000001500289c,67cbb8e80000000029014116,,,67cc0cea000000001702ae0d,我没有match地址哈，只是随便搜高德转发到微信聊天里用来截图。国君这一段我是远程做的，带教是肖qunxi，你可以去搜～,3,0,上海,0,1741426011000,2025-03-08T17:26:51,5b1bf23411be107830be2210,是千千也是万万,我没有match地址哈，只是随便搜高德转发到微信聊天里用来截图。国君这一段我是远程做的，带教是肖qunxi，你可以去搜～,0
67cc1f5e000000000f038788,67cbb8e80000000029014116,,,67cc1b8c0000000015016ecd,你滴滴我一下吧 我发的第一条没发出去 提示对方未回复前我不能发第二条了[扶墙R],0,0,上海,0,1741430622000,2025-03-08T18:43:42,5b1bf23411be107830be2210,是千千也是万万,你滴滴我一下吧 我发的第一条没发出去 提示对方未回复前我不能发第二条了[扶墙R],0
67cc0db80000000015015ce0,67cbb8e80000000029014116,,,67cc0bef000000001800d894,yes 而且我的bg正职卷不进去[微笑R],0,0,上海,3,1741426104000,2025-03-08T17:28:24,5b1bf23411be107830be2210,是千千也是万万,yes 而且我的bg正职卷不进去[微笑R],0
67d838a1000000000f030eef,67cbb8e80000000029014116,,,67d7c6ff0000000018011296,已私,0,0,江苏,3,1742223521000,2025-03-17T22:58:41,5b1bf23411be107830be2210,是千千也是万万,已私,0
67cc0d04000000000f033dcd,67cbb8e80000000029014116,,,67cbfcce0000000015001cff,已私,0,0,上海,3,1741425924000,2025-03-08T17:25:24,5b1bf23411be107830be2210,是千千也是万万,已私,0
67cbbf8c000000001501412e,67cbb8e80000000029014116,,,67cbbf6a0000000015004079,微xin读书～,0,0,上海,0,1741406092000,2025-03-08T11:54:52,5b1bf23411be107830be2210,是千千也是万万,微xin读书～,0
67cbc513000000000f0333e3,67cbb8e80000000029014116,,,67cbc3060000000012016574,宝宝我只在大四做了一段 ，其他都是考研复试结束后做的[哭惹R]建议低年级可以早点开始实习，多多体验不同领域的，然后明确下来相对更适合自己的岗位，这样研究生阶段就可以做更垂直的实习提升求职竞争力了（我相当于研究生还在体验...所以实际上垂直度不高）,8,0,上海,0,1741407508000,2025-03-08T12:18:28,5b1bf23411be107830be2210,是千千也是万万,宝宝我只在大四做了一段 ，其他都是考研复试结束后做的[哭惹R]建议低年级可以早点开始实习，多多体验不同领域的，然后明确下来相对更适合自己的岗位，这样研究生阶段就可以做更垂直的实习提升求职竞争力了（我相当于研究生还在体验...所以实际上垂直度不高）,0
67edf4db000000001e0224d7,67cbb8e80000000029014116,,,,求资料，谢谢！,0,0,中国香港,0,1743647964000,2025-04-03T10:39:24,5dcab0b70000000001007574,无名鼩鼱纯合子,求资料，谢谢！,0
67cbc769000000001802ba24,67cbb8e80000000029014116,,,,已领感谢,0,0,北京,0,1741408106000,2025-03-08T12:28:26,5a87ed9fe8ac2b770b8e59ab,momo,已领感谢,0
67f78a9a000000001e00c601,67cbb8e80000000029014116,,,,现在的credit research因为收益太低更多的重心实际上放在收益而非风险上了,0,0,江苏,3,1744276122000,2025-04-10T17:08:42,675d4e250000000018015927,小红薯675E1B96,现在的credit research因为收益太低更多的重心实际上放在收益而非风险上了,0
67e57444000000001e011c67,67cbb8e80000000029014116,,,,1,0,0,广东,0,1743090756000,2025-03-27T23:52:36,5f36c5c40000000001000521,kersen,1,0
6891f5e5000000002902bd4f,67cbb8e80000000029014116,,,,求资料～,0,0,北京,0,1754396133000,2025-08-05T20:15:33,632e9787000000002303ecc7,司司,求资料～,0
692e6ff90000000016023f1a,67cbb8e80000000029014116,,,,求资料,0,0,山东,0,1764651001000,2025-12-02T12:50:01,65ad42ba0000000014004f78,75,求资料,0
67f156e8000000001e017572,67cbb8e80000000029014116,,,,[害羞R]求资料,0,0,上海,0,1743869673000,2025-04-06T00:14:33,654f06c8000000000802e9bc,疯地自萌,[害羞R]求资料,0
690dac9e000000003902f889,67cbb8e80000000029014116,,,,求资料[皱眉R],0,0,上海,0,1762503839000,2025-11-07T16:23:59,600b9f8a0000000001003897,荔枝荔枝枝,求资料[皱眉R],0
69fd885e000000002803d201,67cbb8e80000000029014116,,,,求资料[皱眉R],0,0,四川,0,1778223198000,2026-05-08T14:53:18,648bf703000000001001e995,生活,求资料[皱眉R],0
692e6ffb000000001600d345,67cbb8e80000000029014116,,,,求资料,0,0,山东,0,1764651004000,2025-12-02T12:50:04,65ad42ba0000000014004f78,75,求资料,0
67cbeb860000000018009cc1,67cbb8e80000000029014116,,,,同固收人,0,0,上海,0,1741417351000,2025-03-08T15:02:31,64effd590000000005003411,用户已注销,同固收人,0
692506cb000000000e036a22,67cbb8e80000000029014116,,,,求资料,0,0,上海,0,1764034251000,2025-11-25T09:30:51,5be7b4e22698c30001871479,啦啦啦,求资料,0
67cc20bf0000000015015078,67cbb8e80000000029014116,,,,收到啦，资料很实用,0,0,北京,-2,1741430975000,2025-03-08T18:49:35,6054b056000000000101f3bc,momo,收到啦，资料很实用,0
665d6031000000000502e8fc,665b088a000000000c019b65,,,,宝我看了你之前发的真的和你很有共鸣，如果你有空的话可以麻烦你分享一下自己写深度的心路历程吗？我现在刚开始实习带教就直接让我上手写深度，而且ta好像还觉得对我来说很简单，所以完全不教我，真的好累,0,5,山东,0,1717395505000,2024-06-03T14:18:25,5da80cbe0000000001007c2b,钱真是好东西啊,宝我看了你之前发的真的和你很有共鸣，如果你有空的话可以麻烦你分享一下自己写深度的心路历程吗？我现在刚开始实习带教就直接让我上手写深度，而且ta好像还觉得对我来说很简单，所以完全不教我，真的好累,0
665e80f00000000005025c48,665b088a000000000c019b65,,,,po主准备all in 二级了嘛[害羞R],0,1,北京,0,1717469424000,2024-06-04T10:50:24,62b2ce43000000001b028d6b,momo,po主准备all in 二级了嘛[害羞R],0
69fafcd4000000002a02df05,665b088a000000000c019b65,,,,好棒👍,0,0,辽宁,0,1778056404000,2026-05-06T16:33:24,6810a11c000000000a03da4e,7927399jhjxhe,好棒👍,0
665b186400000000120249fa,665b088a000000000c019b65,,,,好棒，我目前研究所实习一个月，基本上不能自己写报告（当然，感觉自己也没那个能力...）,0,0,北京,0,1717246053000,2024-06-01T20:47:33,5991cc4d50c4b43699bac274,def_zself,好棒，我目前研究所实习一个月，基本上不能自己写报告（当然，感觉自己也没那个能力...）,0
665dc64f000000000502cdae,665b088a000000000c019b65,,,665d6031000000000502e8fc,我也在写深度，可以交流一下,0,0,江苏,0,1717421647000,2024-06-03T21:34:07,659bb020000000001f0135a1,Momo👀,我也在写深度，可以交流一下,0
665e8319000000001b004648,665b088a000000000c019b65,,,665e80f00000000005025c48,现在实习的这个应该不算一级也不算二级,0,0,广东,0,1717469978000,2024-06-04T10:59:38,633af6480000000018023ed2,椒盐Nana,现在实习的这个应该不算一级也不算二级,0
65eb41b0000000000c027b93,65e860db000000000600f7af,,,,瑞霆狗（深圳）信息技术有限公司,7,1,广东,0,1709916592000,2024-03-09T00:49:52,5fd36ca6000000000100ac3e,吴奕壮,瑞霆狗（深圳）信息技术有限公司,0
65e98993000000000c0277cf,65e860db000000000600f7af,,,,可以问一下是哪家吗？,2,0,上海,0,1709803923000,2024-03-07T17:32:03,5ffa6b9a000000000101d64c,momo,可以问一下是哪家吗？,0
65e9a6d0000000000c026bce,65e860db000000000600f7af,,,,同问是哪家呀 thx,0,0,北京,0,1709811409000,2024-03-07T19:36:49,6149fe650000000002027219,廿九,同问是哪家呀 thx,0
65fc0f4e000000000b0191da,65e860db000000000600f7af,,,,可以问问在哪个平台可以找到yy评级的实习信息嘛？,2,0,上海,0,1711017806000,2024-03-21T18:43:26,6405f19f000000000f013c13,纠结带师,可以问问在哪个平台可以找到yy评级的实习信息嘛？,0
65f00a0a0000000007000a1b,65e860db000000000600f7af,,,,在哪个组呀,0,0,广东,0,1710230026000,2024-03-12T15:53:46,6135b972000000000201e2bb,宇宙夹心饼干,在哪个组呀,0
65e8691f000000000c024060,65e860db000000000600f7af,,,,小姐姐在哪家啊,0,0,北京,0,1709730079000,2024-03-06T21:01:19,5b72be8a4ed6c00001adcb20,xixi想退休,小姐姐在哪家啊,0
65e93f3d0000000004014048,65e860db000000000600f7af,,,,这么好，想问一下是哪家[皱眉R],2,0,北京,0,1709784893000,2024-03-07T12:14:53,64072ba5000000001400dde6,momo,这么好，想问一下是哪家[皱眉R],0
65e89ad5000000000c0265af,65e860db000000000600f7af,,,,想问一下是哪家啊,0,0,浙江,0,1709742805000,2024-03-07T00:33:25,5e5a353a0000000001001424,。。,想问一下是哪家啊,0
67d9451b000000001703aa72,65e860db000000000600f7af,,,,可以问一下实习面经吗[哭惹R],0,0,北京,0,1742292251000,2025-03-18T18:04:11,6069a5920000000001001917,小红薯35127NMX,可以问一下实习面经吗[哭惹R],0
65e9943e0000000004014329,65e860db000000000600f7af,,,,是哪家呀[偷笑R],2,0,重庆,0,1709806654000,2024-03-07T18:17:34,5cca5bc7000000001702e2c9,lynnnn,是哪家呀[偷笑R],0
65eb41c50000000004035a8a,65e860db000000000600f7af,,,65eb41b0000000000c027b93,江湖人称YY评级,4,0,广东,0,1709916613000,2024-03-09T00:50:13,5fd36ca6000000000100ac3e,吴奕壮,江湖人称YY评级,0
65e876230000000004014a7e,65e860db000000000600f7af,,,,想问是哪家[害羞R],0,0,北京,0,1709733411000,2024-03-06T21:56:51,614d6dd8000000001f0371c9,迷迷,想问是哪家[害羞R],0
65eb4024000000000200da35,65e860db000000000600f7af,,,,是yy评级吗？,4,0,广东,0,1709916196000,2024-03-09T00:43:16,62231ece00000000100082e8,碧苍王沈璃,是yy评级吗？,0
65e86de90000000004037c19,65e860db000000000600f7af,,,,同想问是哪家[蹲后续H],2,0,北京,0,1709731305000,2024-03-06T21:21:45,601c87e3000000000100543d,momo,同想问是哪家[蹲后续H],0
65e86dcb0000000004036b7e,65e860db000000000600f7af,,,,请问是哪家呀,2,0,湖北,0,1709731275000,2024-03-06T21:21:15,57c2df2c5e87e7758ca49212,momo,请问是哪家呀,0
65e9bdbb0000000004036897,65e860db000000000600f7af,,,,我发现那家实习生很多学历都很top,5,0,浙江,0,1709817275000,2024-03-07T21:14:35,5b7560cad88eb300017aba9f,momo,我发现那家实习生很多学历都很top,0
65eac6bb000000000402b307,65e860db000000000600f7af,,,,求问公司名称[哇R],0,0,北京,0,1709885115000,2024-03-08T16:05:15,5d09c8960000000011023d10,爱喝橙汁,求问公司名称[哇R],0
65e8672e000000000403745f,65e860db000000000600f7af,,,,可以问问是哪家吗,0,0,北京,0,1709729582000,2024-03-06T20:53:02,5d0ef1a4000000001202ad7e,linda小丸子,可以问问是哪家吗,0
65e868f800000000040365b8,65e860db000000000600f7af,,,,蹲蹲是哪家[皱眉R],0,0,广东,0,1709730040000,2024-03-06T21:00:40,5ca4c74000000000110105c6,miss shrimp,蹲蹲是哪家[皱眉R],0
6710c3df000000002a02f860,65e860db000000000600f7af,,,,base和奖金怎么样,0,0,北京,0,1729151968000,2024-10-17T15:59:28,5c4980db0000000010026fef,我是谁,base和奖金怎么样,0
65e8704e000000000c027f32,65e860db000000000600f7af,,,,可以问问是哪家吗？,0,0,上海,0,1709731918000,2024-03-06T21:31:58,5f7bcf58000000000101f736,momo,可以问问是哪家吗？,0
660fb508000000001902f52f,660152d40000000013025d06,,,,"9【长按复制这条邀请码消息，打开小红书即可加入】 5月3日前可加入群聊""固收资料领取3群"" :/#b🦊🍇😳🐂😆🦊🍋🌮🍎🍍😋🌭",0,0,陕西,0,1712305416000,2024-04-05T16:23:36,64a17377000000001c02ab6c,Alex的求职笔记,"9【长按复制这条邀请码消息，打开小红书即可加入】 5月3日前可加入群聊""固收资料领取3群"" :/#b🦊🍇😳🐂😆🦊🍋🌮🍎🍍😋🌭",0
69097c910000000038007acb,660152d40000000013025d06,,,,求资料,0,0,北京,0,1762229394000,2025-11-04T12:09:54,5dfa2b720000000001007bfa,Evelyn,求资料,0
6767c65f000000000e00f8ca,660152d40000000013025d06,,,,求资料,0,0,湖北,0,1734854239000,2024-12-22T15:57:19,5c6b6ebe000000001002a830,offer速来,求资料,0
67372b90000000001702f246,660152d40000000013025d06,,,,求资料,0,0,广东,0,1731668881000,2024-11-15T19:08:01,5ea414bd0000000001002675,周董,求资料,0
66cc96800000000020020132,660152d40000000013025d06,,,,求资料,0,0,江苏,0,1724683905000,2024-08-26T22:51:45,5f3ca629000000000101e202,量子毛绒小猫🥕,求资料,0
66bf07700000000026032109,660152d40000000013025d06,,,,求资料,0,0,山东,0,1723795313000,2024-08-16T16:01:53,601d4be10000000001008d30,星辰,求资料,0
6694b028000000002600067d,660152d40000000013025d06,,,,ddd,0,0,北京,0,1721020456000,2024-07-15T13:14:16,5dc183590000000001001dee,quietly555,ddd,0
668224e7000000001b0107b8,660152d40000000013025d06,,,,求资料呀 怎么获得呢[飞吻R],0,0,河北,0,1719805159000,2024-07-01T11:39:19,5cfdf7460000000011026ed3,powfuuuu,求资料呀 怎么获得呢[飞吻R],0
6738bee7000000003d01edb8,660152d40000000013025d06,,,,求资料,0,0,广东,-2,1731772136000,2024-11-16T23:48:56,5b36fe5711be10427dd10c7b,不只是颗菜,求资料,0
6601936f0000000016004145,660152d40000000013025d06,,,,ddd,0,0,北京,-2,1711379311000,2024-03-25T23:08:31,6275ea2e0000000021022920,随机游走的quant,ddd,0
69f08fdb000000002b024be4,69f08252000000003502b5a1,,,,买方当中台风控背锅岗差不多，超额收入是没超额的[doge]出风险是要背锅的[doge]信用风险防控是监管要求，岗位该有还得有，研究不出价值就兼职干干别的事务工作，输出情绪价值。卖方低利率环境下，大家做的内容大差不差，多空认定一个方向喊，当意见领袖，喊错了装死就是了,26,3,上海,3,1777373148000,2026-04-28T18:45:48,5f04818a00000000010063b9,momo,买方当中台风控背锅岗差不多，超额收入是没超额的[doge]出风险是要背锅的[doge]信用风险防控是监管要求，岗位该有还得有，研究不出价值就兼职干干别的事务工作，输出情绪价值。卖方低利率环境下，大家做的内容大差不差，多空认定一个方向喊，当意见领袖，喊错了装死就是了,0
69f21562000000002b02902f,69f08252000000003502b5a1,,,,资深信评，现在没啥信用风险了。没老鼠猫也没啥用。转投资吧，股权 国债 大宗商品，甚至全球大类资产信评都能做。,12,3,上海,0,1777472866000,2026-04-29T22:27:46,61c5849d000000001f03e5ec,小红薯61C70A00,资深信评，现在没啥信用风险了。没老鼠猫也没啥用。转投资吧，股权 国债 大宗商品，甚至全球大类资产信评都能做。,0
69f08446000000002803c8fe,69f08252000000003502b5a1,,,,没有，信用债利率债化,5,1,上海,0,1777370183000,2026-04-28T17:56:23,5bc83e47e4b5730001be3fb4,一支剑,没有，信用债利率债化,0
69f856b1000000002b026fb0,69f08252000000003502b5a1,,,,其实都觉得没啥前景了，但不知为何固收招聘见过最多的反而是信评，第二是转债+固收量化，很神奇,3,3,北京,0,1777882802000,2026-05-04T16:20:02,6351307f000000001802f061,momo,其实都觉得没啥前景了，但不知为何固收招聘见过最多的反而是信评，第二是转债+固收量化，很神奇,0
69f0ece0000000002b02445e,69f08252000000003502b5a1,,,,可以根据经历多投一些方向，等拿到offer再做判断，找工作期间忌讳的是虚无缥缈的“思考”，前景怎么样通过你和面试官的交流也会有更多的认知，至少比在这里问评论区有用得多,5,1,北京,0,1777396960000,2026-04-29T01:22:40,65704ad3000000003d02b3de,全熟芝士,可以根据经历多投一些方向，等拿到offer再做判断，找工作期间忌讳的是虚无缥缈的“思考”，前景怎么样通过你和面试官的交流也会有更多的认知，至少比在这里问评论区有用得多,0
69f1cd0a000000002a0042db,69f08252000000003502b5a1,,,,离岸还行，境内没有信用债了，真有信用的也不让你买[偷笑R],0,4,北京,0,1777454347000,2026-04-29T17:19:07,5eca4071000000000101ef70,奋斗中的Paul,离岸还行，境内没有信用债了，真有信用的也不让你买[偷笑R],0
69f0d69a0000000028037990,69f08252000000003502b5a1,,,,纯信用研究前景不大[微笑R]现在很多信评作用也不大,7,0,北京,0,1777391258000,2026-04-28T23:47:38,53222db6b4c4d63cbef37751,明天是周末,纯信用研究前景不大[微笑R]现在很多信评作用也不大,0
69f0a0b30000000028032ace,69f08252000000003502b5a1,,,,没有 我感觉纯债现在都做不出来啥了 想办法+吧,3,0,广东,0,1777377460000,2026-04-28T19:57:40,68c0d246000000001a023ecc,hyhero,没有 我感觉纯债现在都做不出来啥了 想办法+吧,0
69f0b5be000000002a024859,69f08252000000003502b5a1,,,,岗位总得要有，想做出成绩就算了，很适合躺平[doge],5,0,上海,0,1777382846000,2026-04-28T21:27:26,57c182b582ec3939e9557e05,金老师的悠长假期,岗位总得要有，想做出成绩就算了，很适合躺平[doge],0
69f08d3c0000000029010512,69f08252000000003502b5a1,,,,前景就是找到好平台躺赢,5,0,上海,0,1777372477000,2026-04-28T18:34:37,5f9d48f30000000001002703,omom,前景就是找到好平台躺赢,0
69f090b70000000029010bf0,69f08252000000003502b5a1,,,69f08fdb000000002b024be4,风险领导需要向他的领导汇报产出啊，所以需要下面的人天天内耗，写各种无聊的内部汇报报告。,5,0,广东,0,1777373368000,2026-04-28T18:49:28,647dcbcd000000001001dcdc,酸辣土豆丝🥔,风险领导需要向他的领导汇报产出啊，所以需要下面的人天天内耗，写各种无聊的内部汇报报告。,0
69f21852000000002702c5d1,69f08252000000003502b5a1,,,69f21562000000002b02902f,谢谢前辈！,0,0,陕西,0,1777473619000,2026-04-29T22:40:19,5f1852770000000001008e42,peace&love,谢谢前辈！,0
69f0850d000000002702b9b5,69f08252000000003502b5a1,,,69f08446000000002803c8fe,我也觉得[哭惹R],0,0,陕西,0,1777370382000,2026-04-28T17:59:42,5f1852770000000001008e42,peace&love,我也觉得[哭惹R],0
69f85d14000000002803082d,69f08252000000003502b5a1,,,69f856b1000000002b026fb0,因为需要工具人写入库报告，毕竟还是有那么多主体的。,1,0,广东,0,1777884436000,2026-05-04T16:47:16,647dcbcd000000001001dcdc,酸辣土豆丝🥔,因为需要工具人写入库报告，毕竟还是有那么多主体的。,0
6a0426f8000000002901b42d,69f08252000000003502b5a1,,,69f0ece0000000002b02445e,现在拿到了 可以思考了吗[doge],0,0,广东,0,1778657017000,2026-05-13T15:23:37,5bb2d1dd9bb2190001219f16,拉桑,现在拿到了 可以思考了吗[doge],0
69f8c46c000000000d021801,69f08252000000003502b5a1,,,69f1cd0a000000002a0042db,离岸的盘子也越来越小了[石化R],1,0,河北,0,1777910892000,2026-05-05T00:08:12,5674bd855e87e71ce5ae7dcf,夹心小饼干儿🥕,离岸的盘子也越来越小了[石化R],0
69f3659b0000000028008a0d,69f08252000000003502b5a1,,,,打工嘛，什么前不前途的,1,0,上海,0,1777558940000,2026-04-30T22:22:20,62079b8200000000100072af,温暖,打工嘛，什么前不前途的,0
69f158cf000000002a0251a2,69f08252000000003502b5a1,,,,没有,0,0,上海,0,1777424591000,2026-04-29T09:03:11,550450074fac637cc28b7f90,shiny21,没有,0
69f08d110000000028035cfb,69f08252000000003502b5a1,,,,大家都觉得没有那就有了,6,0,上海,3,1777372433000,2026-04-28T18:33:53,5d336bbb00000000100308aa,i精酿的小黑子,大家都觉得没有那就有了,0
69fd74af000000002b001112,69f08252000000003502b5a1,,,,不好不坏，当份工作吧，首先保险机构的信评是监管强制要求配的，所以失业没那么容易；公募之类的还是需要信评背锅，流程还是需要人走，具体能不能有价值，取决于机构，有的机构愿意下沉或者愿意让你去研究，这年头100个bp的下行你还是能抓到的（今年的地产债、去年的有几个产业债），同时青岛的风险这种你也能防，如果你能摆正心态，就可以，混口饭吃到哪里都是混,4,0,上海,0,1778218159000,2026-05-08T13:29:19,633db3e1000000001802d3c9,我是momo,不好不坏，当份工作吧，首先保险机构的信评是监管强制要求配的，所以失业没那么容易；公募之类的还是需要信评背锅，流程还是需要人走，具体能不能有价值，取决于机构，有的机构愿意下沉或者愿意让你去研究，这年头100个bp的下行你还是能抓到的（今年的地产债、去年的有几个产业债），同时青岛的风险这种你也能防，如果你能摆正心态，就可以，混口饭吃到哪里都是混,0
69f1ed080000000027023b2e,69f08252000000003502b5a1,,,,能兼顾看可转债会好些,0,0,北京,0,1777462537000,2026-04-29T19:35:37,56fc76064775a746fb6a2cfc,Jasmine,能兼顾看可转债会好些,0
69f2e212000000002701d6c9,69f08252000000003502b5a1,,,,失业,0,0,北京,0,1777525266000,2026-04-30T13:01:06,5dd00766000000000100220d,阳光彩虹糖,失业,0
69f3ed3c000000002701c612,69f08252000000003502b5a1,,,,主要是现在利差太低了，资质下沉并吃不到什么超额收益。机构都在猛猛抡30年利率债。。,0,0,广东,0,1777593660000,2026-05-01T08:01:00,64e715f3000000000100fce2,大魏吴王孙仲谋,主要是现在利差太低了，资质下沉并吃不到什么超额收益。机构都在猛猛抡30年利率债。。,0
69fabe28000000002b02861e,69f08252000000003502b5a1,,,,没有，全在转型,0,0,北京,0,1778040361000,2026-05-06T12:06:01,6071a352000000000101e001,越在渊,没有，全在转型,0
69f31f040000000028031e84,69f08252000000003502b5a1,,,,明智之举是找个好平台好领导抱紧大腿,0,0,河北,0,1777540869000,2026-04-30T17:21:09,587ef50d82ec3910abce113c,椰子水冰美式,明智之举是找个好平台好领导抱紧大腿,0
69f0d742000000002800b91a,69f08252000000003502b5a1,,,,还准备换行呢，这么不好做吗,0,0,上海,0,1777391426000,2026-04-28T23:50:26,5aea01f9e8ac2b2ea7d5a9be,过儿,还准备换行呢，这么不好做吗,0
6a0268420000000027021b44,69f08252000000003502b5a1,,,,其实我觉得金融行业挺多工作都没前景，凑合着干吧[嘻嘻R],0,0,北京,0,1778542658000,2026-05-12T07:37:38,6218e6f6000000001000cc97,一只熊猫,其实我觉得金融行业挺多工作都没前景，凑合着干吧[嘻嘻R],0
69f0c82f000000002702e400,69f08252000000003502b5a1,,,,算了吧，拼的是谁成本低,0,0,重庆,0,1777387567000,2026-04-28T22:46:07,566a1a3ce00dd81e32b46b01,打工真的好烦,算了吧，拼的是谁成本低,0
69f090170000000028035195,69f08252000000003502b5a1,,,,能啥有啥新政呢？该出的都出了。总不能说支持不兑付吧？,3,0,广东,-2,1777373207000,2026-04-28T18:46:47,647dcbcd000000001001dcdc,酸辣土豆丝🥔,能啥有啥新政呢？该出的都出了。总不能说支持不兑付吧？,0
69f0c505000000002a03049e,69f08252000000003502b5a1,,,,研究个鸡蛋 国内债券这种体制只要存在一天 信用研究就没啥意思,1,0,上海,-2,1777386758000,2026-04-28T22:32:38,625a826e0000000010007e33,小红薯625BE92C,研究个鸡蛋 国内债券这种体制只要存在一天 信用研究就没啥意思,0
69f08ab9000000002a031335,69f08252000000003502b5a1,,,,蹲蹲,0,0,浙江,-2,1777371833000,2026-04-28T18:23:53,57f8e17082ec3956e0202a1e,三明治 momo,蹲蹲,0
69f80f7c0000000028038ead,69f08252000000003502b5a1,,,,转,0,0,湖南,-2,1777864572000,2026-05-04T11:16:12,6637326c000000000d025af9,悟道修言天命,转,0
68cbf3df000000003001fe7a,68cbf1e2000000001301b0dc,,,,大陆资本市场标准的固定收益信用研究，可以分为信用评级研究、信用策略研究两个上下游阶段。,4,0,北京,4,1758196704000,2025-09-18T19:58:24,65753502000000003d0355ba,鸡精经理Z先生咨询|培训,大陆资本市场标准的固定收益信用研究，可以分为信用评级研究、信用策略研究两个上下游阶段。,0
68cbf32e000000003002223f,68cbf1e2000000001301b0dc,,,,一直做股票行业研究实习，刚转了份信用评级暑期就拿了offer，这说明什么。。,0,3,北京,0,1758196527000,2025-09-18T19:55:27,65753502000000003d0355ba,鸡精经理Z先生咨询|培训,一直做股票行业研究实习，刚转了份信用评级暑期就拿了offer，这说明什么。。,0
68cc15810000000030029849,68cbf1e2000000001301b0dc,,,,公募基金，不区分信用评级和信用策略，信用研究员同时承担了上下游职责。但口语习惯上，很多人还是习惯称呼为“信评研究员”。,3,1,北京,0,1758205313000,2025-09-18T22:21:53,65753502000000003d0355ba,鸡精经理Z先生咨询|培训,公募基金，不区分信用评级和信用策略，信用研究员同时承担了上下游职责。但口语习惯上，很多人还是习惯称呼为“信评研究员”。,0
68cc15400000000030023af5,68cbf1e2000000001301b0dc,,,,保险公司的资产管理公司，通常会将信用评级研究员单独设立成一个部门，将信用策略研究员放在固定收益部。,6,0,北京,0,1758205249000,2025-09-18T22:20:49,65753502000000003d0355ba,鸡精经理Z先生咨询|培训,保险公司的资产管理公司，通常会将信用评级研究员单独设立成一个部门，将信用策略研究员放在固定收益部。,0
68cbf5090000000030021b5a,68cbf1e2000000001301b0dc,,,,上游的信用评级：回答的是“这个信用债能不能买、能买多少”的准入、限额问题。,6,0,北京,0,1758197001000,2025-09-18T20:03:21,65753502000000003d0355ba,鸡精经理Z先生咨询|培训,上游的信用评级：回答的是“这个信用债能不能买、能买多少”的准入、限额问题。,0
68cc0711000000000b0266c5,68cbf1e2000000001301b0dc,,,68cbf32e000000003002223f,是说明这个信评的准入门槛比较低嘛,14,0,江苏,0,1758201617000,2025-09-18T21:20:17,61ff7393000000001000c593,Chocolate,是说明这个信评的准入门槛比较低嘛,0
693caeda000000003102e3c2,68cbf1e2000000001301b0dc,,,68cc15810000000030029849,想请问Z先生，所以公募信评还是有入行价值的吗[皱眉R],0,0,日本,0,1765584603000,2025-12-13T08:10:03,57e5aed734609434a3cf5fd0,树下有对,想请问Z先生，所以公募信评还是有入行价值的吗[皱眉R],0
6947d584000000003800577e,6947af34000000001e0082d5,,,,父亲的赞歌,25,5,上海,0,1766315397000,2025-12-21T19:09:57,621f24640000000021026509,威廉,父亲的赞歌,0
694e1044000000001601d6a9,6947af34000000001e0082d5,,,,澳硕太差了 上外贸过去倒读,0,0,上海,0,1766723653000,2025-12-26T12:34:13,65313643000000002a02a18b,han,澳硕太差了 上外贸过去倒读,0
6947b9a0000000001403ffaf,6947af34000000001e0082d5,,,,硕士太差,3,0,上海,0,1766308257000,2025-12-21T17:10:57,65796f29000000003d027aa3,Sui,硕士太差,0
6947df1800000000390031ff,6947af34000000001e0082d5,,,,实习机会也可以卖钱,0,0,上海,0,1766317849000,2025-12-21T19:50:49,69115902000000003202bd0d,小红薯6912B416,实习机会也可以卖钱,0
6947df4900000000380058a9,6947af34000000001e0082d5,,,,基本条件满足，30可以安排一个金融央企总部职位,1,0,上海,0,1766317897000,2025-12-21T19:51:37,69115902000000003202bd0d,小红薯6912B416,基本条件满足，30可以安排一个金融央企总部职位,0
69480f19000000003802417f,6947af34000000001e0082d5,,,69480edb000000003801438e,大厂，金融正式offer只拿了证代和假管培，秋招留用实习ofr有不少ib和fa，但是不想去搏了,0,0,上海,0,1766330138000,2025-12-21T23:15:38,5fb8497300000000010060d4,莱昂,大厂，金融正式offer只拿了证代和假管培，秋招留用实习ofr有不少ib和fa，但是不想去搏了,0
681e06af000000000900db72,681dc7a3000000000303d40d,,,,第一层吃票息是赚发行人的钱，这是最接近“服务实体经济”的工作。第二层多数是赚公募出库的钱。第三层第四层无非就是多一个赚央行的钱，第五层就是机构之间互相掏兜赚交易的钱。信评干好第一层第二层就行了，五层都能干，到底谁是基金经理？[鄙视R],15,6,广东,0,1746798256000,2025-05-09T21:44:16,5d3fe1320000000010035db5,momo,第一层吃票息是赚发行人的钱，这是最接近“服务实体经济”的工作。第二层多数是赚公募出库的钱。第三层第四层无非就是多一个赚央行的钱，第五层就是机构之间互相掏兜赚交易的钱。信评干好第一层第二层就行了，五层都能干，到底谁是基金经理？[鄙视R],0
688b9c3f000000002b018b40,681dc7a3000000000303d40d,,,,请问前辈，没有相关知识但准备入职信评机构了，应该做哪些方面的准备呢,0,3,上海,0,1753979968000,2025-08-01T00:39:28,5cd7bdc0000000001000b617,Again,请问前辈，没有相关知识但准备入职信评机构了，应该做哪些方面的准备呢,0
6972dbcc000000001d009825,681dc7a3000000000303d40d,,,,请问外企的信用分析师建议去吗？ 给母公司提供数据支持，不负责决策的岗位。,0,3,浙江,0,1769135052000,2026-01-23T10:24:12,5f16c86f000000000100ae58,财神爷的心尖宠,请问外企的信用分析师建议去吗？ 给母公司提供数据支持，不负责决策的岗位。,0
68ea40b0000000003802494c,681dc7a3000000000303d40d,,,,想问一下在评级机构做信用研究实习生哪些工作是能学到东西的,0,1,四川,0,1760182448000,2025-10-11T19:34:08,5ba6501141afcb000142be45,ddddddLPe,想问一下在评级机构做信用研究实习生哪些工作是能学到东西的,0
681deb290000000007035cb4,681dc7a3000000000303d40d,,,,请问前辈第三方评级机构和审计推荐哪个呢,0,1,广东,0,1746791209000,2025-05-09T19:46:49,643568ce000000000d01b036,小红薯643690E0,请问前辈第三方评级机构和审计推荐哪个呢,0
681e120f000000000401708e,681dc7a3000000000303d40d,,,681e06af000000000900db72,有道理[偷笑R]，钱也不多拿，何必呐,0,0,北京,0,1746801167000,2025-05-09T22:32:47,53222db6b4c4d63cbef37751,明天是周末,有道理[偷笑R]，钱也不多拿，何必呐,0
688c2bd3000000002902aa7b,681dc7a3000000000303d40d,,,688b9c3f000000002b018b40,如果想去评级公司可以多看看评级报告的内容，如果去买方要准备的就多了,0,0,北京,0,1754016723000,2025-08-01T10:52:03,53222db6b4c4d63cbef37751,明天是周末,如果想去评级公司可以多看看评级报告的内容，如果去买方要准备的就多了,0
6972ffba0000000009020f78,681dc7a3000000000303d40d,,,6972dbcc000000001d009825,听起来和信评工作内容不是很类似[汗颜R]，没法就信用研究领域给到建议哈,0,0,北京,0,1769144251000,2026-01-23T12:57:31,53222db6b4c4d63cbef37751,明天是周末,听起来和信评工作内容不是很类似[汗颜R]，没法就信用研究领域给到建议哈,0
68ea5b48000000003701124d,681dc7a3000000000303d40d,,,68ea40b0000000003802494c,一般也就是熟悉熟悉流程和一些事务性工作，涉及到项目具体内容还是不太会实际参与，有一定保密要求。自己有心的话可以多去看看评级报告，和带教老师多交流,0,0,北京,0,1760189257000,2025-10-11T21:27:37,53222db6b4c4d63cbef37751,明天是周末,一般也就是熟悉熟悉流程和一些事务性工作，涉及到项目具体内容还是不太会实际参与，有一定保密要求。自己有心的话可以多去看看评级报告，和带教老师多交流,0
681df1a60000000004014bd4,681dc7a3000000000303d40d,,,681deb290000000007035cb4,你要是以后想从事资管，去买方，推荐评级吧,1,0,北京,0,1746792871000,2025-05-09T20:14:31,53222db6b4c4d63cbef37751,明天是周末,你要是以后想从事资管，去买方，推荐评级吧,0
663058350000000003017388,662fbe5b000000001e030c00,,,,请问是通过邮箱投都,0,2,福建,0,1714444341000,2024-04-30T10:32:21,6146e7d30000000002023c22,Dreamboat,请问是通过邮箱投都,0
6639b31a0000000003034497,662fbe5b000000001e030c00,,,,想问一下uu从面到收到拒信之间多久,0,1,上海,0,1715057435000,2024-05-07T12:50:35,5b6315744eacab590362fea5,alknovawst,想问一下uu从面到收到拒信之间多久,0
6633ad0900000000040304bb,662fbe5b000000001e030c00,,,,为啥被拒了，哪里没有回答好？,0,1,山西,0,1714662666000,2024-05-02T23:11:06,53222db6b4c4d63cbef37751,明天是周末,为啥被拒了，哪里没有回答好？,0
663090be00000000100290a7,662fbe5b000000001e030c00,,,,这个是日常实习还是暑期实习吗,0,1,四川,0,1714458814000,2024-04-30T14:33:34,610391f900000000010099e2,也是可以的,这个是日常实习还是暑期实习吗,0
6637421f0000000003037e23,662fbe5b000000001e030c00,,,,请问投递邮箱是什么呀,0,0,上海,0,1714897440000,2024-05-05T16:24:00,65bf5eb6000000000e0251a2,momo,请问投递邮箱是什么呀,0
66305f8300000000120258bc,662fbe5b000000001e030c00,,,663058350000000003017388,是的,0,0,北京,0,1714446212000,2024-04-30T11:03:32,5f9b831c0000000001004b99,Oct,是的,0
6639b3510000000003037266,662fbe5b000000001e030c00,,,6639b31a0000000003034497,有点久，具体忘了[笑哭R],0,0,江苏,0,1715057489000,2024-05-07T12:51:29,5f9b831c0000000001004b99,Oct,有点久，具体忘了[笑哭R],0
6633ad360000000003037385,662fbe5b000000001e030c00,,,6633ad0900000000040304bb,不知道呀，我也想知道[凋谢R],0,0,北京,0,1714662710000,2024-05-02T23:11:50,5f9b831c0000000001004b99,Oct,不知道呀，我也想知道[凋谢R],0
663090f80000000004000996,662fbe5b000000001e030c00,,,663090be00000000100290a7,暑期,0,0,北京,0,1714458873000,2024-04-30T14:34:33,5f9b831c0000000001004b99,Oct,暑期,0
697c4b07000000000b036e2b,697c1b40000000001a0357b8,,,,信评要这么多会计知识吗……,0,4,四川,0,1769753351000,2026-01-30T14:09:11,58dfa85ea9b2ed4e60ac1748,momo,信评要这么多会计知识吗……,0
697d5dfd0000000018038d78,697c1b40000000001a0357b8,,,,宝宝评级报告财务分析部分几个维度，资产质量 资本结构 盈利能力 现金流 偿债能力，就这个范围的会计知识～,4,2,北京,0,1769823742000,2026-01-31T09:42:22,5bbb80e7ca8dbd000114ecfb,云吃吃,宝宝评级报告财务分析部分几个维度，资产质量 资本结构 盈利能力 现金流 偿债能力，就这个范围的会计知识～,0
697c6305000000000c008be5,697c1b40000000001a0357b8,,,,同信评面试，去了先做一套宏观卷子hhhh，靠吃考研老底将就写完,0,2,北京,0,1769759493000,2026-01-30T15:51:33,6105100f000000002002afa5,困了就睡,同信评面试，去了先做一套宏观卷子hhhh，靠吃考研老底将就写完,0
697de425000000000c01422c,697c1b40000000001a0357b8,,,,不知道现在怎么样，以前实习生入职后干得都是整理档案的杂活，不建议去诶,1,1,北京,0,1769858086000,2026-01-31T19:14:46,58646cd46a6a696258cec469,琥珀色的桃,不知道现在怎么样，以前实习生入职后干得都是整理档案的杂活，不建议去诶,0
697c1bba000000000f02d537,697c1b40000000001a0357b8,,,,[哭惹R]我自认为我并非期末考试突击型选手，我每节课都会好好听做笔记。我真的好难过，我的专业能力和学习能力被狠狠质疑。重生一次，下次我一定要好好复习专业课。,1,1,北京,0,1769741242000,2026-01-30T10:47:22,653b4c7e0000000004008baf,没头脑（求ofr版）,[哭惹R]我自认为我并非期末考试突击型选手，我每节课都会好好听做笔记。我真的好难过，我的专业能力和学习能力被狠狠质疑。重生一次，下次我一定要好好复习专业课。,0
697c35410000000008032628,697c1b40000000001a0357b8,,,,这是评级公司的面试么,0,2,北京,0,1769747777000,2026-01-30T12:36:17,53222db6b4c4d63cbef37751,明天是周末,这是评级公司的面试么,0
697c2930000000000f00f1b1,697c1b40000000001a0357b8,,,,信评需要什么专业知识呀[笑哭R]我金融专业的，印象中信评都讲的很浅，就是信用评级投资之类的，昨天收到了信评实习的面试，慌慌的,0,1,广东,0,1769744688000,2026-01-30T11:44:48,62aaf05d000000001b0244c1,好柿花生煎包,信评需要什么专业知识呀[笑哭R]我金融专业的，印象中信评都讲的很浅，就是信用评级投资之类的，昨天收到了信评实习的面试，慌慌的,0
698359910000000031032977,697c1b40000000001a0357b8,,,,zcx[笑哭R],1,0,上海,0,1770215825000,2026-02-04T22:37:05,639d2fe90000000026013156,Eudaimonia.,zcx[笑哭R],0
697c6abe0000000031003eb0,697c1b40000000001a0357b8,,,,信评确实比较偏会计，毕竟算真实偿债能力啥的得看报表不能只看几个指标。跟固收的侧重点有一些差异吧。,0,1,河南,0,1769761470000,2026-01-30T16:24:30,60c9ab280000000001008cc0,依稀别梦寒,信评确实比较偏会计，毕竟算真实偿债能力啥的得看报表不能只看几个指标。跟固收的侧重点有一些差异吧。,0
697cbac0000000000b0359bb,697c1b40000000001a0357b8,,,,哈哈 不会是CCX吧,0,0,上海,0,1769781953000,2026-01-30T22:05:53,58ee499c82ec39333e3db9a3,可可,哈哈 不会是CCX吧,0
697c4b85000000000f01e66f,697c1b40000000001a0357b8,,,697c4b07000000000b036e2b,我也是没想到[捂脸R]一点点别的都没问，只问了会计,0,0,北京,0,1769753477000,2026-01-30T14:11:17,653b4c7e0000000004008baf,没头脑（求ofr版）,我也是没想到[捂脸R]一点点别的都没问，只问了会计,0
697da3e2000000001900301b,697c1b40000000001a0357b8,,,697d5dfd0000000018038d78,原来是这样！因为不太了解信评，所以完全没想到准备这些。不过财务报表分析我才学过，依稀记得一些，所以答上来了点儿[扯脸H]现在学到了！谢谢你！,0,0,北京,0,1769841634000,2026-01-31T14:40:34,653b4c7e0000000004008baf,没头脑（求ofr版）,原来是这样！因为不太了解信评，所以完全没想到准备这些。不过财务报表分析我才学过，依稀记得一些，所以答上来了点儿[扯脸H]现在学到了！谢谢你！,0
697c65980000000011019d71,697c1b40000000001a0357b8,,,697c6305000000000c008be5,日常实习吗…？我的天[捂脸R]保研人已经不记得任何宏观的知识了,0,0,北京,0,1769760153000,2026-01-30T16:02:33,653b4c7e0000000004008baf,没头脑（求ofr版）,日常实习吗…？我的天[捂脸R]保研人已经不记得任何宏观的知识了,0
697ffc2a000000001900199a,697c1b40000000001a0357b8,,,697de425000000000c01422c,好哦，面试说好像是做会议纪要。应该也不会去了[扯脸H],0,0,北京,0,1769995306000,2026-02-02T09:21:46,653b4c7e0000000004008baf,没头脑（求ofr版）,好哦，面试说好像是做会议纪要。应该也不会去了[扯脸H],0
69b24d360000000014032445,697c1b40000000001a0357b8,,,697c1bba000000000f02d537,其实很棒哈哈哈哈哈[偷笑R]这篇文章看得出来逻辑很清楚，表达能力很强。加油，我明天也去面试一家试试,0,0,上海,0,1773292854000,2026-03-12T13:20:54,63b1bf950000000027029120,Keeeey,其实很棒哈哈哈哈哈[偷笑R]这篇文章看得出来逻辑很清楚，表达能力很强。加油，我明天也去面试一家试试,0
697c3b97000000000f01b5c9,697c1b40000000001a0357b8,,,697c35410000000008032628,是的[哭惹R]我以为会问固收金风管的东西，地铁上还在复习我本科的笔记，没想到问了我很多会计知识。我是典型的从来没押对过题的倒霉蛋[捂脸R][捂脸R],0,0,北京,0,1769749400000,2026-01-30T13:03:20,653b4c7e0000000004008baf,没头脑（求ofr版）,是的[哭惹R]我以为会问固收金风管的东西，地铁上还在复习我本科的笔记，没想到问了我很多会计知识。我是典型的从来没押对过题的倒霉蛋[捂脸R][捂脸R],0
697c29b0000000000f018729,697c1b40000000001a0357b8,,,697c2930000000000f00f1b1,宝宝看看帖子，我被问到的专业知识都写了。我之前搜的面经都说问固收，可能不同岗也不一样，你可以多搜搜。,1,0,北京,0,1769744816000,2026-01-30T11:46:56,653b4c7e0000000004008baf,没头脑（求ofr版）,宝宝看看帖子，我被问到的专业知识都写了。我之前搜的面经都说问固收，可能不同岗也不一样，你可以多搜搜。,0
697c6d1d0000000019000a0b,697c1b40000000001a0357b8,,,697c6abe0000000031003eb0,确实，现在想想是我理解不到位，准备得太少了。小红书上面经都说是固收，所以我就只看了固收。其实会计也不是不会，就是面试通知得太急，而且本身我是金融的，学的会计比较少，所以复习不到位[扯脸H]总结经验了，下次一定要好好准备。,0,0,北京,0,1769762077000,2026-01-30T16:34:37,653b4c7e0000000004008baf,没头脑（求ofr版）,确实，现在想想是我理解不到位，准备得太少了。小红书上面经都说是固收，所以我就只看了固收。其实会计也不是不会，就是面试通知得太急，而且本身我是金融的，学的会计比较少，所以复习不到位[扯脸H]总结经验了，下次一定要好好准备。,0
697ca3d4000000000f029e7b,697c1b40000000001a0357b8,,,,访谈纪要,0,0,北京,0,1769776084000,2026-01-30T20:28:04,647c9b89000000000f007783,momo,访谈纪要,0
69f2e9b2000000002803d840,697c1b40000000001a0357b8,,,,是ccx吗 感觉没问这些会计知识呀...,0,0,北京,0,1777527219000,2026-04-30T13:33:39,60e43a7700000000010077b2,小白兔炸了,是ccx吗 感觉没问这些会计知识呀...,0
6a05ed08000000002803c30d,69ecd65900000000350327fe,,,,想问下老师场外衍生品实习含金量高不高哇,0,2,上海,0,1778773256000,2026-05-14T23:40:56,61fa32100000000021021bd1,iiiiii,想问下老师场外衍生品实习含金量高不高哇,0
69ed4d72000000002702e9ac,69ecd65900000000350327fe,,,,管理这么混乱的衍生品组[笑哭R],9,3,上海,0,1777159538000,2026-04-26T07:25:38,63c82c320000000026007b6c,禾芝,管理这么混乱的衍生品组[笑哭R],0
69ecd7860000000028037cc3,69ecd65900000000350327fe,,,,老斯加油！总能吃到工作的苦的！,9,1,广东,0,1777129351000,2026-04-25T23:02:31,64d613ba000000000100e81b,嘻嘻,老斯加油！总能吃到工作的苦的！,0
69ed8434000000002a00797e,69ecd65900000000350327fe,,,,跑得挺对的，干中台最怕就是职责不清，你这一堆里对接客需就不应该是中台的活，产品设计是产品的，盯市是风控的，簿记复核是运营的，全一个人干意味着以后别人有什么不想干的都可以塞给你，监管来查哪里错了都是你背锅，而且永远没机会去前台做交易，做好了没奖励做错了全是责任。还想挣钱的话这行除了sales和trader其他最好都别看了,12,1,上海,0,1777173557000,2026-04-26T11:19:17,63fc2cbc000000001002a69b,深蓝,跑得挺对的，干中台最怕就是职责不清，你这一堆里对接客需就不应该是中台的活，产品设计是产品的，盯市是风控的，簿记复核是运营的，全一个人干意味着以后别人有什么不想干的都可以塞给你，监管来查哪里错了都是你背锅，而且永远没机会去前台做交易，做好了没奖励做错了全是责任。还想挣钱的话这行除了sales和trader其他最好都别看了,0
69ef7ffa000000002b002446,69ecd65900000000350327fe,,,,业务部怎么干这么杂的活[石化R],0,1,北京,0,1777303547000,2026-04-27T23:25:47,5fed833f0000000001002098,小树,业务部怎么干这么杂的活[石化R],0
69ed7b7600000000290181cd,69ecd65900000000350327fe,,,,听着像申万,3,0,上海,0,1777171319000,2026-04-26T10:41:59,62a1d7a40000000021021dc6,娘口三三,听着像申万,0
69ecd7cb000000002b0262ff,69ecd65900000000350327fe,,,,看到面试内容感觉像回到了学习FRM的时候哈哈哈,2,1,北京,0,1777129419000,2026-04-25T23:03:39,5dd642d300000000010063e0,momo,看到面试内容感觉像回到了学习FRM的时候哈哈哈,0
69eda0f6000000002b027c3c,69ecd65900000000350327fe,,,,是gleba？,1,0,湖南,0,1777180919000,2026-04-26T13:21:59,5a21fb02e8ac2b72018c7f1b,momo,是gleba？,0
69f32975000000002a0071f9,69ecd65900000000350327fe,,,,老师想问问是哪个券商 求壁垒,0,0,上海,0,1777543541000,2026-04-30T18:05:41,650127460000000004026d6a,momo,老师想问问是哪个券商 求壁垒,0
69ecfc010000000029011072,69ecd65900000000350327fe,,,,衍生品还要准备vba吗,1,1,上海,0,1777138689000,2026-04-26T01:38:09,59d01e2a51783a42e9c8a587,momo,衍生品还要准备vba吗,0
6a05f6f8000000002702d61c,69ecd65900000000350327fe,,,6a05ed08000000002803c30d,我觉得还蛮高的 这种金融产品比较复杂 需要有金融 数学 和编程多方面能力,0,0,辽宁,0,1778775801000,2026-05-15T00:23:21,64146e290000000011020c33,emo的momo,我觉得还蛮高的 这种金融产品比较复杂 需要有金融 数学 和编程多方面能力,0
69ed64bd000000002701fbec,69ecd65900000000350327fe,,,69ed4d72000000002702e9ac,因为很缺人但是怕分奖金不招人 所以很混乱,10,0,辽宁,0,1777165502000,2026-04-26T09:05:02,64146e290000000011020c33,emo的momo,因为很缺人但是怕分奖金不招人 所以很混乱,0
69ecd7c2000000002702efed,69ecd65900000000350327fe,,,69ecd7860000000028037cc3,[捂脸R][捂脸R][捂脸R],0,0,辽宁,-2,1777129410000,2026-04-25T23:03:30,64146e290000000011020c33,emo的momo,[捂脸R][捂脸R][捂脸R],0
69ed84bc000000002702c5ca,69ecd65900000000350327fe,,,69ed8434000000002a00797e,是这样的哈哈,0,0,辽宁,0,1777173692000,2026-04-26T11:21:32,64146e290000000011020c33,emo的momo,是这样的哈哈,0
69ef8019000000002702dc54,69ecd65900000000350327fe,,,69ef7ffa000000002b002446,支持岗[笑哭R],0,0,辽宁,0,1777303577000,2026-04-27T23:26:17,64146e290000000011020c33,emo的momo,支持岗[笑哭R],0
69ecd7e700000000270230ac,69ecd65900000000350327fe,,,69ecd7cb000000002b0262ff,哈哈哈确实很像,0,0,辽宁,0,1777129447000,2026-04-25T23:04:07,64146e290000000011020c33,emo的momo,哈哈哈确实很像,0
69ed64f60000000028008804,69ecd65900000000350327fe,,,69ecfc010000000029011072,他们搞一些自动化流程可能会用到 像excel表格自动排版啥的,1,0,辽宁,0,1777165558000,2026-04-26T09:05:58,64146e290000000011020c33,emo的momo,他们搞一些自动化流程可能会用到 像excel表格自动排版啥的,0
69ed7423000000002b00390b,69ecd65900000000350327fe,,,,这是哪家 我在衍生品中台怎么感觉还好，另外我也一直奇怪交易台对冲应该亏的时候不少才对 报价那么卷,0,0,江苏,0,1777169443000,2026-04-26T10:10:43,5f9779500000000001005a5a,EcoRI,这是哪家 我在衍生品中台怎么感觉还好，另外我也一直奇怪交易台对冲应该亏的时候不少才对 报价那么卷,0
69fed7d2000000002a033faf,69ecd65900000000350327fe,,,,感觉无论你表现如何都稳的[doge],0,0,上海,0,1778309075000,2026-05-09T14:44:35,561cdcdb5894466d46ef9166,月桂,感觉无论你表现如何都稳的[doge],0
69edc444000000002a0260e4,69ecd65900000000350327fe,,,,缺指标的经理在不,0,0,四川,0,1777189957000,2026-04-26T15:52:37,671c5e2d000000001d0317ad,开心,缺指标的经理在不,0
69ecebbc000000002b027dfd,69ecd65900000000350327fe,,,,yh吗是,0,0,广东,0,1777134525000,2026-04-26T00:28:45,5a916e63e8ac2b54116ae47c,Lumos,yh吗是,0
69ecd98e000000002701d246,69ecd65900000000350327fe,,,,不招人人多分奖金真的太真实啦[笑哭R][笑哭R],2,1,广东,0,1777129870000,2026-04-25T23:11:10,63e703a7000000002702871f,FrancisSo9rry,不招人人多分奖金真的太真实啦[笑哭R][笑哭R],0
69ecf1d2000000002702bcfb,69ecd65900000000350327fe,,,,券商衍生品部门的工作跟投研有关吗,0,1,上海,0,1777136083000,2026-04-26T00:54:43,635dd3d9000000001901f380,冷不丁我梆梆就是两拳,券商衍生品部门的工作跟投研有关吗,0
69edbf08000000002800a542,69ecd65900000000350327fe,,,,这个岗确实很离谱，这个要求和强度干脆直接做前台算了[笑哭R],0,0,浙江,0,1777188616000,2026-04-26T15:30:16,613977590000000002018e92,我就是盛世回首,这个岗确实很离谱，这个要求和强度干脆直接做前台算了[笑哭R],0
69ed7b4700000000290109dd,69ecd65900000000350327fe,,,,一看就是箭头哈哈哈哈哈[笑哭R]2024亏了十个亿,1,0,广东,0,1777171271000,2026-04-26T10:41:11,5c5642fc000000001202dca8,AvokRm,一看就是箭头哈哈哈哈哈[笑哭R]2024亏了十个亿,0
69ecd9ec000000002803e60f,69ecd65900000000350327fe,,,,请问大概是什么水平的的券商呢,0,1,广东,0,1777129964000,2026-04-25T23:12:44,63f2ff65000000001001fa15,RexetChat,请问大概是什么水平的的券商呢,0
69edcb5e000000002a024287,69ecd65900000000350327fe,,,,“怕分奖金就不招人”也格局太小了,1,0,北京,-2,1777191774000,2026-04-26T16:22:54,65078e470000000017021288,我才刚刚醒来,“怕分奖金就不招人”也格局太小了,0
69ecd9e00000000027017392,69ecd65900000000350327fe,,,69ecd98e000000002701d246,哈哈哈IT被要求搞各种自动化磨得也很头疼,2,0,辽宁,0,1777129953000,2026-04-25T23:12:33,64146e290000000011020c33,emo的momo,哈哈哈IT被要求搞各种自动化磨得也很头疼,0
69ed647e000000002702eac8,69ecd65900000000350327fe,,,69ecf1d2000000002702bcfb,不多 主要是接客户的衍生品需求当对手方然后对冲掉风险,3,0,辽宁,0,1777165439000,2026-04-26T09:03:59,64146e290000000011020c33,emo的momo,不多 主要是接客户的衍生品需求当对手方然后对冲掉风险,0
69ecdd7f000000002702cb08,69ecd65900000000350327fe,,,69ecd9ec000000002803e60f,中上吧,0,0,辽宁,0,1777130879000,2026-04-25T23:27:59,64146e290000000011020c33,emo的momo,中上吧,0
68121ee700000000130131c6,67fccaa5000000001d008d13,,,,提供的信息怎么判断是否帮基金经理真正赚钱与否啊？,0,10,北京,0,1746018024000,2025-04-30T21:00:24,588cede25e87e7767e9b186c,Fire,提供的信息怎么判断是否帮基金经理真正赚钱与否啊？,0
67fcdfc3000000001202223f,67fccaa5000000001d008d13,,,,亲，你买黄金么？,1,10,上海,0,1744625603000,2025-04-14T18:13:23,5ac627ab11be1029db44ec76,铜豌豆,亲，你买黄金么？,0
67fcf52b000000001e00f1fd,67fccaa5000000001d008d13,,,,老师，请问现在卖方研究员实习好进吗,0,8,浙江,0,1744631084000,2025-04-14T19:44:44,633e5672000000001802a040,momo,老师，请问现在卖方研究员实习好进吗,0
67fcf309000000001e01387e,67fccaa5000000001d008d13,,,,有没有想过跳槽到买方或者一级市场,1,4,上海,0,1744630538000,2025-04-14T19:35:38,668ff42f0000000003033dfe,丝黛妃,有没有想过跳槽到买方或者一级市场,0
67fd8d2a000000001f007024,67fccaa5000000001d008d13,,,,在卖方实习的时候，带教写几篇点评12点多才写完，还问了我一句我的写完没[石化R],0,2,河北,0,1744669995000,2025-04-15T06:33:15,64192e180000000012013d41,。。。。,在卖方实习的时候，带教写几篇点评12点多才写完，还问了我一句我的写完没[石化R],0
680e59710000000012002db6,67fccaa5000000001d008d13,,,,产业80w左右年薪转卖方行业分析师，年薪百万算高了么？,0,1,北京,0,1745770866000,2025-04-28T00:21:06,5c0b5864f7e8b934ebed9ae5,唐三葬,产业80w左右年薪转卖方行业分析师，年薪百万算高了么？,0
67fcd8bd0000000012003114,67fccaa5000000001d008d13,,,,请问晚上一般几点能结束工作呀[萌萌哒R],0,2,福建,0,1744623806000,2025-04-14T17:43:26,6372fe8e000000001f01cc43,令狐冲,请问晚上一般几点能结束工作呀[萌萌哒R],0
6986e1da000000000b03620b,67fccaa5000000001d008d13,,,,周末加班很频繁吗,0,0,广西,0,1770447323000,2026-02-07T14:55:23,60f7933e000000000100359f,花语: 不哭,周末加班很频繁吗,0
67fda7920000000012001e80,67fccaa5000000001d008d13,,,,不错 [偷笑R][偷笑R][偷笑R][偷笑R],0,0,上海,0,1744676754000,2025-04-15T08:25:54,655232130000000008001b63,Una学姐,不错 [偷笑R][偷笑R][偷笑R][偷笑R],0
68921462000000002a0055e7,67fccaa5000000001d008d13,,,,可以加你吗,0,0,北京,0,1754403939000,2025-08-05T22:25:39,66ffd4ea000000001d033252,彭你萌,可以加你吗,0
68121fc0000000001f02b178,67fccaa5000000001d008d13,,,68121ee700000000130131c6,[doge]直接问 jjjl，有没有持仓，或者通过销售去问,2,0,上海,0,1746018240000,2025-04-30T21:04:00,617423580000000002021cf2,不晚在路上,[doge]直接问 jjjl，有没有持仓，或者通过销售去问,0
67fce072000000001f02b958,67fccaa5000000001d008d13,,,67fcdfc3000000001202223f,我没有买，相对于其他，涨幅太小了,2,0,上海,0,1744625779000,2025-04-14T18:16:19,617423580000000002021cf2,不晚在路上,我没有买，相对于其他，涨幅太小了,0
67fcf66f000000002001536c,67fccaa5000000001d008d13,,,67fcf52b000000001e00f1fd,不好进，好像有的应届都不招人了（除非你只是想实习）。基本上要985或者四大财经211的才有优势，且竞争激烈。前几年我们所暑期招二三十个人，最终留用就个位数,2,0,上海,0,1744631407000,2025-04-14T19:50:07,617423580000000002021cf2,不晚在路上,不好进，好像有的应届都不招人了（除非你只是想实习）。基本上要985或者四大财经211的才有优势，且竞争激烈。前几年我们所暑期招二三十个人，最终留用就个位数,0
67fcf37000000000200121ee,67fccaa5000000001d008d13,,,67fcf309000000001e01387e,不想做二级，二级买压力更大[笑哭R]一级倒是考虑过,0,0,上海,0,1744630641000,2025-04-14T19:37:21,617423580000000002021cf2,不晚在路上,不想做二级，二级买压力更大[笑哭R]一级倒是考虑过,0
67fd8d85000000001e03e94a,67fccaa5000000001d008d13,,,67fd8d2a000000001f007024,她是点评写完了，不知道还有没有别的工作[石化R][石化R][石化R],0,0,河北,0,1744670086000,2025-04-15T06:34:46,64192e180000000012013d41,。。。。,她是点评写完了，不知道还有没有别的工作[石化R][石化R][石化R],0
68a718050000000027001be0,67fccaa5000000001d008d13,,,680e59710000000012002db6,卖方买方是指什么呢,2,0,四川,0,1755781125000,2025-08-21T20:58:45,651fe17800000000020132ad,momo,卖方买方是指什么呢,0
67fcd972000000001f00eb7d,67fccaa5000000001d008d13,,,67fcd8bd0000000012003114,[偷笑R]看心情，如果行情不好，3点就下班[微笑R]主要是你手头的报告在 ddl 之前写出来就行[笑哭R]就跟交大学作业似的。但是如果行情好的时候，十一二点也是常事。我觉得得看自己怎么去平衡吧,2,0,上海,0,1744623987000,2025-04-14T17:46:27,617423580000000002021cf2,不晚在路上,[偷笑R]看心情，如果行情不好，3点就下班[微笑R]主要是你手头的报告在 ddl 之前写出来就行[笑哭R]就跟交大学作业似的。但是如果行情好的时候，十一二点也是常事。我觉得得看自己怎么去平衡吧,0
6972f56c0000000009037bf0,67fccaa5000000001d008d13,,,,老师，想问一下靠派点的季度奖金一般是什么时候发呀，会当季结束就发吗,0,0,广东,0,1769141613000,2026-01-23T12:13:33,5f15b8de000000000101dac5,摩卡i生椰,老师，想问一下靠派点的季度奖金一般是什么时候发呀，会当季结束就发吗,0
67fcf3de0000000012013e1f,67fccaa5000000001d008d13,,,,写的好详细，好文点赞[赞R],0,0,北京,0,1744630750000,2025-04-14T19:39:10,5f0ff1020000000001004084,活泼可爱的噜噜,写的好详细，好文点赞[赞R],0
68f1dcab000000003902a0b2,67fccaa5000000001d008d13,,,,请问一下卖方老师一年路演多少场是平均水平啊？不同券商之间会有很大区别吗？,0,0,广东,0,1760681131000,2025-10-17T14:05:31,5a952e69b1da1437e5856ce9,momomomo,请问一下卖方老师一年路演多少场是平均水平啊？不同券商之间会有很大区别吗？,0
67fcdf10000000001e017f64,67fccaa5000000001d008d13,,,,@六六 @抹茶脑袋 @beo @水水不水 学习[棒R],0,1,上海,0,1744625425000,2025-04-14T18:10:25,62a7ebe9000000001902bc54,渐变折痕,@六六 @抹茶脑袋 @beo @水水不水 学习[棒R],0
68121ed4000000000400ecd9,67fccaa5000000001d008d13,,,,需要交易时间盯盘吗[捂脸R]？,0,9,北京,-2,1746018004000,2025-04-30T21:00:04,588cede25e87e7767e9b186c,Fire,需要交易时间盯盘吗[捂脸R]？,0
67fce3840000000020017fb0,67fccaa5000000001d008d13,,,67fcdf10000000001e017f64,[哭惹R],0,0,上海,0,1744626565000,2025-04-14T18:29:25,5b6c7c556b58b73e56733d31,六六,[哭惹R],0
68121f9a000000001f02a707,67fccaa5000000001d008d13,,,68121ed4000000000400ecd9,卖方不交易，主要是 jjjl 在交易，有些交易时间是收手机的，不过1:30之后也会约路演,1,0,上海,0,1746018202000,2025-04-30T21:03:22,617423580000000002021cf2,不晚在路上,卖方不交易，主要是 jjjl 在交易，有些交易时间是收手机的，不过1:30之后也会约路演,0
689d80af000000003000e496,66800b63000000001f005e98,,,,想问问二面之后多久会有结果呀，如果挂了会默拒嘛[皱眉R],0,5,江苏,0,1755152560000,2025-08-14T14:22:40,64830b26000000001100119f,蒜蒜头超脆,想问问二面之后多久会有结果呀，如果挂了会默拒嘛[皱眉R],0
6680b11e000000001303d2da,66800b63000000001f005e98,,,,uu是3c启行实习不[偷笑R],0,4,上海,0,1719709983000,2024-06-30T09:13:03,65fd8779000000000d02739d,momo,uu是3c启行实习不[偷笑R],0
66866c46000000000400b994,66800b63000000001f005e98,,,,学长，请问中金的所有岗位二面都是这些问题吗？,0,2,湖北,0,1720085575000,2024-07-04T17:32:55,5ef5d37e000000000100065b,momo要理财！,学长，请问中金的所有岗位二面都是这些问题吗？,0
668cae0a000000002301a55e,66800b63000000001f005e98,,,,实习推票是什么意思啊,0,1,上海,0,1720495626000,2024-07-09T11:27:06,5d221cb4000000001100d309,Loris,实习推票是什么意思啊,0
6680369c000000000400a6e6,66800b63000000001f005e98,,,,认识老板之后的实习面试过程： 请做个自我介绍。请问你平时有什么爱好啊？  （爱好）什么水平啊？ 对这个行业有什么了解啊？ 大概什么时候能过来入职呢？ （结束） [偷笑R],14,1,海南,0,1719678621000,2024-06-30T00:30:21,62ae1596000000001b02506b,脆皮五花肉（毕业求职版）,认识老板之后的实习面试过程： 请做个自我介绍。请问你平时有什么爱好啊？ （爱好）什么水平啊？ 对这个行业有什么了解啊？ 大概什么时候能过来入职呢？ （结束） [偷笑R],0
67e8c1c3000000001e010211,66800b63000000001f005e98,,,,请问二面是线上还是线下面试,0,1,上海,0,1743307204000,2025-03-30T12:00:04,5c519bcf00000000110323e7,🎱,请问二面是线上还是线下面试,0
668cfa0f0000000016027c88,66800b63000000001f005e98,,,,第三题可以给个过程吗,0,1,北京,0,1720515088000,2024-07-09T16:51:28,5bc2b11be8ac2b13a7920b93,橙.com,第三题可以给个过程吗,0
68821c0f000000001902594c,66800b63000000001f005e98,,,,这是哪个project呀,0,1,北京,0,1753357327000,2025-07-24T19:42:07,60e273e5000000000101ef2e,只喜欢帅的,这是哪个project呀,0
66800c72000000000303a521,66800b63000000001f005e98,,,,是做过低空经济的行研吗？有机会可以交流一下[暗中观察R],0,1,湖北,0,1719667827000,2024-06-29T21:30:27,62e598d9000000001e01c264,意取新词,是做过低空经济的行研吗？有机会可以交流一下[暗中观察R],0
6686c4e9000000001b0102a3,66800b63000000001f005e98,,,,这么难吗[哭惹R],2,0,山东,0,1720108266000,2024-07-04T23:51:06,60042ea60000000001006447,crying bridge,这么难吗[哭惹R],0
689dd36b0000000030007004,66800b63000000001f005e98,,,689d80af000000003000e496,我查了下我好像是两三天内收到结果的，我也不知道会不会默拒。但我感觉二面应该不会挂人了吧（？,2,0,北京,0,1755173739000,2025-08-14T20:15:39,60efb0aa00000000010069c2,一念知行,我查了下我好像是两三天内收到结果的，我也不知道会不会默拒。但我感觉二面应该不会挂人了吧（？,0
6680b250000000001b012a41,66800b63000000001f005e98,,,6680b11e000000001303d2da,什么是3c启行呀,0,0,上海,0,1719710289000,2024-06-30T09:18:09,60efb0aa00000000010069c2,一念知行,什么是3c启行呀,0
66868c84000000001b01301d,66800b63000000001f005e98,,,66866c46000000000400b994,只是我被问到了这些题orz,0,0,上海,0,1720093828000,2024-07-04T19:50:28,60efb0aa00000000010069c2,一念知行,只是我被问到了这些题orz,0
668cb48d000000002300dc40,66800b63000000001f005e98,,,668cae0a000000002301a55e,让你推荐一只股票，并且说明理由orz,1,0,北京,0,1720497293000,2024-07-09T11:54:53,60efb0aa00000000010069c2,一念知行,让你推荐一只股票，并且说明理由orz,0
66803b7a0000000015009ff3,66800b63000000001f005e98,,,6680369c000000000400a6e6,哈哈哈哈哈哈哈哈哈哈哈,0,0,上海,0,1719679867000,2024-06-30T00:51:07,60efb0aa00000000010069c2,一念知行,哈哈哈哈哈哈哈哈哈哈哈,0
67e94752000000001f018a6e,66800b63000000001f005e98,,,67e8c1c3000000001e010211,线下,0,0,上海,0,1743341395000,2025-03-30T21:29:55,60efb0aa00000000010069c2,一念知行,线下,0
668cfcc40000000015013064,66800b63000000001f005e98,,,668cfa0f0000000016027c88,可以xhs搜哈哈哈哈，应该有不少答案，我就不献丑啦orz,1,0,北京,0,1720515781000,2024-07-09T17:03:01,60efb0aa00000000010069c2,一念知行,可以xhs搜哈哈哈哈，应该有不少答案，我就不献丑啦orz,0
6882dc9b0000000013037a71,66800b63000000001f005e98,,,68821c0f000000001902594c,社会服务,0,0,上海,0,1753406620000,2025-07-25T09:23:40,60efb0aa00000000010069c2,一念知行,社会服务,0
66800de0000000001501166b,66800b63000000001f005e98,,,66800c72000000000303a521,好呀[偷笑R]不过我做的只是会议纪要、数据摘抄罢了[偷笑R],0,0,上海,0,1719668193000,2024-06-29T21:36:33,60efb0aa00000000010069c2,一念知行,好呀[偷笑R]不过我做的只是会议纪要、数据摘抄罢了[偷笑R],0
66800c530000000023018c65,66800b63000000001f005e98,,,,顺便帮xcf带教招实习生，可私～,0,0,上海,0,1719667795000,2024-06-29T21:29:55,60efb0aa00000000010069c2,一念知行,顺便帮xcf带教招实习生，可私～,0
66800e390000000016027ead,66800b63000000001f005e98,,,,学长好厉害～希望多出点面经建议，特别想学习[皱眉R][皱眉R],0,0,辽宁,0,1719668282000,2024-06-29T21:38:02,648d9c5e0000000012034055,风雨天一阁,学长好厉害～希望多出点面经建议，特别想学习[皱眉R][皱眉R],0
668395980000000003038a31,66800b63000000001f005e98,,,,正式实习是这样的,3,0,北京,0,1719899545000,2024-07-02T13:52:25,6012cafd0000000001000f49,朝歌,正式实习是这样的,0
6680242e000000001802a8f7,66800b63000000001f005e98,,,,学长好厉害～希望多出点面经建议，特别想学习[皱眉R][皱眉R],0,0,上海,0,1719673903000,2024-06-29T23:11:43,60cd410b0000000001009806,忧郁梅莓派,学长好厉害～希望多出点面经建议，特别想学习[皱眉R][皱眉R],0
68518606000000000401ce01,68400fde000000002100afbd,,,,小保险资管信评转固收，主包建议去吗,0,2,北京,0,1750173191000,2025-06-17T23:13:11,5483ccf4e7798927919cfaaf,LITTLE STAR🌟,小保险资管信评转固收，主包建议去吗,0
68401abf000000000802512b,68400fde000000002100afbd,,,,蹲一下博主本人帅照,1,1,上海,0,1749031615000,2025-06-04T18:06:55,5e3958a90000000001006492,Wayne,蹲一下博主本人帅照,0
68420a8d000000000900f5b6,68400fde000000002100afbd,,,,赞👍,1,0,广东,0,1749158542000,2025-06-06T05:22:22,5cd443300000000011033aea,待业债承小登勇闯天涯,赞👍,0
6847f1df000000000b0149b8,68400fde000000002100afbd,,,,[自拍R],0,0,上海,0,1749545439000,2025-06-10T16:50:39,5e3fdc53000000000100b3d7,TheRiver,[自拍R],0
684018c5000000000103d606,68400fde000000002100afbd,,,,蹲一下转债和REITs[喝奶茶R],1,0,上海,0,1749031110000,2025-06-04T17:58:30,646a444100000000100282fa,Keith,蹲一下转债和REITs[喝奶茶R],0
68402960000000000900d461,68400fde000000002100afbd,,,,唉。。。信用研究能做的事很多啊，新质生产力背景下能做的事很多，正是重新构建信用框架的时点，也是拉开研究水准的实刻，贪多嚼不烂，你先专注一两个领域吧,6,3,北京,-2,1749035360000,2025-06-04T19:09:20,6218e6f6000000001000cc97,一只熊猫,唉。。。信用研究能做的事很多啊，新质生产力背景下能做的事很多，正是重新构建信用框架的时点，也是拉开研究水准的实刻，贪多嚼不烂，你先专注一两个领域吧,0
684049ab0000000009038901,68400fde000000002100afbd,,,,[赞R][赞R],0,2,北京,-2,1749043627000,2025-06-04T21:27:07,626ea0210000000010009ff9,老师你看我还有救吗,[赞R][赞R],0
68518c0100000000040145f1,68400fde000000002100afbd,,,68518606000000000401ce01,博主刚入行可能也没法指导[皱眉R]但感觉如果志在前台工作险资固收应该还是比信评好一点点,0,0,新疆,0,1750174721000,2025-06-17T23:38:41,681e9742000000000e01c89c,鹿米（努力读书版）,博主刚入行可能也没法指导[皱眉R]但感觉如果志在前台工作险资固收应该还是比信评好一点点,0
68401c37000000000b01fa99,68400fde000000002100afbd,,,68401abf000000000802512b,放你的就好[得意R],1,0,北京,0,1749031991000,2025-06-04T18:13:11,681e9742000000000e01c89c,鹿米（努力读书版）,放你的就好[得意R],0
68402a78000000000103c10e,68400fde000000002100afbd,,,68402960000000000900d461,嗯嗯！感谢前辈的建议,0,0,北京,0,1749035640000,2025-06-04T19:14:00,681e9742000000000e01c89c,鹿米（努力读书版）,嗯嗯！感谢前辈的建议,0
68404a19000000000b02c151,68400fde000000002100afbd,,,684049ab0000000009038901,老师你好捧场[哭惹R],0,0,北京,0,1749043737000,2025-06-04T21:28:57,681e9742000000000e01c89c,鹿米（努力读书版）,老师你好捧场[哭惹R],0
69b2a24e0000000009004372,69b29bad0000000015033da0,,,,请问二面之后多久发了信采啊[哭惹R],0,5,湖北,0,1773314639000,2026-03-12T19:23:59,64c07437000000001403aaaa,马铃薯,请问二面之后多久发了信采啊[哭惹R],0
69d49f360000000001007771,69b29bad0000000015033da0,,,,Cicc有没有什么dress code哇,0,1,上海,0,1775542071000,2026-04-07T14:07:51,6124dc1a000000000100b335,Sorry,Cicc有没有什么dress code哇,0
69b8d1eb00000000020373f4,69b29bad0000000015033da0,,,,一面完后发的信采，二面后到现在一个星期了还没消息，我好焦虑，能不能给个准话[哭惹R],0,5,上海,0,1773720044000,2026-03-17T12:00:44,60e452a10000000001000f9f,殇ベ,一面完后发的信采，二面后到现在一个星期了还没消息，我好焦虑，能不能给个准话[哭惹R],0
69ce2a5a0000000015003ed0,69b29bad0000000015033da0,,,,请问一面大概多长时间呀？如果时间特别短是不是直接挂了🥲,0,2,中国香港,0,1775118938000,2026-04-02T16:35:38,5d3bdf51000000001000c8e5,酸酸不是酸,请问一面大概多长时间呀？如果时间特别短是不是直接挂了🥲,0
69bfe4820000000014030d13,69b29bad0000000015033da0,,,,请问实习要自己带电脑吗[黄金薯R]还是说第一天就发电脑就不需要自己带了哇,0,3,北京,0,1774183554000,2026-03-22T20:45:54,63bca8c20000000025007a3e,KISEIKIの,请问实习要自己带电脑吗[黄金薯R]还是说第一天就发电脑就不需要自己带了哇,0
69b2a9b500000000140087b3,69b29bad0000000015033da0,,,,此号多久都没动静了，今天终于更新了啊,0,2,安徽,0,1773316533000,2026-03-12T19:55:33,61ff914f000000001000fbec,清风湖泊QD,此号多久都没动静了，今天终于更新了啊,0
69b2c3760000000016016fbc,69b29bad0000000015033da0,,,,请问什么样bg能收到面呢，必须有一段相关行业垂直经验吗,0,1,天津,0,1773323127000,2026-03-12T21:45:27,630ec555000000000f004b4c,小红薯630FB1D3,请问什么样bg能收到面呢，必须有一段相关行业垂直经验吗,0
6a03e7a20000000029013ffc,69b29bad0000000015033da0,,,,thx感谢分享，很厉害！,1,0,北京,0,1778640802000,2026-05-13T10:53:22,68095366000000000601daec,Jsweetroll23,thx感谢分享，很厉害！,0
69b2c6b2000000000d03c219,69b29bad0000000015033da0,,,,学姐在什么组呀[萌萌哒R],0,0,安徽,0,1773323954000,2026-03-12T21:59:14,5f33f095000000000100a8de,小登学长（想实习版）,学姐在什么组呀[萌萌哒R],0
69b2a3af0000000015003cd2,69b29bad0000000015033da0,,,69b2a24e0000000009004372,我是4天后！,0,0,上海,0,1773314991000,2026-03-12T19:29:51,5e9087880000000001007474,清执,我是4天后！,0
69d4b9f90000000015003e34,69b29bad0000000015033da0,,,69d49f360000000001007771,没有呀,0,0,上海,0,1775548922000,2026-04-07T16:02:02,5e9087880000000001007474,清执,没有呀,0
69b8e0780000000002035f56,69b29bad0000000015033da0,,,69b8d1eb00000000020373f4,我也是[抽泣R],0,0,上海,0,1773723768000,2026-03-17T13:02:48,6484941e000000000f005b43,momo,我也是[抽泣R],0
69cfd2a3000000001400bbce,69b29bad0000000015033da0,,,69ce2a5a0000000015003ed0,我是二十多分钟，不一定哦可以等等通知～,0,0,上海,0,1775227556000,2026-04-03T22:45:56,5e9087880000000001007474,清执,我是二十多分钟，不一定哦可以等等通知～,0
69bfea9c0000000014008db0,69b29bad0000000015033da0,,,69bfe4820000000014030d13,第一天最好带着点，等领了电脑可以用公司的[派对R],1,0,上海,0,1774185116000,2026-03-22T21:11:56,5e9087880000000001007474,清执,第一天最好带着点，等领了电脑可以用公司的[派对R],0
69b2c1bf0000000016014865,69b29bad0000000015033da0,,,69b2a9b500000000140087b3,今天勤快了一下[害羞R],0,0,上海,0,1773322688000,2026-03-12T21:38:08,5e9087880000000001007474,清执,今天勤快了一下[害羞R],0
69b37efe0000000015009d73,69b29bad0000000015033da0,,,69b2c3760000000016016fbc,感觉是加分项不是必须项哦,0,0,上海,0,1773371135000,2026-03-13T11:05:35,5e9087880000000001007474,清执,感觉是加分项不是必须项哦,0
662cb4cf000000001002a8b7,65b64a32000000002c02bf14,,,,深圳吗,1,5,广东,0,1714205904000,2024-04-27T16:18:24,5d0b20800000000012020c91,吃兔兔,深圳吗,0
669f769d0000000009016edb,65b64a32000000002c02bf14,,,,小姐姐，这个岗位平时用python还是spss呀,1,3,江苏,0,1721726622000,2024-07-23T17:23:42,62c5a95c000000000e00cb4e,美味大都督😋,小姐姐，这个岗位平时用python还是spss呀,0
65bcb19700000000050347c4,65b64a32000000002c02bf14,,,,宝在益普索实习了吗，体验如何,1,2,江苏,0,1706865047000,2024-02-02T17:10:47,60cdcad4000000000100916e,Rain.Z,宝在益普索实习了吗，体验如何,0
65b686c70000000005036e6a,65b64a32000000002c02bf14,,,,外包岗吗,0,2,中国澳门,0,1706460871000,2024-01-29T00:54:31,5dacd42500000000010013c7,kkelly.,外包岗吗,0
65b6737800000000080097c8,65b64a32000000002c02bf14,,,,小姐姐不都走了莫[doge],0,4,上海,0,1706455928000,2024-01-28T23:32:08,5e4a71480000000001009acf,Hoax,小姐姐不都走了莫[doge],0
66fac5ab0000000024005542,65b64a32000000002c02bf14,,,,宝子请问签合同是签的第三方嘛 还是直接和益普索签哇？[捂脸R],0,1,北京,0,1727710635000,2024-09-30T23:37:15,65d868db000000000503144f,今天收到offer了吗,宝子请问签合同是签的第三方嘛 还是直接和益普索签哇？[捂脸R],0
668290ed000000001802a0df,65b64a32000000002c02bf14,,,,姐妹想问问益普索干够多久能开实习证明呀,0,0,北京,0,1719832814000,2024-07-01T19:20:14,5eb8e1ee0000000001007644,灵魂画手1021,姐妹想问问益普索干够多久能开实习证明呀,0
671dc268000000001b023ac9,65b64a32000000002c02bf14,,,,数据造假大厂都还要去啊[笑哭R],1,0,德国,0,1730003561000,2024-10-27T12:32:41,5662d4b1172fe71e3347bb9d,心理学什么,数据造假大厂都还要去啊[笑哭R],0
69606fbb00000000160274c9,65b64a32000000002c02bf14,,,,姐妹，是只面试一次吗，还是还有二面？[害羞R],0,0,陕西,0,1767927739000,2026-01-09T11:02:19,5e340c9c0000000001007bbc,小七爱睡觉,姐妹，是只面试一次吗，还是还有二面？[害羞R],0
6656dce6000000000e031347,65b64a32000000002c02bf14,,,,想问问是哪个team呀～,0,0,重庆,0,1716968679000,2024-05-29T15:44:39,5a8c17e74eacab6480a9ee7d,Sophy,想问问是哪个team呀～,0
663ce27f0000000009003527,65b64a32000000002c02bf14,,,662cb4cf000000001002a8b7,上海,0,0,上海,0,1715266176000,2024-05-09T22:49:36,5b766402a3af9a0001aaf510,Carly💞,上海,0
669f7a7d000000002300c394,65b64a32000000002c02bf14,,,669f769d0000000009016edb,都不用,6,0,上海,0,1721727613000,2024-07-23T17:40:13,5b766402a3af9a0001aaf510,Carly💞,都不用,0
65bcb4ce000000000800995e,65b64a32000000002c02bf14,,,65bcb19700000000050347c4,带教很好[吧唧R]要看组 可以熟悉ppt流程,6,0,上海,0,1706865870000,2024-02-02T17:24:30,5b766402a3af9a0001aaf510,Carly💞,带教很好[吧唧R]要看组 可以熟悉ppt流程,0
65b686e6000000000800bfd8,65b64a32000000002c02bf14,,,65b686c70000000005036e6a,不是,0,0,上海,0,1706460902000,2024-01-29T00:55:02,5b766402a3af9a0001aaf510,Carly💞,不是,0
65b676ee0000000008009ab3,65b64a32000000002c02bf14,,,65b6737800000000080097c8,走了不能分享面经,1,0,上海,0,1706456814000,2024-01-28T23:46:54,5b766402a3af9a0001aaf510,Carly💞,走了不能分享面经,0
66fac72f000000000d00f8db,65b64a32000000002c02bf14,,,66fac5ab0000000024005542,直接签的,1,0,上海,0,1727711023000,2024-09-30T23:43:43,5b766402a3af9a0001aaf510,Carly💞,直接签的,0
69d1cdb70000000002035dfd,65b64a32000000002c02bf14,,,,请问笔试做完后是发到邮箱嘛,0,0,美国,0,1775357367000,2026-04-05T10:49:27,5f06d3d4000000000101d044,花怜忠实信徒,请问笔试做完后是发到邮箱嘛,0
66df24640000000016013b59,65b64a32000000002c02bf14,,,,请问是英文面试吗,2,0,江苏,0,1725899876000,2024-09-10T00:37:56,5b5ac19fe8ac2b05243ec805,汉堡小子🍔,请问是英文面试吗,0
689304c10000000029035b57,678e0bfa0000000019018964,,,,请问远程行研的工作强度咋样呢[石化R]，想了解一下，怕任务太重影响学业[捂脸R],1,9,广东,0,1754465474000,2025-08-06T15:31:14,5ca5473b000000001201ffb2,嘆世界,请问远程行研的工作强度咋样呢[石化R]，想了解一下，怕任务太重影响学业[捂脸R],0
678e17cb000000002102fabd,678e0bfa0000000019018964,,,,3个月了还在纪要[偷笑R]麻了,9,3,上海,0,1737365451000,2025-01-20T17:30:51,650fb7ba0000000016038ffa,Phasmid,3个月了还在纪要[偷笑R]麻了,0
678e405d000000002101b343,678e0bfa0000000019018964,,,,姐妹你的这个深度报告的篇幅大概有多少呀[皱眉R]想自己写一篇再去投简历，不然一直找不到第一份行研实习[笑哭R],0,2,广东,0,1737375837000,2025-01-20T20:23:57,626f2d1c00000000100090b1,粪海狂蛆,姐妹你的这个深度报告的篇幅大概有多少呀[皱眉R]想自己写一篇再去投简历，不然一直找不到第一份行研实习[笑哭R],0
678e1480000000000c0112ac,678e0bfa0000000019018964,,,,bb我想问问你是去哪里找到实习啊[皱眉R],0,2,广西,0,1737364608000,2025-01-20T17:16:48,5d35b865000000001202ab75,咕噜爱咕噜咕噜,bb我想问问你是去哪里找到实习啊[皱眉R],0
678e44b4000000001a00fc30,678e0bfa0000000019018964,,,,第一份行研应该怎么找[哭惹R],0,1,湖北,0,1737376948000,2025-01-20T20:42:28,5d29b52b000000001600d9c9,好运来,第一份行研应该怎么找[哭惹R],0
678e1012000000000b008190,678e0bfa0000000019018964,,,,什么公司呀，uu你的带教好好[哇R],0,1,辽宁,0,1737363475000,2025-01-20T16:57:55,670b57d0000000000b032ff5,嗨嗨嗨,什么公司呀，uu你的带教好好[哇R],0
678e36fd000000000a018dc1,678e0bfa0000000019018964,,,,什么是数据穿透,0,1,澳大利亚,0,1737373437000,2025-01-20T19:43:57,5d0cbe78000000001200578e,天天开心,什么是数据穿透,0
67ac216b00000000160178ef,678e0bfa0000000019018964,,,,omg可以问问哪家哪个组吗这么好[皱眉R],1,0,浙江,0,1739333996000,2025-02-12T12:19:56,62e9a334000000001f017a31,JoeMu,omg可以问问哪家哪个组吗这么好[皱眉R],0
678e0ee5000000002101ddbf,678e0bfa0000000019018964,,,,那个组呀[哭惹R],0,1,浙江,0,1737363173000,2025-01-20T16:52:53,60cc3d0000000000010002cf,Kawhi,那个组呀[哭惹R],0
67a6d23c0000000018033bcc,678e0bfa0000000019018964,,,,这个面试会问一些什么样的问题,1,1,北京,0,1738986044000,2025-02-08T11:40:44,623fbb69000000001000d5aa,Polaris,这个面试会问一些什么样的问题,0
68930e3d000000002a0002e6,678e0bfa0000000019018964,,,689304c10000000029035b57,这个要看不同的mt耶！我这边mt是要求3-4天工作，一天工作量8小时左右，但是有些工作量预估有点大做不完也需要交文件，就得小加一下班啦,5,0,四川,0,1754467901000,2025-08-06T16:11:41,5df50a530000000001003443,早睡早起身体好,这个要看不同的mt耶！我这边mt是要求3-4天工作，一天工作量8小时左右，但是有些工作量预估有点大做不完也需要交文件，就得小加一下班啦,0
678e20d4000000001b034014,678e0bfa0000000019018964,,,678e17cb000000002102fabd,我也是[哭惹R]做了十来篇会议纪要了…,0,0,北京,0,1737367764000,2025-01-20T18:09:24,60cbce2a000000000100209e,Hannahhh,我也是[哭惹R]做了十来篇会议纪要了…,0
678e413a0000000021031f6e,678e0bfa0000000019018964,,,678e405d000000002101b343,姐妹我写的行业的深度报告大概20页PPT，公司的平均在1w5，不过我之前也没有经验去投递的，感觉小黑工很看投递时间点，并不需要啥经历[飞吻R],2,0,山东,0,1737376058000,2025-01-20T20:27:38,5df50a530000000001003443,早睡早起身体好,姐妹我写的行业的深度报告大概20页PPT，公司的平均在1w5，不过我之前也没有经验去投递的，感觉小黑工很看投递时间点，并不需要啥经历[飞吻R],0
678e18150000000021033be1,678e0bfa0000000019018964,,,678e1480000000000c0112ac,我是看学校实习群里的消息投递的uu,0,0,山东,0,1737365526000,2025-01-20T17:32:06,5df50a530000000001003443,早睡早起身体好,我是看学校实习群里的消息投递的uu,0
678e48f30000000021018595,678e0bfa0000000019018964,,,678e44b4000000001a00fc30,其实大部分都是公众号投递/学校实习群/学长学姐内推，学校和学长学姐这个途径的成功概率会大一些，如果能加到其他学校的实习群也可以看看[派对R],1,0,山东,0,1737378036000,2025-01-20T21:00:36,5df50a530000000001003443,早睡早起身体好,其实大部分都是公众号投递/学校实习群/学长学姐内推，学校和学长学姐这个途径的成功概率会大一些，如果能加到其他学校的实习群也可以看看[派对R],0
678e17c60000000021015b8b,678e0bfa0000000019018964,,,678e1012000000000b008190,是不太知名的券商啦uu～主要是碰到的带教好[哭惹R],0,0,山东,0,1737365446000,2025-01-20T17:30:46,5df50a530000000001003443,早睡早起身体好,是不太知名的券商啦uu～主要是碰到的带教好[哭惹R],0
678e3d580000000021036c8b,678e0bfa0000000019018964,,,678e36fd000000000a018dc1,比如A券商报告的数据来源是B咨询机构，B咨询机构的数据来源是C行业协会的官方报告，C的数据就是底稿可以承认的正规来源，A/B都存在侵权风险，报告不能引用,17,0,山东,0,1737375064000,2025-01-20T20:11:04,5df50a530000000001003443,早睡早起身体好,比如A券商报告的数据来源是B咨询机构，B咨询机构的数据来源是C行业协会的官方报告，C的数据就是底稿可以承认的正规来源，A/B都存在侵权风险，报告不能引用,0
678e17a2000000002101c223,678e0bfa0000000019018964,,,678e0ee5000000002101ddbf,是传媒+某消费类的组[害羞R],0,0,山东,0,1737365410000,2025-01-20T17:30:10,5df50a530000000001003443,早睡早起身体好,是传媒+某消费类的组[害羞R],0
67a6e1da000000001801458c,678e0bfa0000000019018964,,,67a6d23c0000000018033bcc,看不同的所还有带教吧，我当时就问了一些基本能力和实习时间之类的,0,0,山东,0,1738990043000,2025-02-08T12:47:23,5df50a530000000001003443,早睡早起身体好,看不同的所还有带教吧，我当时就问了一些基本能力和实习时间之类的,0
678e0e51000000000b03be48,678e0bfa0000000019018964,,,,想问一下线上的有工资嘛？[哭惹R],0,0,广东,3,1737363026000,2025-01-20T16:50:26,64e9ad9c00000000010068ff,起什么名字好呢？,想问一下线上的有工资嘛？[哭惹R],0
678e13c6000000002102e9d9,678e0bfa0000000019018964,,,,妈呀哪家哪个组这么好....会议纪要做得我头晕眼花,2,1,福建,0,1737364423000,2025-01-20T17:13:43,5ae6a73c4eacab2ff64077b3,想真的放假的奥利奥炒酸奶,妈呀哪家哪个组这么好....会议纪要做得我头晕眼花,0
690961de0000000038027a40,678e0bfa0000000019018964,,,,有工资应该不是小黑工,0,0,上海,0,1762222558000,2025-11-04T10:15:58,63de36700000000026005d3e,好梦大王,有工资应该不是小黑工,0
695dca3300000000140343b5,678e0bfa0000000019018964,,,,你这种发工资的算什么小黑工[doge],1,0,广东,-2,1767754292000,2026-01-07T10:51:32,5d21da9e0000000011034ee1,Lizzzzzzzzz,你这种发工资的算什么小黑工[doge],0
678e17fc000000002102c3a5,678e0bfa0000000019018964,,,678e13c6000000002102e9d9,哈哈哈哈我主要做的是传媒，也可能因为券商规模不大所以dirty work也少一些吧,0,0,山东,0,1737365500000,2025-01-20T17:31:40,5df50a530000000001003443,早睡早起身体好,哈哈哈哈我主要做的是传媒，也可能因为券商规模不大所以dirty work也少一些吧,0
66066cf4000000001500258f,660667a50000000013024581,,,,为什么第三个给奖励的效果会不增反减啊？,0,3,湖北,0,1711697141000,2024-03-29T15:25:41,5b6a2d4b0a60710001944a1a,Inunxx,为什么第三个给奖励的效果会不增反减啊？,0
663cd6e000000000040192ef,660667a50000000013024581,,,,求问1实习体验[皱眉R][皱眉R],0,1,北京,0,1715263200000,2024-05-09T22:00:00,5e590c640000000001008462,O椰.,求问1实习体验[皱眉R][皱眉R],0
6606769c000000001500364c,660667a50000000013024581,,,,过来人表示别去国君债承三部，现在债的行情很差，明年有没有HC难说，而且你的bg不一定能进国君暑期。其他券商的债券条线也很差,1,1,江苏,0,1711699613000,2024-03-29T16:06:53,5b3e42c1e8ac2b50faac25e7,啦啦啦,过来人表示别去国君债承三部，现在债的行情很差，明年有没有HC难说，而且你的bg不一定能进国君暑期。其他券商的债券条线也很差,0
676297b5000000000f0398fa,660667a50000000013024581,,,,dd想问一下申万理财顾问岗从面试到offer隔了多久哇[皱眉R],0,1,上海,0,1734514613000,2024-12-18T17:36:53,61bc9c59000000001000a50a,醉卧听雨眠,dd想问一下申万理财顾问岗从面试到offer隔了多久哇[皱眉R],0
6606bf9400000000150016c0,660667a50000000013024581,,,,又刷到你了[笑哭R],0,1,上海,0,1711718292000,2024-03-29T21:18:12,5b7a7eb6f7e8b945a2bd684f,用户已注销,又刷到你了[笑哭R],0
66067412000000001903162d,660667a50000000013024581,,,,已经从dcm逃了嘛[笑哭R],0,1,北京,0,1711698963000,2024-03-29T15:56:03,5e59c34c00000000010043fd,伊德里斯,已经从dcm逃了嘛[笑哭R],0
660ccb9400000000050004dc,660667a50000000013024581,,,,想问问uu怎么选的[皱眉R],0,1,天津,0,1712114580000,2024-04-03T11:23:00,5d1ad6be0000000010000efe,无糖薄荷口香糖,想问问uu怎么选的[皱眉R],0
671694020000000020027381,660667a50000000013024581,,,,dd求问yy实习体验[皱眉R][皱眉R][皱眉R],0,0,北京,0,1729532931000,2024-10-22T01:48:51,66a9915f000000001d0211fe,橘,dd求问yy实习体验[皱眉R][皱眉R][皱眉R],0
66822943000000002301b2d3,660667a50000000013024581,,,,求问1实习体验[皱眉R][皱眉R],0,0,河北,0,1719806275000,2024-07-01T11:57:55,5cfdf7460000000011026ed3,powfuuuu,求问1实习体验[皱眉R][皱眉R],0
663dffcf000000001002862e,660667a50000000013024581,,,,uu去YY实习了嘛？想问问体验，在纠结要不要去做日常实习[皱眉R],1,1,上海,0,1715339216000,2024-05-10T19:06:56,5d1c7b4a000000001003bec7,阶段性接offer,uu去YY实习了嘛？想问问体验，在纠结要不要去做日常实习[皱眉R],0
66066f3f00000000150380de,660667a50000000013024581,,,66066cf4000000001500258f,可能后续如果面银行的话有证券的实习反而会是减分项吧[笑哭R],1,0,上海,0,1711697727000,2024-03-29T15:35:27,5e8c5f9c0000000001007ddf,困了一整天😪,可能后续如果面银行的话有证券的实习反而会是减分项吧[笑哭R],0
663e07f1000000000d032cf4,660667a50000000013024581,,,663cd6e000000000040192ef,私～,0,0,上海,0,1715341298000,2024-05-10T19:41:38,5e8c5f9c0000000001007ddf,困了一整天😪,私～,0
6606793e0000000015001dc9,660667a50000000013024581,,,6606769c000000001500364c,私你了，想了解一些情况,0,0,上海,0,1711700286000,2024-03-29T16:18:06,5e8c5f9c0000000001007ddf,困了一整天😪,私你了，想了解一些情况,0
676434c8000000001102f3de,660667a50000000013024581,,,676297b5000000000f0398fa,一星期左右,0,0,中国香港,0,1734620360000,2024-12-19T22:59:20,5e8c5f9c0000000001007ddf,困了一整天😪,一星期左右,0
6606c0dc0000000015001c72,660667a50000000013024581,,,6606bf9400000000150016c0,遇事不决xhs[害羞R],0,0,上海,0,1711718621000,2024-03-29T21:23:41,5e8c5f9c0000000001007ddf,困了一整天😪,遇事不决xhs[害羞R],0
660674a9000000001902c082,660667a50000000013024581,,,66067412000000001903162d,是的，工作内容有点单一[笑哭R],0,0,上海,0,1711699114000,2024-03-29T15:58:34,5e8c5f9c0000000001007ddf,困了一整天😪,是的，工作内容有点单一[笑哭R],0
660cce600000000015000481,660667a50000000013024581,,,660ccb9400000000050004dc,私～,0,0,上海,0,1712115296000,2024-04-03T11:34:56,5e8c5f9c0000000001007ddf,困了一整天😪,私～,0
663e07df000000001002a297,660667a50000000013024581,,,663dffcf000000001002862e,私～,0,0,上海,0,1715341280000,2024-05-10T19:41:20,5e8c5f9c0000000001007ddf,困了一整天😪,私～,0
660bb1860000000005003b27,660667a50000000013024581,,,,dcm这个学历和时间段不值了，信评好很多！我也在dcm，mentor和我说一级的行情很差，整个部门加起来个位数hc[失望R],1,0,江苏,3,1712042374000,2024-04-02T15:19:34,6112673f0000000001003ed7,Sntis,dcm这个学历和时间段不值了，信评好很多！我也在dcm，mentor和我说一级的行情很差，整个部门加起来个位数hc[失望R],0
6683a749000000002301be68,660667a50000000013024581,,,,求问1的实习体验，谢谢～[皱眉R][皱眉R],0,0,四川,0,1719904074000,2024-07-02T15:07:54,5eca17400000000001004fac,DUO,求问1的实习体验，谢谢～[皱眉R][皱眉R],0
665849d5000000000e030b95,660667a50000000013024581,,,,私信求回复,0,0,上海,0,1717062102000,2024-05-30T17:41:42,65baedde000000000903e925,Judy🥕,私信求回复,0
6658a8d5000000000e031937,660667a50000000013024581,,,,求问1实习体验[皱眉R][皱眉R],0,0,北京,0,1717086421000,2024-05-31T00:27:01,5e37daba0000000001008e13,momo,求问1实习体验[皱眉R][皱眉R],0
68787864000000000a0359f0,660667a50000000013024581,,,,不选我吗,0,1,广东,-2,1752725604000,2025-07-17T12:13:24,65d594a0000000000401e013,Ratingdog,不选我吗,0
6878d146000000001102eae9,660667a50000000013024581,,,68787864000000000a0359f0,[害羞R],0,0,江西,0,1752748358000,2025-07-17T18:32:38,5e8c5f9c0000000001007ddf,困了一整天😪,[害羞R],0
6673b23d000000002100f62b,6673a1c8000000000e0301f8,,,,正式实习和小黑工差别好大[捂脸R],1,1,北京,0,1718858302000,2024-06-20T12:38:22,6012cafd0000000001000f49,朝歌,正式实习和小黑工差别好大[捂脸R],0
6673f9110000000017010e2c,6673a1c8000000000e0301f8,,,,什么公司要问这么多问题啊[哭惹R]不就是一个普通的日常实习吗呜呜,5,2,上海,0,1718876434000,2024-06-20T17:40:34,5f2a22230000000001009cd3,床上平原睡眠专家,什么公司要问这么多问题啊[哭惹R]不就是一个普通的日常实习吗呜呜,0
66e2cd310000000002004c3e,6673a1c8000000000e0301f8,,,,gt是哪家呀,0,1,湖北,0,1726139697000,2024-09-12T19:14:57,60c136190000000020028692,momo,gt是哪家呀,0
66757f19000000000d00f732,6673a1c8000000000e0301f8,,,,是中后台吗姐妹 为啥我面的腰部都是在跟我聊天,0,1,广东,0,1718976281000,2024-06-21T21:24:41,5ee6863d000000000101e774,小红薯5EE76587,是中后台吗姐妹 为啥我面的腰部都是在跟我聊天,0
6673af3b000000001500a9ff,6673a1c8000000000e0301f8,,,,学到了！[皱眉R],1,2,福建,0,1718857532000,2024-06-20T12:25:32,63b4d953000000002702947c,热奶宝吃不够,学到了！[皱眉R],0
6686d8450000000023019d8d,6673a1c8000000000e0301f8,,,,学长投的60封简历都是行研的吗,1,1,湖南,0,1720113222000,2024-07-05T01:13:42,5fe06f4c0000000001009bf0,momo,学长投的60封简历都是行研的吗,0
6673b297000000002100f64a,6673a1c8000000000e0301f8,,,6673b23d000000002100f62b,其实我面试下来基本上每个组都会正式走人事啦，只不过薪资比较困难[萌萌哒R],1,0,福建,0,1718858392000,2024-06-20T12:39:52,657ae7d70000000020033d5f,再打一针内啡肽,其实我面试下来基本上每个组都会正式走人事啦，只不过薪资比较困难[萌萌哒R],0
66740056000000002100ef24,6673a1c8000000000e0301f8,,,6673f9110000000017010e2c,这是几场面试里面我挑出来的普适性问题啦，不过有一家真的抓着我问了半个小时[哭惹R],2,0,福建,0,1718878295000,2024-06-20T18:11:35,657ae7d70000000020033d5f,再打一针内啡肽,这是几场面试里面我挑出来的普适性问题啦，不过有一家真的抓着我问了半个小时[哭惹R],0
66e2cd63000000000c0148e7,6673a1c8000000000e0301f8,,,66e2cd310000000002004c3e,改过名的一家券商，剩下的不能多说了[赞R],0,0,广东,0,1726139748000,2024-09-12T19:15:48,657ae7d70000000020033d5f,再打一针内啡肽,改过名的一家券商，剩下的不能多说了[赞R],0
66757f74000000000500486e,6673a1c8000000000e0301f8,,,66757f19000000000d00f732,我也有几家都是电话来聊天的，一般就是他们真的很认可你或者是他们确实需要劳动力😂你可以和他们聊的过程中问一下具体的工作内容还有人事一类的～,2,0,福建,0,1718976373000,2024-06-21T21:26:13,657ae7d70000000020033d5f,再打一针内啡肽,我也有几家都是电话来聊天的，一般就是他们真的很认可你或者是他们确实需要劳动力😂你可以和他们聊的过程中问一下具体的工作内容还有人事一类的～,0
6673af8a000000002101d9d9,6673a1c8000000000e0301f8,,,6673af3b000000001500a9ff,所以学姐能不能也带我做斯坦福博后研究助理[害羞R],0,0,福建,0,1718857610000,2024-06-20T12:26:50,657ae7d70000000020033d5f,再打一针内啡肽,所以学姐能不能也带我做斯坦福博后研究助理[害羞R],0
668745e70000000003039ecc,6673a1c8000000000e0301f8,,,6686d8450000000023019d8d,是的[捂脸R],1,0,福建,0,1720141287000,2024-07-05T09:01:27,657ae7d70000000020033d5f,再打一针内啡肽,是的[捂脸R],0
65b69bd5000000000800b1d1,65b63cc5000000002c016ff8,,,,感觉没啥营养,11,0,上海,0,1706466261000,2024-01-29T02:24:21,5f7df68d000000000101f742,ɢʀɪɴᴅᴇʀ,感觉没啥营养,0
65b6fc13000000000600ee96,65b63cc5000000002c016ff8,,,,大家都说研究员没啥搞研究的，基本和马军黄洁廖蕾一路货色,0,0,上海,0,1706490899000,2024-01-29T09:14:59,61b843e90000000021026149,小笼包,大家都说研究员没啥搞研究的，基本和马军黄洁廖蕾一路货色,0
65b6d7810000000005034b1a,65b63cc5000000002c016ff8,,,,周六周天你是一点不谈呐[捂脸R],0,0,江苏,0,1706481537000,2024-01-29T06:38:57,5f2f126d0000000001000ba2,momo,周六周天你是一点不谈呐[捂脸R],0
65b73c4e000000000600ef5a,65b63cc5000000002c016ff8,,,,大a纯炒概念炒情绪罢了,0,0,上海,0,1706507342000,2024-01-29T13:49:02,5a64065511be101f615773b3,淡定&开心,大a纯炒概念炒情绪罢了,0
695f7c83000000000f01a92a,65b63cc5000000002c016ff8,,,,所以说周末是会放假的，对吧,0,0,江苏,0,1767865476000,2026-01-08T17:44:36,6717b4f9000000000b033d24,小红薯67185A7D,所以说周末是会放假的，对吧,0
65b6d7b10000000005034e58,65b63cc5000000002c016ff8,,,,而且之前我经常性的23:56收到:明早8点前...给我,3,0,江苏,0,1706481585000,2024-01-29T06:39:45,5f2f126d0000000001000ba2,momo,而且之前我经常性的23:56收到:明早8点前...给我,0
65b646b5000000000800bfe2,65b63cc5000000002c016ff8,,,,还不跑路等着入职一年被裁？@momo,6,1,北京,0,1706444469000,2024-01-28T20:21:09,6384860f0000000023026490,用户已注销,还不跑路等着入职一年被裁？@momo,0
65b646f60000000008014856,65b63cc5000000002c016ff8,,,65b646b5000000000800bfe2,沉淀,4,0,广东,0,1706444534000,2024-01-28T20:22:14,62a4691f0000000021025a2f,momo,沉淀,0
677d0495000000001b03f76e,665d410600000000150099e2,,,,请问二面会要求交材料吗？对方要求我交在读证明我不知道其他人是不是这样[哭惹R][玫瑰R],1,4,北京,0,1736246422000,2025-01-07T18:40:22,62d17b18000000000303dec0,super,请问二面会要求交材料吗？对方要求我交在读证明我不知道其他人是不是这样[哭惹R][玫瑰R],0
66a0988000000000050394f4,665d410600000000150099e2,,,,请问你是面的什么岗位？[皱眉R],0,1,上海,0,1721800832000,2024-07-24T14:00:32,592c0d3c5e87e72ae969f3c1,clown_,请问你是面的什么岗位？[皱眉R],0
669c8abe000000001b010575,665d410600000000150099e2,,,,工牌丢了咋整啊宝,0,2,浙江,0,1721535167000,2024-07-21T12:12:47,60cf69760000000001002781,桃小葵🌻,工牌丢了咋整啊宝,0
66bed800000000000c019e5a,665d410600000000150099e2,,,,问问二面是线下面的吗,0,2,上海,0,1723783169000,2024-08-16T12:39:29,65d41f0a000000000401dad0,momo,问问二面是线下面的吗,0
6751cd28000000000d00332c,665d410600000000150099e2,,,,方便问一下实习的薪资吗[皱眉R],0,2,埃及,0,1733414185000,2024-12-05T23:56:25,6216ef4c00000000100047fe,只有晚上不想睡,方便问一下实习的薪资吗[皱眉R],0
667707b2000000001701234b,665d410600000000150099e2,,,,想请问一下一共是两轮面试嘛？我看好多人说是三面，人有点麻[哭惹R],2,1,上海,0,1719076787000,2024-06-23T01:19:47,615a9820000000000201f49c,藏好我的马甲,想请问一下一共是两轮面试嘛？我看好多人说是三面，人有点麻[哭惹R],0
6699e138000000001500bdde,665d410600000000150099e2,,,,方便问下实习薪资吗～,0,1,上海,0,1721360696000,2024-07-19T11:44:56,5fa8fda40000000001000300,好运来好运来,方便问下实习薪资吗～,0
67344493000000001b027290,665d410600000000150099e2,,,,求问RS是什么意思啊[哭惹R],0,2,北京,0,1731478675000,2024-11-13T14:17:55,634fed10000000001901cbad,momo,求问RS是什么意思啊[哭惹R],0
669cd70b000000002601f640,665d410600000000150099e2,,,,求问投递后多久收到一面通知啊,0,1,北京,0,1721554700000,2024-07-21T17:38:20,64579afd0000000010029a58,GGbond,求问投递后多久收到一面通知啊,0
665d693200000000050275d6,665d410600000000150099e2,,,,能转正吗,0,1,北京,0,1717397810000,2024-06-03T14:56:50,58b19f976a6a6915f2c7b485,铁牛,能转正吗,0
677d06b7000000001b034395,665d410600000000150099e2,,,677d0495000000001b03f76e,有可能的，二面hr的话会交材料，但一般是官方邮件,0,0,上海,0,1736246968000,2025-01-07T18:49:28,5c63b73e0000000010015dac,皮皮的皮卡丘,有可能的，二面hr的话会交材料，但一般是官方邮件,0
66bf06a900000000260321b4,665d410600000000150099e2,,,66a0988000000000050394f4,行研 科技硬件,0,0,上海,0,1723795113000,2024-08-16T15:58:33,5c63b73e0000000010015dac,皮皮的皮卡丘,行研 科技硬件,0
669dc868000000002601df1c,665d410600000000150099e2,,,669c8abe000000001b010575,可以去前台补卡[拔草R],0,0,上海,0,1721616489000,2024-07-22T10:48:09,5c63b73e0000000010015dac,皮皮的皮卡丘,可以去前台补卡[拔草R],0
66bf068d00000000260318a7,665d410600000000150099e2,,,66bed800000000000c019e5a,线上,0,0,上海,0,1723795085000,2024-08-16T15:58:05,5c63b73e0000000010015dac,皮皮的皮卡丘,线上,0
6752634a0000000007020bbc,665d410600000000150099e2,,,6751cd28000000000d00332c,si你了哈[拔草R],2,0,上海,0,1733452618000,2024-12-06T10:36:58,5c63b73e0000000010015dac,皮皮的皮卡丘,si你了哈[拔草R],0
669dc87e00000000090020b7,665d410600000000150099e2,,,667707b2000000001701234b,这个应该不固定，我是2次,0,0,上海,0,1721616511000,2024-07-22T10:48:31,5c63b73e0000000010015dac,皮皮的皮卡丘,这个应该不固定，我是2次,0
6699e26a0000000009001241,665d410600000000150099e2,,,6699e138000000001500bdde,si,1,0,上海,0,1721361002000,2024-07-19T11:50:02,5c63b73e0000000010015dac,皮皮的皮卡丘,si,0
673446d800000000170267b1,665d410600000000150099e2,,,67344493000000001b027290,research 行业研究[拔草R],0,0,上海,0,1731479257000,2024-11-13T14:27:37,5c63b73e0000000010015dac,皮皮的皮卡丘,research 行业研究[拔草R],0
66a0f12300000000260029ef,665d410600000000150099e2,,,669cd70b000000002601f640,1周多后,0,0,上海,0,1721823523000,2024-07-24T20:18:43,5c63b73e0000000010015dac,皮皮的皮卡丘,1周多后,0
665d6a7e000000001c014237,665d410600000000150099e2,,,665d693200000000050275d6,hc特别少[失望R],0,0,上海,0,1717398143000,2024-06-03T15:02:23,5c63b73e0000000010015dac,皮皮的皮卡丘,hc特别少[失望R],0
672c395f000000001a033dfc,665d410600000000150099e2,,,,您好请问中金实习都会有英文考察吗[哭惹R],0,1,辽宁,0,1730951520000,2024-11-07T11:52:00,5e292e230000000001002542,豆浆不加糖,您好请问中金实习都会有英文考察吗[哭惹R],0
66a0ef15000000001b012483,665d410600000000150099e2,,,,想问问确认是否入职后多久收到入职邮件呀，确认一周了没消息[石化R],0,1,福建,0,1721822997000,2024-07-24T20:09:57,5e76d3c00000000001002b06,椰子好困💤,想问问确认是否入职后多久收到入职邮件呀，确认一周了没消息[石化R],0
69ae37e40000000032002d0d,665d410600000000150099e2,,,,请问有笔试吗,0,0,福建,0,1773025253000,2026-03-09T11:00:53,6511406a000000000200ec64,天黑黑,请问有笔试吗,0
66b8a15d000000000b00c406,665d410600000000150099e2,,,,你好～想问一下二面过后隔了多久通知正式入职呀？没通过会不会默拒呢？,0,0,宁夏,0,1723375966000,2024-08-11T19:32:46,60c77dc5000000000101e371,超速婴儿车_,你好～想问一下二面过后隔了多久通知正式入职呀？没通过会不会默拒呢？,0
67c7102a00000000150284ca,665d410600000000150099e2,,,,借楼求问中金行研面试时间可以联系HR调整吗？一般要面试时长是多久呢？,0,0,北京,0,1741099051000,2025-03-04T22:37:31,6385c451000000001f01c1ca,每天都想喝奶茶,借楼求问中金行研面试时间可以联系HR调整吗？一般要面试时长是多久呢？,0
680c225c000000001f00d6a7,665d410600000000150099e2,,,,项目组的实习有留用机会嘛,0,0,上海,0,1745625692000,2025-04-26T08:01:32,5f944c970000000001000d9e,哦啊啊,项目组的实习有留用机会嘛,0
67500c75000000000d000374,665d410600000000150099e2,,,,求问产品运营开发岗实习生一面如何准备[哭惹R],0,0,北京,0,1733299318000,2024-12-04T16:01:58,674078f10000000001000024,一个苹果,求问产品运营开发岗实习生一面如何准备[哭惹R],0
69a9632c000000000c01791d,665d410600000000150099e2,,,,uu想问下薪资如何，已经你一周线下到岗几天呀[皱眉R],0,0,辽宁,0,1772708652000,2026-03-05T19:04:12,5fb3a8200000000001001722,闲得长毛,uu想问下薪资如何，已经你一周线下到岗几天呀[皱眉R],0
67146ab30000000018030711,665d410600000000150099e2,,,,想问下二面刷人的概率大吗[哭惹R],0,0,北京,0,1729391283000,2024-10-20T10:28:03,62b08b88000000001902a042,🔜,想问下二面刷人的概率大吗[哭惹R],0
6786d13c000000001a03a9bc,665d410600000000150099e2,,,,请问实习生日常上班需要穿西装吗[郁金香R][郁金香R],0,0,北京,0,1736888637000,2025-01-15T05:03:57,5e21153d00000000010044c9,dopa啵啵鱼mine,请问实习生日常上班需要穿西装吗[郁金香R][郁金香R],0
672c41a700000000190019ca,665d410600000000150099e2,,,672c395f000000001a033dfc,一般是的,0,0,上海,0,1730953639000,2024-11-07T12:27:19,5c63b73e0000000010015dac,皮皮的皮卡丘,一般是的,0
66a0f14900000000260036af,665d410600000000150099e2,,,66a0ef15000000001b012483,我是一周,0,0,上海,0,1721823562000,2024-07-24T20:19:22,5c63b73e0000000010015dac,皮皮的皮卡丘,我是一周,0
68258c4f000000000a03522b,665d410600000000150099e2,,,,你好 请问一面结束什么时候通知二面呀？,0,0,上海,0,1747291215000,2025-05-15T14:40:15,5d04c5280000000010028c15,无限进步,你好 请问一面结束什么时候通知二面呀？,0
6734984c0000000002006d73,665d410600000000150099e2,,,,请问中金的投研服务岗是不是就和行研没有多大关系了呀？[哭惹R],0,0,北京,0,1731500108000,2024-11-13T20:15:08,60750aae000000000100a0dc,啊哟啊哟,请问中金的投研服务岗是不是就和行研没有多大关系了呀？[哭惹R],0
66ab39e00000000004018915,665d410600000000150099e2,,,,想知道背景,0,0,澳大利亚,0,1722497505000,2024-08-01T15:31:45,57e44ae682ec39141e0dd68a,杰登不饿,想知道背景,0
66cdaded000000000502de6e,665d410600000000150099e2,,,,想问一下如果在一面当天发现岗位被撤了是什么呀啊？（面试之前发现的）,0,0,北京,0,1724755437000,2024-08-27T18:43:57,60ec5da400000000010089ab,momo,想问一下如果在一面当天发现岗位被撤了是什么呀啊？（面试之前发现的）,0
69450b24000000001602717d,665d410600000000150099e2,,,,同学想问下中金的产品助理一般要做什么呀[哭惹R]面试问什么[哭惹R],0,0,广东,0,1766132517000,2025-12-19T16:21:57,68ff56a70000000037002450,😴,同学想问下中金的产品助理一般要做什么呀[哭惹R]面试问什么[哭惹R],0
676ab9a1000000000f031453,665d410600000000150099e2,,,,问一下要自己带电脑吗，8.30上班吗,0,0,广东,0,1735047586000,2024-12-24T21:39:46,5996d3d082ec39466a80ce53,Zoe真真（爱吃版）,问一下要自己带电脑吗，8.30上班吗,0
67c5b804000000001500076d,665d410600000000150099e2,,,,问个工资,0,0,广东,0,1741010949000,2025-03-03T22:09:09,6306e62c000000001200e0b8,潮汐自由来去,问个工资,0
696052f4000000001d00f902,665d410600000000150099e2,,,,请问下实习薪资/是否有午晚饭/上班时间/工作地点这些都会在入职邮件里说明嘛，还是要自己和hr协商,0,0,北京,0,1767920372000,2026-01-09T08:59:32,5b371cfbe8ac2b7c277dcee6,草莓蟹堡王,请问下实习薪资/是否有午晚饭/上班时间/工作地点这些都会在入职邮件里说明嘛，还是要自己和hr协商,0
67c9614a0000000015005824,665d410600000000150099e2,,,,想问二面结束后如果通过第二天就会有邮件通知吗，二面刷人率高不高[哭惹R],0,0,上海,0,1741250891000,2025-03-06T16:48:11,62c76ffb000000000303c6c8,亿丢丢,想问二面结束后如果通过第二天就会有邮件通知吗，二面刷人率高不高[哭惹R],0
6746b576000000001b02429b,665d410600000000150099e2,,,,实习工资怎么样啊,0,0,广东,0,1732687223000,2024-11-27T14:00:23,618bdd97000000002102b637,JianGuo.Liu,实习工资怎么样啊,0
6787cfab000000002103db2b,665d410600000000150099e2,,,,可以礼貌问一下实习薪资吗？谢谢,0,0,英国,0,1736953772000,2025-01-15T23:09:32,5bb4b8800c1a670001a1b950,🥨,可以礼貌问一下实习薪资吗？谢谢,0
690994b0000000003802d963,665d410600000000150099e2,,,,请问博主附近租房有推荐吗？,0,0,四川,0,1762235568000,2025-11-04T13:52:48,66b23348000000001d031031,吃草莓的小🐻,请问博主附近租房有推荐吗？,0
69d1fd4300000000010047b4,665d410600000000150099e2,,,,1,0,0,辽宁,-2,1775369539000,2026-04-05T14:12:19,5e5b81840000000001006e26,人才.,1,0
66ac63ed000000001500a830,665d410600000000150099e2,,,,你好请问申请的时候让填gpa，后面入职什么的会要提供成绩单嘛？,0,2,上海,-2,1722573805000,2024-08-02T12:43:25,5ce01b6000000000120203fa,好运来,你好请问申请的时候让填gpa，后面入职什么的会要提供成绩单嘛？,0
66acb6f200000000090022ef,665d410600000000150099e2,,,66ac63ed000000001500a830,我记得不需要[拔草R],1,0,甘肃,0,1722595058000,2024-08-02T18:37:38,5c63b73e0000000010015dac,皮皮的皮卡丘,我记得不需要[拔草R],0
67e8e866000000001f0031a7,67d42590000000001c009a24,,,,厦大怎么找行研实习呀[萌萌哒R],1,3,福建,0,1743317094000,2025-03-30T14:44:54,620cd10d00000000100069e6,Levi,厦大怎么找行研实习呀[萌萌哒R],0
67ed0ddf0000000012011cc0,67d42590000000001c009a24,,,,新财富组跟三中一华有什么区别,1,2,湖北,0,1743588832000,2025-04-02T18:13:52,5f13e6b70000000001004ea3,等命运垂爱,新财富组跟三中一华有什么区别,0
69b7ce35000000000103fe2b,67d42590000000001c009a24,,,,想问一下怎么识别假继任呀 那种主页好多招人信息的是真是假啊,0,2,北京,0,1773653558000,2026-03-16T17:32:38,5e5c7ce400000000010065b6,nullthin,想问一下怎么识别假继任呀 那种主页好多招人信息的是真是假啊,0
68e10714000000003802a52b,67d42590000000001c009a24,,,,同学，你什么专业,1,3,辽宁,0,1759577876000,2025-10-04T19:37:56,64bcdbbd000000001403b518,晔,同学，你什么专业,0
69da0232000000003500c4ae,67d42590000000001c009a24,,,,线下要满三个月才能开实习证明 我只做俩个月走人可以吗[哭惹R],0,1,广东,0,1775895091000,2026-04-11T16:11:31,60f6e9b500000000010058df,五分甜烟雨乌龙,线下要满三个月才能开实习证明 我只做俩个月走人可以吗[哭惹R],0
69dc7bfa0000000002035d65,67d42590000000001c009a24,,,,请问线上行研一般一天工作多久，线下实习一般还能兼顾线上行研吗,0,1,山东,0,1776057339000,2026-04-13T13:15:39,6386a26c000000001f01f9f9,momo,请问线上行研一般一天工作多久，线下实习一般还能兼顾线上行研吗,0
67d43e6e0000000015014576,67d42590000000001c009a24,,,,虽然简单但是投了三家并没有谁回我[捂脸R],0,1,四川,0,1741962862000,2025-03-14T22:34:22,5e0d4fdd0000000001002967,消逝世界漫游指南,虽然简单但是投了三家并没有谁回我[捂脸R],0
6852d173000000001e034886,67d42590000000001c009a24,,,,目前我可选线上、线下，请问有必要线下吗？,0,1,浙江,0,1750258036000,2025-06-18T22:47:16,64e691ff000000000100db50,别吃我青草蛋糕🍰,目前我可选线上、线下，请问有必要线下吗？,0
6870700d000000001e01d318,67d42590000000001c009a24,,,,老师我一直想了解，行研或者金融是怎么转互联网？转去做什么岗位呀？,0,1,天津,0,1752199182000,2025-07-11T09:59:42,59e4dff011be1067f4d0b2e2,白熊章鱼,老师我一直想了解，行研或者金融是怎么转互联网？转去做什么岗位呀？,0
69a1226e0000000004002e30,67d42590000000001c009a24,,,,线上行研强度大吗,0,1,广东,0,1772167791000,2026-02-27T12:49:51,5c5979eb0000000010016aff,Daisy,线上行研强度大吗,0
67e8f7a6000000001f007039,67d42590000000001c009a24,,,67e8e866000000001f0031a7,学院实习群不是一堆继任帖子吗[暗中观察R][暗中观察R],0,0,福建,0,1743320999000,2025-03-30T15:49:59,618883350000000010009108,爱上达美乐（实习版）,学院实习群不是一堆继任帖子吗[暗中观察R][暗中观察R],0
67f49cce0000000012022302,67d42590000000001c009a24,,,67ed0ddf0000000012011cc0,三中一华有很多组，但不是每个组都是xcf,4,0,福建,0,1744084174000,2025-04-08T11:49:34,618883350000000010009108,爱上达美乐（实习版）,三中一华有很多组，但不是每个组都是xcf,0
69b7d40d0000000011019ccc,67d42590000000001c009a24,,,69b7ce35000000000103fe2b,让你➕联系方式的一般都是骗子[暗中观察R],0,0,上海,0,1773655054000,2026-03-16T17:57:34,618883350000000010009108,爱上达美乐（实习版）,让你➕联系方式的一般都是骗子[暗中观察R],0
68e1073000000000380260a8,67d42590000000001c009a24,,,68e10714000000003802a52b,文科[暗中观察R],0,0,福建,0,1759577904000,2025-10-04T19:38:24,618883350000000010009108,爱上达美乐（实习版）,文科[暗中观察R],0
69da1c3c000000003501461a,67d42590000000001c009a24,,,69da0232000000003500c4ae,可以啊 直接走,0,0,上海,0,1775901756000,2026-04-11T18:02:36,618883350000000010009108,爱上达美乐（实习版）,可以啊 直接走,0
69dc7d39000000003500b486,67d42590000000001c009a24,,,69dc7bfa0000000002035d65,问问+1 不同组工作量不一样的,0,0,上海,0,1776057657000,2026-04-13T13:20:57,618883350000000010009108,爱上达美乐（实习版）,问问+1 不同组工作量不一样的,0
67d43fc0000000001703bfd5,67d42590000000001c009a24,,,67d43e6e0000000015014576,多投几家呀，三家太少了😯,6,0,福建,0,1741963200000,2025-03-14T22:40:00,618883350000000010009108,爱上达美乐（实习版）,多投几家呀，三家太少了😯,0
6852d41e000000000c016c23,67d42590000000001c009a24,,,6852d173000000001e034886,预算够的话可以试试线下，体验感不一样的,0,0,福建,0,1750258718000,2025-06-18T22:58:38,618883350000000010009108,爱上达美乐（实习版）,预算够的话可以试试线下，体验感不一样的,0
687071640000000004019399,67d42590000000001c009a24,,,6870700d000000001e01d318,改简历，改成你想去的方向，运营/产品/战略/算法/市场等等都可以，然后海投就行了[暗中观察R],0,0,上海,0,1752199525000,2025-07-11T10:05:25,618883350000000010009108,爱上达美乐（实习版）,改简历，改成你想去的方向，运营/产品/战略/算法/市场等等都可以，然后海投就行了[暗中观察R],0
69a12635000000001803bcf6,67d42590000000001c009a24,,,69a1226e0000000004002e30,看组,0,0,北京,0,1772168757000,2026-02-27T13:05:57,618883350000000010009108,爱上达美乐（实习版）,看组,0
690ef5ca0000000038015cdb,67d42590000000001c009a24,,,,您好，央企的用户研究怎么样（其实我感觉工作内容有点偏行研）,0,0,河北,0,1762588106000,2025-11-08T15:48:26,675bc2ef000000001d02dd90,嗯。。。,您好，央企的用户研究怎么样（其实我感觉工作内容有点偏行研）,0
68076c6c000000001f00f42b,67d42590000000001c009a24,,,,请问没有证明的线上行研就业时有用嘛,0,0,山东,0,1745316972000,2025-04-22T18:16:12,606b1c3d000000000100882d,The other me,请问没有证明的线上行研就业时有用嘛,0
6929b4040000000016027bbf,67d42590000000001c009a24,,,,您好为什么新财富组首选呀,0,0,重庆,0,1764340741000,2025-11-28T22:39:01,5b822f97d72b630001872f7b,斑呼,您好为什么新财富组首选呀,0
67fce89b000000001e0168fc,67d42590000000001c009a24,,,,广发策略实习值得去吗[哭惹R],0,0,中国香港,0,1744627867000,2025-04-14T18:51:07,678f2c4d000000000d00b09f,info,广发策略实习值得去吗[哭惹R],0
69cfbf4500000000150037fc,69cfb426000000002103ba88,,,,你们一定要被公司pua的话我也没的说的[笑哭R]，我不接受哈，就是不合理,38,1,重庆,4,1775222597000,2026-04-03T21:23:17,62a15a80000000001b003bea,何问归期,你们一定要被公司pua的话我也没的说的[笑哭R]，我不接受哈，就是不合理,0
69cfb83a000000001500a061,69cfb426000000002103ba88,,,,可是面试官也没有权利决定啊 都是公司统一安排 而且就我秋招春招经验来看 99%的都不报销 我不是替他们说话 只是现实如此,65,6,北京,0,1775220794000,2026-04-03T20:53:14,58dfa85ea9b2ed4e60ac1748,momo,可是面试官也没有权利决定啊 都是公司统一安排 而且就我秋招春招经验来看 99%的都不报销 我不是替他们说话 只是现实如此,0
69cff24a0000000015001d96,69cfb426000000002103ba88,,,,我也是一面感觉非常好，聊了五十分钟，面试官是一个部门总，人特别有耐心，但是二面就特别敷衍，面试官是个分管副总，我自我介绍的时候她居然在玩手机，最后就面了十分钟，感觉根本不是诚心招人，而且这个职位挂了招聘软件好几个月，感觉就是人力纯刷kpi,8,3,湖北,0,1775235659000,2026-04-04T01:00:59,6223475c000000001000e4b2,Ruituo,我也是一面感觉非常好，聊了五十分钟，面试官是一个部门总，人特别有耐心，但是二面就特别敷衍，面试官是个分管副总，我自我介绍的时候她居然在玩手机，最后就面了十分钟，感觉根本不是诚心招人，而且这个职位挂了招聘软件好几个月，感觉就是人力纯刷kpi,0
69cfb854000000000c0336e5,69cfb426000000002103ba88,,,,它没提前说报销机酒，有给报销机酒的，你去那些公司就行。还问HR为啥不录你。不都安慰一下你，就是没匹配上/他们没看上你。,22,4,上海,0,1775220821000,2026-04-03T20:53:41,65f7f3b6000000000d027700,七海大🦈,它没提前说报销机酒，有给报销机酒的，你去那些公司就行。还问HR为啥不录你。不都安慰一下你，就是没匹配上/他们没看上你。,0
69cfcdc5000000000f018e01,69cfb426000000002103ba88,,,,我秋招末期投了分析师然后线下面试手搓笔试，最后给我的答复如下，最好笑的是春招投了还让我去面，我是不会惯这毛病的，这公司我感觉不如去四大[吧唧R],2,5,上海,0,1775226310000,2026-04-03T22:25:10,606f387b0000000001002956,El magnífico,我秋招末期投了分析师然后线下面试手搓笔试，最后给我的答复如下，最好笑的是春招投了还让我去面，我是不会惯这毛病的，这公司我感觉不如去四大[吧唧R],0
69cfd2bc000000001d00a701,69cfb426000000002103ba88,,,,和我之前同一个hr[捂脸R][捂脸R][捂脸R]后来问了内部工作的朋友，只有武汉还招人，北京上海都没有hc了,3,6,上海,0,1775227581000,2026-04-03T22:46:21,5d5c267d0000000001018ffb,momo,和我之前同一个hr[捂脸R][捂脸R][捂脸R]后来问了内部工作的朋友，只有武汉还招人，北京上海都没有hc了,0
69cfbd88000000000d03da60,69cfb426000000002103ba88,,,,飞上海机票500 住宿200 飞回重庆答辩机票500 ，把我当250耍,1,1,重庆,0,1775222153000,2026-04-03T21:15:53,62a15a80000000001b003bea,何问归期,飞上海机票500 住宿200 飞回重庆答辩机票500 ，把我当250耍,0
69cfc095000000000f019a6d,69cfb426000000002103ba88,,,,抱抱你 找工作是很辛苦有很多烦心事 下次答应线下面试起飞前提前问一下能不能报销差旅费吧 除了国有企业很多公司都是不给报销的 如果你之前问过能不能线上或在重庆面试的话 还让你去上海这个hr的确有问题,2,2,江苏,0,1775222934000,2026-04-03T21:28:54,5f34903a000000000101e52e,奶油粥,抱抱你 找工作是很辛苦有很多烦心事 下次答应线下面试起飞前提前问一下能不能报销差旅费吧 除了国有企业很多公司都是不给报销的 如果你之前问过能不能线上或在重庆面试的话 还让你去上海这个hr的确有问题,0
69d0a52a0000000015016d6e,69cfb426000000002103ba88,,,,你应该面之前问清楚能不能报销，或者能否线上，以及和hr说下你的情况，而不是面完没拿到offer再让报销。求职季有很多人就是为了方便面试在上海北京的,12,0,上海,0,1775281451000,2026-04-04T13:44:11,685d58c5000000001b0209fd,luckymomo,你应该面之前问清楚能不能报销，或者能否线上，以及和hr说下你的情况，而不是面完没拿到offer再让报销。求职季有很多人就是为了方便面试在上海北京的,0
69df8c2b000000000d03f173,69cfb426000000002103ba88,,,,看完了你的文字，发现没有任何不合理的点，没有任何槽点，也没有任何可以避雷的东西，一切都非常合理和正常，除了主包自己,16,1,新疆,0,1776258092000,2026-04-15T21:01:32,650a5a67000000001603b16f,LE,看完了你的文字，发现没有任何不合理的点，没有任何槽点，也没有任何可以避雷的东西，一切都非常合理和正常，除了主包自己,0
69d37cca000000003102ea1c,69cfb426000000002103ba88,,,69cfbf4500000000150037fc,什么傻子,2,0,浙江,-2,1775467723000,2026-04-06T17:28:43,664f52090000000007007786,Dayu Li,什么傻子,0
69cfbae50000000015004a93,69cfb426000000002103ba88,,,69cfb83a000000001500a061,也不说报销吧[捂脸R]它别浪费我钱啊[捂脸R]明明可以不让我去上海的，他们面试官当时就在重庆啊,5,0,重庆,0,1775221477000,2026-04-03T21:04:37,62a15a80000000001b003bea,何问归期,也不说报销吧[捂脸R]它别浪费我钱啊[捂脸R]明明可以不让我去上海的，他们面试官当时就在重庆啊,0
69d0401e000000000103dd95,69cfb426000000002103ba88,,,69cff24a0000000015001d96,我的2面3面，对面都不开摄像头[doge],3,0,山西,0,1775255582000,2026-04-04T06:33:02,63bf72d00000000026011286,Perform,我的2面3面，对面都不开摄像头[doge],0
69cfbab900000000150029a2,69cfb426000000002103ba88,,,69cfb854000000000c0336e5,不是啊[捂脸R]它完全可以不让我去的，明明是内部工作的问题,1,0,重庆,0,1775221433000,2026-04-03T21:03:53,62a15a80000000001b003bea,何问归期,不是啊[捂脸R]它完全可以不让我去的，明明是内部工作的问题,0
69cffccc0000000001007327,69cfb426000000002103ba88,,,69cfcdc5000000000f018e01,比四大审计性价比还是要高一点的，钱多一点，也没有审计那么累[doge],6,0,上海,0,1775238349000,2026-04-04T01:45:49,5f49f3c10000000001008845,YD.C,比四大审计性价比还是要高一点的，钱多一点，也没有审计那么累[doge],0
69cfd4550000000014009931,69cfb426000000002103ba88,,,69cfd2bc000000001d00a701,……[捂脸R]哈哈，那我这么刷KPI啊,1,0,重庆,0,1775227989000,2026-04-03T22:53:09,62a15a80000000001b003bea,何问归期,……[捂脸R]哈哈，那我这么刷KPI啊,0
69cfeb4f0000000009006b3c,69cfb426000000002103ba88,,,69cfbd88000000000d03da60,很多年前面招行也是专程飞过去[笑哭R][doge],0,0,上海,0,1775233872000,2026-04-04T00:31:12,5e416e7d0000000001001265,福尔momo斯,很多年前面招行也是专程飞过去[笑哭R][doge],0
69cfc16d000000000d03c5ed,69cfb426000000002103ba88,,,69cfc095000000000f019a6d,还是我太没经验了[捂脸R]当时真觉得没啥，能就业的话就当投资了呗，谁承想对面根本没好好对齐信息,0,0,重庆,0,1775223150000,2026-04-03T21:32:30,62a15a80000000001b003bea,何问归期,还是我太没经验了[捂脸R]当时真觉得没啥，能就业的话就当投资了呗，谁承想对面根本没好好对齐信息,0
69df8fca0000000015007933,69cfb426000000002103ba88,,,69df8c2b000000000d03f173,管呢[笑哭R]愿意被压榨你去呗,2,0,江苏,-2,1776259018000,2026-04-15T21:16:58,62a15a80000000001b003bea,何问归期,管呢[笑哭R]愿意被压榨你去呗,0
69cfd02a0000000003010fae,69cfb426000000002103ba88,,,,人家事前又没承诺给你报销，不理解！人得为自己的行为买单,41,1,安徽,0,1775226922000,2026-04-03T22:35:22,645a64ca000000000f006abf,无梦不作,人家事前又没承诺给你报销，不理解！人得为自己的行为买单,0
69cfcb48000000001101a34d,69cfb426000000002103ba88,,,,一年前，一模一样的拒信哈哈哈,0,1,上海,0,1775225673000,2026-04-03T22:14:33,5a83aa50b1da146656a963c5,我也不知道叫什么名字好,一年前，一模一样的拒信哈哈哈,0
69cfde320000000015001cf6,69cfb426000000002103ba88,,,,之前碰到吉比特校招报销机酒[哇R],0,1,上海,0,1775230514000,2026-04-03T23:35:14,600760fe000000000101c177,流心Vill💗,之前碰到吉比特校招报销机酒[哇R],0
69d056f9000000000d03cdfc,69cfb426000000002103ba88,,,,评级现在真的没什么干头 没去可能也是福报[拥抱R],2,0,日本,0,1775261433000,2026-04-04T08:10:33,5b13cab74eacab4e3a626309,😚🐯,评级现在真的没什么干头 没去可能也是福报[拥抱R],0
69d045080000000014031fb0,69cfb426000000002103ba88,,,,情绪化？,3,0,河南,0,1775256841000,2026-04-04T06:54:01,5f67182e00000000010071d4,长安,情绪化？,0
69cfd1540000000015000b2d,69cfb426000000002103ba88,,,,小公司都这样[doge],3,0,上海,0,1775227221000,2026-04-03T22:40:21,5ca5b5e900000000160286b9,先随便起一个,小公司都这样[doge],0
69d06449000000000d034dec,69cfb426000000002103ba88,,,,找工作是有不小成本的，前往异地面试、租房等。很多没有积蓄的应届生，还没领到第一笔工资，就会先欠下一笔债。报销的话得看对方的制度，对方有没有提前和您承诺，能不能报机票之类的，并且您需要提交相应发票/行程单，财务走流程，正规的话肯定不是hr微信转给您。异地面试也很常见，习惯就好，比如假如我司的重庆分公司招人，也有可能让重庆当地的学生去北京总部面试而不是就近在重庆分公司，学生的便利性不是优先考虑的。,6,0,广东,0,1775264842000,2026-04-04T09:07:22,5b1e0e67f7e8b917b44f8a02,東木🐳,找工作是有不小成本的，前往异地面试、租房等。很多没有积蓄的应届生，还没领到第一笔工资，就会先欠下一笔债。报销的话得看对方的制度，对方有没有提前和您承诺，能不能报机票之类的，并且您需要提交相应发票/行程单，财务走流程，正规的话肯定不是hr微信转给您。异地面试也很常见，习惯就好，比如假如我司的重庆分公司招人，也有可能让重庆当地的学生去北京总部面试而不是就近在重庆分公司，学生的便利性不是优先考虑的。,0
69cfe13f00000000150046c1,69cfb426000000002103ba88,,,,评级公司现在本身也挺拉的，融资平台数量收窄以后其实理论上压根不需要它，只是个流程合规性角色,1,0,湖北,0,1775231295000,2026-04-03T23:48:15,600eeb30000000000101e77f,Whirling_In_Rags,评级公司现在本身也挺拉的，融资平台数量收窄以后其实理论上压根不需要它，只是个流程合规性角色,0
69d087c20000000002028bd8,69cfb426000000002103ba88,,,,信评拉完了，还不如去四大。四大起码还有成长性,2,0,湖北,0,1775273922000,2026-04-04T11:38:42,5e67af7f0000000001001bfa,Xavier,信评拉完了，还不如去四大。四大起码还有成长性,0
69f711ab00000000270224c1,69cfb426000000002103ba88,,,,海南，三天，面试10分钟，3k没了 [失望R]沉没成本吧 没办法,0,0,北京,0,1777799595000,2026-05-03T17:13:15,5f96bbb00000000001004162,Kili,海南，三天，面试10分钟，3k没了 [失望R]沉没成本吧 没办法,0
69cfd0610000000015004bc0,69cfb426000000002103ba88,,,69cfd02a0000000003010fae,随便你怎么想，事没落到你头上你当然不觉得了[笑哭R],6,0,重庆,-2,1775226977000,2026-04-03T22:36:17,62a15a80000000001b003bea,何问归期,随便你怎么想，事没落到你头上你当然不觉得了[笑哭R],0
69cfce870000000014008044,69cfb426000000002103ba88,,,69cfcb48000000001101a34d,……[石化R]真是哇塞了,0,0,重庆,0,1775226503000,2026-04-03T22:28:23,62a15a80000000001b003bea,何问归期,……[石化R]真是哇塞了,0
69cfde6a000000001400bf1e,69cfb426000000002103ba88,,,69cfde320000000015001cf6,这小子还没过我简历[完啦R]我可想去了,0,0,重庆,0,1775230570000,2026-04-03T23:36:10,62a15a80000000001b003bea,何问归期,这小子还没过我简历[完啦R]我可想去了,0
69dfa4c5000000003502d3db,69cfb426000000002103ba88,,,,其实他们事前没说能报销的话，你就没必要去了，如果你特别想去这家公司，那就真的只能自掏腰包自担风险了,0,0,上海,0,1776264390000,2026-04-15T22:46:30,66f28460000000001d033fea,momo,其实他们事前没说能报销的话，你就没必要去了，如果你特别想去这家公司，那就真的只能自掏腰包自担风险了,0
69d93ce60000000001006f64,69cfb426000000002103ba88,,,,虽然评级也不是啥好单位，但是不报销也很多，毕竟前面没说好，这种都是双向选择,0,0,上海,0,1775844583000,2026-04-11T02:09:43,5f9ee68800000000010084c2,小红薯5FA004AC,虽然评级也不是啥好单位，但是不报销也很多，毕竟前面没说好，这种都是双向选择,0
69d064e7000000001803a93e,69cfb426000000002103ba88,,,,你逃过一劫 那个黄老师一言难尽 恭喜恭喜,1,0,上海,0,1775264999000,2026-04-04T09:09:59,69bcf776000000003202a41c,三低人士,你逃过一劫 那个黄老师一言难尽 恭喜恭喜,0
69de14060000000015000c71,69cfb426000000002103ba88,,,,发现这个hr在我的wx列表里…几年前面试过，然后说让等消息就杳无音讯了[笑哭R],0,0,澳大利亚,0,1776161798000,2026-04-14T18:16:38,5aa90a51e8ac2b1529aab425,WishUwereHair,发现这个hr在我的wx列表里…几年前面试过，然后说让等消息就杳无音讯了[笑哭R],0
69d0a1ef000000000100513b,69cfb426000000002103ba88,,,,这破工作不去也罢，天天加班,0,0,山东,0,1775280624000,2026-04-04T13:30:24,6533873200000000020131d8,小红薯6533FD59,这破工作不去也罢，天天加班,0
69cff318000000001d009da9,69cfb426000000002103ba88,,,,我当时还因为收不到这家公司面试郁郁寡欢,0,0,上海,0,1775235865000,2026-04-04T01:04:25,5f1db96b000000000100a127,kiseki,我当时还因为收不到这家公司面试郁郁寡欢,0
69d313c6000000001400a0e2,69cfb426000000002103ba88,,,,他们重庆有办公啊,0,0,北京,0,1775440839000,2026-04-06T10:00:39,5501669da46e9609fbde4697,肆拾伍,他们重庆有办公啊,0
69d08a94000000000202a138,69cfb426000000002103ba88,,,,现在做债赚不了什么钱，身边基本没同学去评级公司。,0,0,上海,0,1775274645000,2026-04-04T11:50:45,626960440000000021025bbb,爱数学的王老师,现在做债赚不了什么钱，身边基本没同学去评级公司。,0
69d0b257000000000203617d,69cfb426000000002103ba88,,,,别管了吧这也不是啥好单位,0,0,辽宁,0,1775284824000,2026-04-04T14:40:24,606985e5000000000101c545,绘空事,别管了吧这也不是啥好单位,0
69d0a261000000000c0332c3,69cfb426000000002103ba88,,,,在经济上行期是可以报机票的[笑哭R][笑哭R][笑哭R],0,0,上海,0,1775280738000,2026-04-04T13:32:18,5c9f47220000000012033275,香米大肉粽,在经济上行期是可以报机票的[笑哭R][笑哭R][笑哭R],0
69d0902e000000000f00d28c,69cfb426000000002103ba88,,,,上个月我去面试跟我说通过了二面让我等终面，结果就再也没有给我消息，这家信誉就这样，没想到现在还在招人，到底想怎样,0,0,山东,0,1775276079000,2026-04-04T12:14:39,5f08057c00000000010047de,人间理想章鱼哥,上个月我去面试跟我说通过了二面让我等终面，结果就再也没有给我消息，这家信誉就这样，没想到现在还在招人，到底想怎样,0
69d0b282000000000c031b09,69cfb426000000002103ba88,,,,我也有面试 和别的撞了 直接拒 又不是啥很香的岗位[doge],0,0,辽宁,0,1775284866000,2026-04-04T14:41:06,606985e5000000000101c545,绘空事,我也有面试 和别的撞了 直接拒 又不是啥很香的岗位[doge],0
69fbff6b00000000270229dd,69cfb426000000002103ba88,,,,但这都很正常啊，现在报销机酒都才是少数吧[笑哭R],0,0,湖北,0,1778122604000,2026-05-07T10:56:44,67878d280000000008018021,羊羊,但这都很正常啊，现在报销机酒都才是少数吧[笑哭R],0
69d008f1000000000103dd6f,69cfb426000000002103ba88,,,,可以问一下什么时候面试的吗,0,0,江苏,0,1775241457000,2026-04-04T02:37:37,6555b5150000000002029238,Glory,可以问一下什么时候面试的吗,0
69cffabd000000000202861e,69cfb426000000002103ba88,,,,拿了这家offer，说实话，我个人感觉面试体感还不错。可能因为我本身base地就在上海吧。第一点我觉得来面试之前肯定要问问清楚是否能报销机酒路费，如果不能的话，肯定要好好考虑一下到底要不要去。第一点这个真的怪不了公司吧。,26,4,上海,-2,1775237821000,2026-04-04T01:37:01,5f49f3c10000000001008845,YD.C,拿了这家offer，说实话，我个人感觉面试体感还不错。可能因为我本身base地就在上海吧。第一点我觉得来面试之前肯定要问问清楚是否能报销机酒路费，如果不能的话，肯定要好好考虑一下到底要不要去。第一点这个真的怪不了公司吧。,0
69cfe1dd000000000103ee14,69cfb426000000002103ba88,,,,你的意思是，只要面了就必须给offer？,19,0,四川,-2,1775231453000,2026-04-03T23:50:53,609fab10000000000100bff4,吴京倒模,你的意思是，只要面了就必须给offer？,0
69d068430000000001005300,69cfb426000000002103ba88,,,,原来真的有人面试前是抱着，只要我去面试了，不通过就是pua我要挂出来的心理🤣🤡这么在意报销，面试前不问，一定是忘了吧[哇R][斜眼R],15,0,四川,-2,1775265859000,2026-04-04T09:24:19,609fab10000000000100bff4,吴京倒模,原来真的有人面试前是抱着，只要我去面试了，不通过就是pua我要挂出来的心理🤣🤡这么在意报销，面试前不问，一定是忘了吧[哇R][斜眼R],0
69cfbcb40000000014008af8,69cfb426000000002103ba88,,,,说我学历太低的你自己删评哈[捂脸R]，我虽然不高但起码也是985本，专业确实烂，本科含金量也一般都是实话，我没的说，但是初筛一面都过了说明不是这个原因哈[捂脸R],3,1,重庆,-2,1775221940000,2026-04-03T21:12:20,62a15a80000000001b003bea,何问归期,说我学历太低的你自己删评哈[捂脸R]，我虽然不高但起码也是985本，专业确实烂，本科含金量也一般都是实话，我没的说，但是初筛一面都过了说明不是这个原因哈[捂脸R],0
69d05e380000000015009c46,69cfb426000000002103ba88,,,,但如果提前知道不报销你真的不会去面试吗？还不是为了撞一些可能性。现在落选了开始抱怨了[汗颜R]塞翁失马焉知非福，找工作就是不断失败才有机会的啊,8,0,江苏,-2,1775263289000,2026-04-04T08:41:29,5aae843a11be102523e95efd,momo,但如果提前知道不报销你真的不会去面试吗？还不是为了撞一些可能性。现在落选了开始抱怨了[汗颜R]塞翁失马焉知非福，找工作就是不断失败才有机会的啊,0
69d05b47000000000d036bbe,69cfb426000000002103ba88,,,,避雷你,7,0,上海,-2,1775262536000,2026-04-04T08:28:56,5fcba3bd00000000010057e0,小红薯173325RSB,避雷你,0
69d0650c0000000009007920,69cfb426000000002103ba88,,,69d001f3000000000203460e,差不多得了,0,0,上海,0,1775265036000,2026-04-04T09:10:36,69bcf776000000003202a41c,三低人士,差不多得了,0
69d08c380000000001006ca3,69cfb426000000002103ba88,,,69cfbcb40000000014008af8,要不读个研把，985本读个研，能找的工作比评论区安大那哥们强多了。,2,0,上海,0,1775275064000,2026-04-04T11:57:44,626960440000000021025bbb,爱数学的王老师,要不读个研把，985本读个研，能找的工作比评论区安大那哥们强多了。,0
69d060850000000015011125,69cfb426000000002103ba88,,,,有什么的，我校招的时候中债登倒是报销往返，但是即使它不报销，就不去了？很多时候流程和形式这里虽然没用，但也得遵守，你服从它，不一定成功，不服从它，一定失败。想打破它，你先当老总吧。,6,2,黑龙江,-2,1775263877000,2026-04-04T08:51:17,59abeacddb2e60619ebc6581,泠夜,有什么的，我校招的时候中债登倒是报销往返，但是即使它不报销，就不去了？很多时候流程和形式这里虽然没用，但也得遵守，你服从它，不一定成功，不服从它，一定失败。想打破它，你先当老总吧。,0
69d02530000000001500b998,69cfb426000000002103ba88,,,,250,6,0,浙江,-2,1775248689000,2026-04-04T04:38:09,6786295b000000000803c284,carpe diem,250,0
69d9f0aa000000003500f698,69cfb426000000002103ba88,,,,你挺逗的，一看就是事多的那种[doge],3,0,北京,-2,1775890603000,2026-04-11T14:56:43,630eab32000000000f0062f1,小红薯630F7BA4,你挺逗的，一看就是事多的那种[doge],0
69f44dde000000002702a7b2,69cfb426000000002103ba88,,,,自己问清楚啊，又不是逼着你飞去的,0,0,云南,-2,1777618399000,2026-05-01T14:53:19,6106c2350000000001015521,vvv,自己问清楚啊，又不是逼着你飞去的,0
69e0e12c000000001401c812,69cfb426000000002103ba88,,,,？,0,0,陕西,-2,1776345388000,2026-04-16T21:16:28,5f80aaf90000000001009ae5,十二,？,0
69def8dd000000000103c191,69cfb426000000002103ba88,,,,感觉你在道德绑架hr，今天我也接到了这个岗位base武汉的面试电话，但是我人在广州，需要今明两天线下面试，考虑成本的情况下我果断拒绝了。不是说你远道而来就必须有offer的，之前面试也遇到过很多国外飞回来的，具体不通过原因可能是业务那边卡你,1,1,广东,-2,1776220381000,2026-04-15T10:33:01,5f223ce10000000001007997,蜡笔小新之欧皇版,感觉你在道德绑架hr，今天我也接到了这个岗位base武汉的面试电话，但是我人在广州，需要今明两天线下面试，考虑成本的情况下我果断拒绝了。不是说你远道而来就必须有offer的，之前面试也遇到过很多国外飞回来的，具体不通过原因可能是业务那边卡你,0
69cfc754000000001101ba9c,69cfb426000000002103ba88,,,,哈哈哈哈哈哈哈,1,2,上海,-2,1775224661000,2026-04-03T21:57:41,5e2a95fb00000000010050ec,衷心過好這一生🦄,哈哈哈哈哈哈哈,0
69f741c5000000002b028702,69cfb426000000002103ba88,,,69d060850000000015011125,去年债登没有报销哈哈哈[笑哭R],0,0,江西,0,1777811909000,2026-05-03T20:38:29,66cdcf6d000000000b033bf8,momo,去年债登没有报销哈哈哈[笑哭R],0
69def96b00000000020379be,69cfb426000000002103ba88,,,69def8dd000000000103c191,而且面试地点的安排一般是结合大部分应聘者的情况统一安排的，你也说了面试官不知道你在重庆，所以让你去交通对于大部分求职者比较便利的上海面试。如果是你提前告知面试官对方仍旧让你去上海面试的话这个公司不去也罢,0,0,广东,-2,1776220523000,2026-04-15T10:35:23,5f223ce10000000001007997,蜡笔小新之欧皇版,而且面试地点的安排一般是结合大部分应聘者的情况统一安排的，你也说了面试官不知道你在重庆，所以让你去交通对于大部分求职者比较便利的上海面试。如果是你提前告知面试官对方仍旧让你去上海面试的话这个公司不去也罢,0
69d09a36000000000d03d50a,69cfb426000000002103ba88,,,69cfc754000000001101ba9c,我已经入职了[捂脸R],0,0,上海,0,1775278646000,2026-04-04T12:57:26,603a5e51000000000101dfac,新用户,我已经入职了[捂脸R],0
69ca0a9c000000000f00d893,69c90605000000001f006e29,,,,可以，别听登言，绝大部分岗位谈不上什么热爱,79,9,上海,0,1774848669000,2026-03-30T13:31:09,6631f4a3000000000b0338dd,髂腰肌,可以，别听登言，绝大部分岗位谈不上什么热爱,0
69cb342a000000000f01c6ca,69c90605000000001f006e29,,,,我觉得真不能[笑哭R] 研究是需要热爱的 因为你必须有很强的自驱力 这个的基础就是你对这东西感兴趣…… 认清这点之后我秋招一个研究岗位都没投,27,8,北京,0,1774924843000,2026-03-31T10:40:43,5d236991000000001001d7ce,香芋蘸糖,我觉得真不能[笑哭R] 研究是需要热爱的 因为你必须有很强的自驱力 这个的基础就是你对这东西感兴趣…… 认清这点之后我秋招一个研究岗位都没投,0
69cb3d9000000000150045e3,69c90605000000001f006e29,,,,你爱钱吗,11,6,上海,0,1774927249000,2026-03-31T11:20:49,5c596fc5000000001a0223d1,Carrie also think,你爱钱吗,0
69cedfa0000000000d01187b,69c90605000000001f006e29,,,,不用想太多 做不下去再换 先赚钱要紧,5,2,英国,0,1775165345000,2026-04-03T05:29:05,5f7facfa00000000010097ca,Vic,不用想太多 做不下去再换 先赚钱要紧,0
69cc6aa300000000160164b0,69c90605000000001f006e29,,,,[微笑R]上三年班再喜欢的东西都眼见着烦了,8,1,北京,0,1775004323000,2026-04-01T08:45:23,5d7baaf1000000000101bfa8,小红手,[微笑R]上三年班再喜欢的东西都眼见着烦了,0
69cc9723000000000f029c18,69c90605000000001f006e29,,,,干过的都说不能,1,1,上海,0,1775015715000,2026-04-01T11:55:15,5944faa382ec39501bd76f9f,兔兔兔,干过的都说不能,0
69cb9554000000000d03704d,69c90605000000001f006e29,,,,或者你喜欢赚钱也可以,3,1,广东,0,1774949716000,2026-03-31T17:35:16,62e61fc4000000001f006842,小红薯62E705C1,或者你喜欢赚钱也可以,0
69cb481700000000150086e1,69c90605000000001f006e29,,,,不行 必须有热爱 因为我就是没有热爱还在这个行业 真的特别特别痛苦,18,0,上海,0,1774929944000,2026-03-31T12:05:44,5ab2001be8ac2b560ddc2176,momo,不行 必须有热爱 因为我就是没有热爱还在这个行业 真的特别特别痛苦,0
69cb155700000000020343aa,69c90605000000001f006e29,,,,想有所成就是要热爱的，如果只是当份工作只要不讨厌就可以,1,0,广东,0,1774916952000,2026-03-31T08:29:12,60e42d6a000000000100af6b,WoW,想有所成就是要热爱的，如果只是当份工作只要不讨厌就可以,0
69c93d150000000019000b9f,69c90605000000001f006e29,,,,不建议,4,0,上海,0,1774796054000,2026-03-29T22:54:14,657c1666000000003d03693f,悟道休言天命,不建议,0
69ca7861000000000d03f5fa,69c90605000000001f006e29,,,69ca0a9c000000000f00d893,过来人告诉你，不能，这个岗位就是少数的必须需要热爱来驱动的,133,0,广东,0,1774876770000,2026-03-30T21:19:30,55256a6bb203d94f181ff94f,一条咸鱼,过来人告诉你，不能，这个岗位就是少数的必须需要热爱来驱动的,0
69cb346c000000000900666c,69c90605000000001f006e29,,,69cb342a000000000f01c6ca,能刷到是有原因的，我之前也做了很多二级买固收的实习。。每一次写报告真的写的我想④。。,2,0,北京,0,1774924908000,2026-03-31T10:41:48,5d236991000000001001d7ce,香芋蘸糖,能刷到是有原因的，我之前也做了很多二级买固收的实习。。每一次写报告真的写的我想④。。,0
69cbefb0000000001803ad19,69c90605000000001f006e29,,,69cb3d9000000000150045e3,现在让我心动的点也是钱哈哈,3,0,北京,0,1774972849000,2026-04-01T00:00:49,67e0b97f00000000180271e3,momo,现在让我心动的点也是钱哈哈,0
69cf68210000000018039e7d,69c90605000000001f006e29,,,69cedfa0000000000d01187b,退出路径明确吗 有点担心做半天发现自己没天赋 没实力 [呃R],0,0,北京,0,1775200289000,2026-04-03T15:11:29,67e0b97f00000000180271e3,momo,退出路径明确吗 有点担心做半天发现自己没天赋 没实力 [呃R],0
69cca585000000000f02a86f,69c90605000000001f006e29,,,69cc6aa300000000160164b0,这行业永远有新的东西，只会烦，不会腻,0,0,上海,0,1775019398000,2026-04-01T12:56:38,5f8960df000000000101f483,二级赏金猎人,这行业永远有新的东西，只会烦，不会腻,0
69cc9739000000001500efb5,69c90605000000001f006e29,,,69cc9723000000000f029c18,除非你天生高精力卷王,0,0,上海,0,1775015738000,2026-04-01T11:55:38,5944faa382ec39501bd76f9f,兔兔兔,除非你天生高精力卷王,0
69cb956c0000000002035e12,69c90605000000001f006e29,,,69cb9554000000000d03704d,好吧，没看到固收方向，自己考虑吧,4,0,广东,0,1774949740000,2026-03-31T17:35:40,62e61fc4000000001f006842,小红薯62E705C1,好吧，没看到固收方向，自己考虑吧,0
69cb103c0000000014008337,69c90605000000001f006e29,,,,我靠仿佛我本人发的帖子，同固收方向，同觉得自己的热爱很单薄，在稍微不那么卷和很市场化的两个offer里纠结中[笑哭R],4,0,上海,0,1774915645000,2026-03-31T08:07:25,641c6cec00000000120104a0,momo（笔试版）,我靠仿佛我本人发的帖子，同固收方向，同觉得自己的热爱很单薄，在稍微不那么卷和很市场化的两个offer里纠结中[笑哭R],0
69ca78a10000000015000b5e,69c90605000000001f006e29,,,,没有热爱的话，这个岗位的性价比极低,5,0,广东,0,1774876834000,2026-03-30T21:20:34,55256a6bb203d94f181ff94f,一条咸鱼,没有热爱的话，这个岗位的性价比极低,0
69ca8af10000000019000a24,69c90605000000001f006e29,,,,不能，如果你不热爱根本坚持不下去,4,0,广东,0,1774881521000,2026-03-30T22:38:41,5f5b19cf000000000100946b,挪威的森林,不能，如果你不热爱根本坚持不下去,0
69cc65f900000000140330c5,69c90605000000001f006e29,,,,我觉得还真是要么有人带 要么有热爱,4,0,上海,0,1775003130000,2026-04-01T08:25:30,5f8960df000000000101f483,二级赏金猎人,我觉得还真是要么有人带 要么有热爱,0
69c9abeb000000000503ad38,69c90605000000001f006e29,,,,如果不热爱你会变得很平庸,3,0,上海,0,1774824428000,2026-03-30T06:47:08,60226d7a0000000001003229,小柚子上班预备役,如果不热爱你会变得很平庸,0
69d5acca000000000d0118fd,69c90605000000001f006e29,,,,不能，不爱搞研究的人待着简直是灾难,4,0,上海,0,1775611082000,2026-04-08T09:18:02,64bdda7f000000001403aebf,新鲜出炉的可颂🥐,不能，不爱搞研究的人待着简直是灾难,0
69cce0c10000000016017538,69c90605000000001f006e29,,,,做固收不就是上个班,0,1,上海,0,1775034562000,2026-04-01T17:09:22,5665844ef53ee076ad491040,噼里啪啦,做固收不就是上个班,0
69cbc02c000000001d00cde1,69c90605000000001f006e29,,,,对我个人来说，不能忘。,1,1,上海,0,1774960684000,2026-03-31T20:38:04,5f64d223000000000101c8ba,茶冻啵啵,对我个人来说，不能忘。,0
69cce3dc000000000f02611e,69c90605000000001f006e29,,,,必须的 因为现在投研的前期没啥钱 中后期能否做出来不确定 不靠热爱靠啥 中间一动摇就又得转行,2,0,广东,0,1775035356000,2026-04-01T17:22:36,5d6dbed30000000001007355,小站护卫队,必须的 因为现在投研的前期没啥钱 中后期能否做出来不确定 不靠热爱靠啥 中间一动摇就又得转行,0
69cb44a000000000180227b6,69c90605000000001f006e29,,,,我是没有热情地在做着，主要是都学金融了还能干点啥呢，作为一份工作也算性价比可以了,3,0,上海,0,1774929057000,2026-03-31T11:50:57,6376c4ca000000001f01b018,TL,我是没有热情地在做着，主要是都学金融了还能干点啥呢，作为一份工作也算性价比可以了,0
69cce4de0000000009006fde,69c90605000000001f006e29,,,69cce0c10000000016017538,有头寸之后 要投资的,0,0,北京,0,1775035615000,2026-04-01T17:26:55,67e0b97f00000000180271e3,momo,有头寸之后 要投资的,0
69cc628900000000180205c6,69c90605000000001f006e29,,,69cbc02c000000001d00cde1,不能,0,0,上海,0,1775002250000,2026-04-01T08:10:50,5f64d223000000000101c8ba,茶冻啵啵,不能,0
69cb4e8d000000000f0299a8,69c90605000000001f006e29,,,,我觉得不能 不感兴趣+忙碌高压的状态下会抵触 你能接触和吸收的信息相差会比较远 自然无法产生热爱情况下对应的insights 当然都是相对来讲,7,0,中国香港,0,1774931597000,2026-03-31T12:33:17,57c01fcb50c4b431a88f75fd,水木一灰,我觉得不能 不感兴趣+忙碌高压的状态下会抵触 你能接触和吸收的信息相差会比较远 自然无法产生热爱情况下对应的insights 当然都是相对来讲,0
69c944e4000000000103db0d,69c90605000000001f006e29,,,,把他当工作做也没啥问题 就是一份工作,2,0,上海,0,1774798053000,2026-03-29T23:27:33,668a6171000000000f0352b4,福甜号,把他当工作做也没啥问题 就是一份工作,0
69d4368e000000000c032778,69c90605000000001f006e29,,,,人的适应能力比你想象的强太多了，我换了好几个行业覆盖了，都是毫不相关，也都学的挺开心。我感觉投研能不断学新东西能一直出差见新人比很多坐办公室写文件的岗位舒服多了。有一段时间跟我们部门综合岗的工位离得近，听她们的工作状态我觉得我要疯了，真的痛苦。,2,0,北京,0,1775515279000,2026-04-07T06:41:19,5f979b5d000000000100a138,超顺利,人的适应能力比你想象的强太多了，我换了好几个行业覆盖了，都是毫不相关，也都学的挺开心。我感觉投研能不断学新东西能一直出差见新人比很多坐办公室写文件的岗位舒服多了。有一段时间跟我们部门综合岗的工位离得近，听她们的工作状态我觉得我要疯了，真的痛苦。,0
69cbf79c000000000d03dd43,69c90605000000001f006e29,,,,有时候熟悉会产生热爱，人会喜欢自己熟悉的东西，所以熬过前三年的话会好一些,4,0,上海,0,1774974876000,2026-04-01T00:34:36,60d3ff5e0000000001009406,一只上班的Jerry,有时候熟悉会产生热爱，人会喜欢自己熟悉的东西，所以熬过前三年的话会好一些,0
69cdedd0000000000202ae69,69c90605000000001f006e29,,,,有几个人是靠热爱做的工作，太少了，而且原本热爱的东西，变成工作，也大概率不爱了,5,0,上海,0,1775103440000,2026-04-02T12:17:20,5b49a7fe6b58b741a4adbe42,benboerba,有几个人是靠热爱做的工作，太少了，而且原本热爱的东西，变成工作，也大概率不爱了,0
69cbde88000000000f024df9,69c90605000000001f006e29,,,,固收不止需要热爱和好奇心，最好数学要好一点,2,0,北京,0,1774968456000,2026-03-31T22:47:36,649a1428000000001001f2d9,灵活就业吕奉先,固收不止需要热爱和好奇心，最好数学要好一点,0
69cf568d000000000503b052,69c90605000000001f006e29,,,,而我只想问怎么才能找到买方实习[哭惹R],0,1,北京,0,1775195790000,2026-04-03T13:56:30,62f5198e000000001f016446,凉白开,而我只想问怎么才能找到买方实习[哭惹R],0
69d0c4e50000000009037110,69c90605000000001f006e29,,,,想成为行业的前5%；如果只是工作，正常努力也够用,0,0,重庆,0,1775289574000,2026-04-04T15:59:34,5a1d6676e8ac2b1a38ca0373,永庆好公司,想成为行业的前5%；如果只是工作，正常努力也够用,0
69cb363700000000020357d9,69c90605000000001f006e29,,,,我做了八年多二级了，投研确实需要你自发性的喜欢炒股才能做得好，尤其是买方。如果是卖方单纯当个工作是可以的，就是累+有些痛苦,1,0,中国香港,0,1774925367000,2026-03-31T10:49:27,5bfa6a95e7444b0001f32124,糯米团子,我做了八年多二级了，投研确实需要你自发性的喜欢炒股才能做得好，尤其是买方。如果是卖方单纯当个工作是可以的，就是累+有些痛苦,0
69cdb4cb000000000d03fe0e,69c90605000000001f006e29,,,,很难受,0,0,山东,0,1775088844000,2026-04-02T08:14:04,5fd0b0e500000000010033e6,丿慢慢灬,很难受,0
69cfe042000000001d009384,69c90605000000001f006e29,,,69cf568d000000000503b052,个人感觉  学历能支持你过简历+实习经历对口+面试运气好[呃R],0,0,北京,0,1775231043000,2026-04-03T23:44:03,67e0b97f00000000180271e3,momo,个人感觉 学历能支持你过简历+实习经历对口+面试运气好[呃R],0
69d26c9f00000000150070b0,69c90605000000001f006e29,,,,"22年工作的，在头部机构（权益）待的第4年了，对这个问题一直没有太明确的答案，一开始没有现在也没有，中途也想过放弃。今年已经快转投资了，也非常怀疑自己到底能不能做好，会不会业绩差被干掉，确实是天生焦虑型人格
也说不好为什么还没走，因为钱，因为推票的成就感，或者只是因为身边的好朋友小伙伴",0,0,广东,0,1775398047000,2026-04-05T22:07:27,64319b29000000000e01d8ad,小红薯64326C59,22年工作的，在头部机构（权益）待的第4年了，对这个问题一直没有太明确的答案，一开始没有现在也没有，中途也想过放弃。今年已经快转投资了，也非常怀疑自己到底能不能做好，会不会业绩差被干掉，确实是天生焦虑型人格 也说不好为什么还没走，因为钱，因为推票的成就感，或者只是因为身边的好朋友小伙伴,0
69cd23150000000019001c2e,69c90605000000001f006e29,,,,可以,0,0,上海,0,1775051542000,2026-04-01T21:52:22,69115902000000003202bd0d,小红薯6912B416,可以,0
69cf8a210000000001007f34,69c90605000000001f006e29,,,,我觉得要保持好奇 保持networking 不然很难去深入理解各个行业的投资逻辑,0,0,上海,0,1775208993000,2026-04-03T17:36:33,624b1498000000001000fe80,momoko,我觉得要保持好奇 保持networking 不然很难去深入理解各个行业的投资逻辑,0
69d662810000000009034685,69c90605000000001f006e29,,,,入行三年告诉你做不下去，本人很痛苦又无处可逃,1,0,上海,0,1775657601000,2026-04-08T22:13:21,59b6298282ec3929191b8330,evOnne_faNer,入行三年告诉你做不下去，本人很痛苦又无处可逃,0
69cb4af4000000000c031257,69c90605000000001f006e29,,,,有的兴趣是在工作中找到的,2,0,中国香港,0,1774930676000,2026-03-31T12:17:56,5c00daa851783a1cc3a6e741,口口口口,有的兴趣是在工作中找到的,0
69cbe15f000000000503964c,69c90605000000001f006e29,,,,"也不是不能干，但是可能没那么舒适。我同事说她周日一想到周一要开盘就觉得心累，但是我的每个交易日心里都是""跳着踢踏舞去上班""，所以我干得会快乐一点。",2,0,北京,0,1774969184000,2026-03-31T22:59:44,5a8a6aece8ac2b7cbd7b5d37,Faye,"也不是不能干，但是可能没那么舒适。我同事说她周日一想到周一要开盘就觉得心累，但是我的每个交易日心里都是""跳着踢踏舞去上班""，所以我干得会快乐一点。",0
69d2857b000000000301088d,69c90605000000001f006e29,,,,金融真的 没有热爱很难接受 比起其他任何一个行业 金融研究岗都可以说是辛苦而薪资一般 就是因为太卷了 真的要考虑好[笑哭R],0,0,浙江,0,1775404411000,2026-04-05T23:53:31,5ae5c15711be1031543e3152,三个西格玛,金融真的 没有热爱很难接受 比起其他任何一个行业 金融研究岗都可以说是辛苦而薪资一般 就是因为太卷了 真的要考虑好[笑哭R],0
69cdea0f000000000f025a48,69c90605000000001f006e29,,,,不愿意一直学习新知识 自驱力不强就不要 特别是投资 分人 像我就是工作久了就会觉得一直不停地学习新知识 特别是比较tech的行业 还需要主动networking好累 那就不适合投资,1,0,北京,0,1775102479000,2026-04-02T12:01:19,5aea89d9e8ac2b5a6e78c55a,雪桃🍑,不愿意一直学习新知识 自驱力不强就不要 特别是投资 分人 像我就是工作久了就会觉得一直不停地学习新知识 特别是比较tech的行业 还需要主动networking好累 那就不适合投资,0
69ca966e000000000c0334ca,69c90605000000001f006e29,,,,没有热爱不建议，性价比很低，可以考虑互联网商分/战略[棒R],1,0,贵州,3,1774884463000,2026-03-30T23:27:43,6377af0200000000230284d4,晚晚_,没有热爱不建议，性价比很低，可以考虑互联网商分/战略[棒R],0
69cd21640000000002036206,69c90605000000001f006e29,,,,还是干热爱的，才能发挥能量,0,0,广东,0,1775051109000,2026-04-01T21:45:09,690b2f0200000000370086fd,小红薯690BEA55,还是干热爱的，才能发挥能量,0
69ce2ad40000000015015785,69c90605000000001f006e29,,,,你没有热爱的人，就没有动力去生活和赚钱给他花。单纯投研很无聊的，没法做。,1,0,上海,0,1775119061000,2026-04-02T16:37:41,62dcb49a000000001e01f3e4,地球在转,你没有热爱的人，就没有动力去生活和赚钱给他花。单纯投研很无聊的，没法做。,0
69d832850000000009037f5e,69c90605000000001f006e29,,,,评论都是小朋友吧，入行10年多了，表示没什么不可以的[doge],1,0,上海,0,1775776390000,2026-04-10T07:13:10,576b6a6b82ec3948fb6c1907,momo,评论都是小朋友吧，入行10年多了，表示没什么不可以的[doge],0
69c9e0d30000000019001bcd,69c90605000000001f006e29,,,,不能 干点别的吧[汗颜R]这辈子那么长,4,0,上海,0,1774837972000,2026-03-30T10:32:52,650ae8db000000001200757c,二级研研子,不能 干点别的吧[汗颜R]这辈子那么长,0
69da9d7600000000150024f7,69c90605000000001f006e29,,,,不行。二级投资，研究也好交易也罢，是必须要热爱驱动的。就像楼上讲的，没有很大热情考虑一下其他,0,0,加拿大,0,1775934838000,2026-04-12T03:13:58,62620e23000000001000877c,iCringe奥子,不行。二级投资，研究也好交易也罢，是必须要热爱驱动的。就像楼上讲的，没有很大热情考虑一下其他,0
69d4d7ba000000001400a306,69c90605000000001f006e29,,,,录都录了，放弃试试,0,0,上海,0,1775556539000,2026-04-07T18:08:59,65e65ee1000000000500ea51,神啊求你了2026,录都录了，放弃试试,0
69cce7ce000000000f01e22d,69c90605000000001f006e29,,,,固收相对权益来说更能躺一点，因为卷的超额收益不多，做到后面如果还有热爱就往多资产转了,0,0,上海,0,1775036366000,2026-04-01T17:39:26,5878ef465e87e75492510897,加油宝仔,固收相对权益来说更能躺一点，因为卷的超额收益不多，做到后面如果还有热爱就往多资产转了,0
69d6cbb70000000002029745,69c90605000000001f006e29,,,,最好不要，除非有天賦,0,0,英国,0,1775684535000,2026-04-09T05:42:15,60a959ce000000000100604c,羊容融,最好不要，除非有天賦,0
69caa531000000001d00e2f4,69c90605000000001f006e29,,,,不能，这样肯定是做不好的,2,0,北京,0,1774888241000,2026-03-31T00:30:41,5f7018c6000000000100717b,dede,不能，这样肯定是做不好的,0
69d1c41e000000001500c032,69c90605000000001f006e29,,,,不需要，绝大部分成年人工作的驱动力并不是热爱。,1,0,广东,3,1775354911000,2026-04-05T10:08:31,5f6a0c8800000000010053b0,柯柯,不需要，绝大部分成年人工作的驱动力并不是热爱。,0
69d65b360000000015000d00,69c90605000000001f006e29,,,,这个岗位如果不热爱，性价比太低了，真的。,0,0,浙江,0,1775655734000,2026-04-08T21:42:14,56910fed82ec39212332e58a,福娃,这个岗位如果不热爱，性价比太低了，真的。,0
69db23470000000035013663,69c90605000000001f006e29,,,,感觉还是需要热爱的 不然坚持不下去,0,0,上海,0,1775969095000,2026-04-12T12:44:55,5d16df2600000000120100df,Jolliebee,感觉还是需要热爱的 不然坚持不下去,0
69d72b66000000001500aaa0,69c90605000000001f006e29,,,,不能 做投资/投研非常消耗精力和时间 没有内驱力很快就会吃不消的,1,0,广东,0,1775709031000,2026-04-09T12:30:31,5df75f1e0000000001003e24,jERRY_POTATO,不能 做投资/投研非常消耗精力和时间 没有内驱力很快就会吃不消的,0
69d32fa6000000000903521d,69c90605000000001f006e29,,,,重度股瘾,0,0,江苏,0,1775447974000,2026-04-06T11:59:34,6118842f00000000010174f8,一个学酥的逆袭人生,重度股瘾,0
69cd5ca80000000015017806,69c90605000000001f006e29,,,,不能,0,0,英国,0,1775066280000,2026-04-02T01:58:00,63effcfd000000000f013592,地板日记,不能,0
69d45ddb0000000009037cce,69c90605000000001f006e29,,,,可以，但是做不到行业顶级～就是混呗,0,0,北京,0,1775525340000,2026-04-07T09:29:00,5b4d90586b58b730b1e86aa4,降落伞,可以，但是做不到行业顶级～就是混呗,0
69d4cfe30000000014033f20,69c90605000000001f006e29,,,,不能，很难坚持,0,0,上海,0,1775554532000,2026-04-07T17:35:32,560d95268a75e15da7c7c8a4,Mo_寞,不能，很难坚持,0
69d7117e0000000016014fc6,69c90605000000001f006e29,,,,我觉得做是能做，只要能力足够应付，但做得开不开心、是否得心应手、是否能获得意义感，就是另外一回事了。简而言之就是不热爱也可以出于敬业为了金钱勉强地做[扯脸H],0,0,广东,0,1775702399000,2026-04-09T10:39:59,5ff69f190000000001007e83,🦕,我觉得做是能做，只要能力足够应付，但做得开不开心、是否得心应手、是否能获得意义感，就是另外一回事了。简而言之就是不热爱也可以出于敬业为了金钱勉强地做[扯脸H],0
69d09101000000001500910c,69c90605000000001f006e29,,,,我就是没有热爱，干了10年，一直郁郁寡欢,0,0,北京,0,1775276289000,2026-04-04T12:18:09,56d2ead3cb35fb65529027b0,Lincy,我就是没有热爱，干了10年，一直郁郁寡欢,0
69ccb945000000000d03e3b2,69c90605000000001f006e29,,,,真的不能,0,0,上海,0,1775024454000,2026-04-01T14:20:54,5b81a199b8dca5000117ce6b,十一（🌽版）,真的不能,0
69cc6eb000000000020297bb,69c90605000000001f006e29,,,,我觉得需要 不然会很痛苦的 工作和生活完全分不开,1,0,广东,0,1775005360000,2026-04-01T09:02:40,55a6050267bc65746bccd03f,减肥不成功再不改名,我觉得需要 不然会很痛苦的 工作和生活完全分不开,0
69cbe852000000001d00c8b4,69c90605000000001f006e29,,,,真的不能，要是没有热爱，不光做起来难受，而且很长时间内可能投入和收入不成正比[doge],2,0,新加坡,0,1774970963000,2026-03-31T23:29:23,5d5df881000000000100a441,蜀黍CC,真的不能，要是没有热爱，不光做起来难受，而且很长时间内可能投入和收入不成正比[doge],0
69cbdb370000000014009b6b,69c90605000000001f006e29,,,,没有热爱就纯痛苦了,1,0,福建,0,1774967607000,2026-03-31T22:33:27,565a9ee0f53ee016fe5f1de2,今天也要做自律大王,没有热爱就纯痛苦了,0
69cbb1bb0000000018022231,69c90605000000001f006e29,,,,很难吧，除非是自制力和自驱力极强的卷王J人，否则不喜欢的话很难长年累月坚持做研究写报告。。。（个人经验,1,0,江苏,0,1774956988000,2026-03-31T19:36:28,5c7e5839000000001601714c,史努比,很难吧，除非是自制力和自驱力极强的卷王J人，否则不喜欢的话很难长年累月坚持做研究写报告。。。（个人经验,0
69cb921d0000000002037974,69c90605000000001f006e29,,,,如果你自己很有钱，肯定热爱投研。如果只是想打工拿工资拿很痛苦。,1,0,上海,0,1774948893000,2026-03-31T17:21:33,5bff221151783a66e029bf55,鸡桑,如果你自己很有钱，肯定热爱投研。如果只是想打工拿工资拿很痛苦。,0
69cb8d140000000015005a09,69c90605000000001f006e29,,,,很难,1,0,湖北,0,1774947604000,2026-03-31T17:00:04,62d0118d0000000002001f46,我鱼,很难,0
69cb8c8d0000000016016c51,69c90605000000001f006e29,,,,钱给的多就热爱[捂脸R],1,0,河南,0,1774947469000,2026-03-31T16:57:49,5581873eb7ba2212676a8416,雪太阳又想减肥,钱给的多就热爱[捂脸R],0
69cb8116000000000103db71,69c90605000000001f006e29,,,,热爱啥，就是个赚钱的工具！你多多赚钱，再培养个真正的热爱，像张雪一样[斜眼R][偷笑R],1,0,天津,0,1774944534000,2026-03-31T16:08:54,5c6f6246000000001103b5e1,沉睡的木吉他,热爱啥，就是个赚钱的工具！你多多赚钱，再培养个真正的热爱，像张雪一样[斜眼R][偷笑R],0
69cb6198000000000f02a049,69c90605000000001f006e29,,,,没有热爱你会觉得累死，这行比谁都卷,1,0,上海,0,1774936473000,2026-03-31T13:54:33,59ac1fb082ec3979c6ca161f,ccchris,没有热爱你会觉得累死，这行比谁都卷,0
69cb60a5000000001400ae9a,69c90605000000001f006e29,,,,如果收入高，也不卷，那还行。否则熬不下去。,1,0,上海,0,1774936230000,2026-03-31T13:50:30,56ead30a1c07df649699c960,期待还能有五一,如果收入高，也不卷，那还行。否则熬不下去。,0
69cb592f000000000103e3c5,69c90605000000001f006e29,,,,不行，我就是认清了自己然后绝不做投研，我跟我同事的区别很明显,1,0,北京,0,1774934320000,2026-03-31T13:18:40,5eb4c7da0000000001003f90,想了好久都不知道要叫什么,不行，我就是认清了自己然后绝不做投研，我跟我同事的区别很明显,0
69cb52cc0000000001004d64,69c90605000000001f006e29,,,,it's about determination,1,0,上海,0,1774932685000,2026-03-31T12:51:25,6275116100000000210254a3,ghost,it's about determination,0
69cb4dc4000000000f01c814,69c90605000000001f006e29,,,,看你分到的团队佛系不佛系，能躺平，混混日子，赚不到什么钱但也活的下去，那就算不热爱也没关系，压力不会太大。,1,0,福建,0,1774931396000,2026-03-31T12:29:56,5f3a06730000000001003220,沛沛子,看你分到的团队佛系不佛系，能躺平，混混日子，赚不到什么钱但也活的下去，那就算不热爱也没关系，压力不会太大。,0
69cb4288000000000f02bb82,69c90605000000001f006e29,,,,一个事情成为工作以后 热爱很难,1,0,北京,0,1774928521000,2026-03-31T11:42:01,5c9c09e2000000001100c3ec,华尔街烤冷面小吃车,一个事情成为工作以后 热爱很难,0
69cb3d5f0000000001007219,69c90605000000001f006e29,,,,没有热爱如果够理性且不经验主义 那不是最合适吗,1,0,中国香港,0,1774927200000,2026-03-31T11:20:00,5c3766f800000000070220dc,王圣烯,没有热爱如果够理性且不经验主义 那不是最合适吗,0
69cb3b4000000000090359da,69c90605000000001f006e29,,,,不建议，前期还行，时间长了很难坚持下去,1,0,北京,0,1774926656000,2026-03-31T11:10:56,583afd8d50c4b42ea3ec7400,金融老兵,不建议，前期还行，时间长了很难坚持下去,0
69cb34d1000000000103ef76,69c90605000000001f006e29,,,,银行柜员,0,0,北京,0,1774925010000,2026-03-31T10:43:30,617760ce000000001f03a932,洋悟运动总教头,银行柜员,0
69cb32da0000000009034b1d,69c90605000000001f006e29,,,,这只是一份工作，不过没有热爱你没有办法在行业里忍受low pay，toxic等等等等,1,0,北京,0,1774924506000,2026-03-31T10:35:06,5ea6e5250000000001002dd9,momo,这只是一份工作，不过没有热爱你没有办法在行业里忍受low pay，toxic等等等等,0
69cb10740000000015016840,69c90605000000001f006e29,,,,不能,1,0,天津,0,1774915701000,2026-03-31T08:08:21,59b1f8806a6a6933bf147fbc,Budapest,不能,0
69cab4dd00000000180393d4,69c90605000000001f006e29,,,,不一定要一见钟情 可以日久生情[doge],1,0,上海,0,1774892253000,2026-03-31T01:37:33,6432fb74000000000e01d0e2,江湖momo不emo,不一定要一见钟情 可以日久生情[doge],0
69caa9620000000015007ea1,69c90605000000001f006e29,,,,不能。肯定干到一半就辞了[doge],1,0,广东,0,1774889314000,2026-03-31T00:48:34,5b4c81ce11be10717aead345,Biteme.,不能。肯定干到一半就辞了[doge],0
69ca0121000000000103e380,69c90605000000001f006e29,,,,有点痛苦[笑哭R],1,0,上海,0,1774846241000,2026-03-30T12:50:41,5c2dbb4f000000000700d939,xoxo,有点痛苦[笑哭R],0
69c9f83f000000000202bdfd,69c90605000000001f006e29,,,,不能，除非你运气好到爆棚,2,0,北京,0,1774843967000,2026-03-30T12:12:47,5b2cad2ee8ac2b324bb27b9a,bobo,不能，除非你运气好到爆棚,0
69c93282000000000100535c,69c90605000000001f006e29,,,,难 没有热爱很难忍受在这个行业持矢,1,0,安徽,0,1774793346000,2026-03-29T22:09:06,6038ec46000000000101fcae,momo,难 没有热爱很难忍受在这个行业持矢,0
69cac0ba0000000016017d56,69c90605000000001f006e29,,,,老登：我给你开13000元每个月，税后到手1万，交完房租吃喝一分不剩。我鼓励你热爱，你才能心甘情愿加班被剥削当耗材继续干下去。等你过了35岁，一脚把你踢开，换个应届生给我调研、写纪要、熬夜肝报告，继续鼓励你热爱。,8,2,上海,-2,1774895291000,2026-03-31T02:28:11,555ae6d9e58d135d4f5871b2,Ss,老登：我给你开13000元每个月，税后到手1万，交完房租吃喝一分不剩。我鼓励你热爱，你才能心甘情愿加班被剥削当耗材继续干下去。等你过了35岁，一脚把你踢开，换个应届生给我调研、写纪要、熬夜肝报告，继续鼓励你热爱。,0
69cbfc06000000000f02adc8,69c90605000000001f006e29,,,,有条件的人才有资格谈热爱，一般人哪有那么容易选择自己热爱的工作？,0,1,广东,-2,1774976007000,2026-04-01T00:53:27,5b3f3f496b58b72fcea07c2b,Willjay,有条件的人才有资格谈热爱，一般人哪有那么容易选择自己热爱的工作？,0
69cba3d20000000002035e98,69c90605000000001f006e29,,,,固收方向，还没有对投研的热情，那图什么？,0,2,中国香港,-2,1774953426000,2026-03-31T18:37:06,5a16d8a44eacab13489c8400,無月,固收方向，还没有对投研的热情，那图什么？,0
69cb2ee0000000001500b46e,69c90605000000001f006e29,,,69cac0ba0000000016017d56,纪要和报告现在完全不需要应届生了啊... ai写得比应届生好了已经 感觉这行以后新人很难入行,3,0,浙江,0,1774923488000,2026-03-31T10:18:08,5fc79fc20000000001003647,不学习就会没钱,纪要和报告现在完全不需要应届生了啊... ai写得比应届生好了已经 感觉这行以后新人很难入行,0
69cbff550000000009037b0f,69c90605000000001f006e29,,,69cbfc06000000000f02adc8,还有一个泛体制的offer，根本是害怕 不知道自己能不能在这种市场化机构存活下来,2,0,北京,0,1774976854000,2026-04-01T01:07:34,67e0b97f00000000180271e3,momo,还有一个泛体制的offer，根本是害怕 不知道自己能不能在这种市场化机构存活下来,0
69cbbab2000000001500e2a3,69c90605000000001f006e29,,,69cba3d20000000002035e98,赚钱可能多点哈哈哈,0,0,北京,0,1774959283000,2026-03-31T20:14:43,67e0b97f00000000180271e3,momo,赚钱可能多点哈哈哈,0
67303e8a000000001b023b70,65fab6980000000013027e40,,,,策略研究和宏观研究有什么不同吗[皱眉R],1,4,江苏,0,1731214986000,2024-11-10T13:03:06,5c7b57d30000000012027b75,扇贝,策略研究和宏观研究有什么不同吗[皱眉R],0
66a76ef5000000001c013753,65fab6980000000013027e40,,,,求问，楼主现在觉得宏观实习对于后续找工作的帮助大吗？,1,3,北京,0,1722248949000,2024-07-29T18:29:09,5946655082ec397286d7711c,陈肥肥要变大壮,求问，楼主现在觉得宏观实习对于后续找工作的帮助大吗？,0
680daf93000000000400dfbb,65fab6980000000013027e40,,,,想问问朋友策略研究会涉及到债市大宗外汇等方面的配置吗,0,1,中国香港,0,1745727380000,2025-04-27T12:16:20,5e61fd840000000001000c0c,momo,想问问朋友策略研究会涉及到债市大宗外汇等方面的配置吗,0
65fabdae000000000b023f62,65fab6980000000013027e40,,,,想问下卖方策略大概做了多久呀,0,1,北京,0,1710931374000,2024-03-20T18:42:54,6019337e00000000010055cb,momo,想问下卖方策略大概做了多久呀,0
676d05cd000000000f0395c2,65fab6980000000013027e40,,,,想问一下策略 总量是做什么的呀[偷笑R],0,0,广东,0,1735198158000,2024-12-26T15:29:18,60a63725000000000101f3d0,小红薯60A64AE2,想问一下策略 总量是做什么的呀[偷笑R],0
682159f60000000009015c19,65fab6980000000013027e40,,,,uu感觉策略组对就业帮助大吗,0,0,山东,0,1747016182000,2025-05-12T10:16:22,606b1c3d000000000100882d,The other me,uu感觉策略组对就业帮助大吗,0
67309171000000001b027cfb,65fab6980000000013027e40,,,67303e8a000000001b023b70,宏观工作内容是对经济数据点评以及一些会议啊政策这类的分析，主要发表对未来经济基本面的看法啊，以及对一些政策的预计。策略感觉稍微中观一点，会通过找寻经济数据的规律（一般需要经过数据整理）然后找到一些可以以古鉴今的结论去预测，需要做行业配置的，给出赛道推荐，不具体到个股推荐而已。以上是我自己浅显的一些感受哈，可能不太准确，主要从我实习接触到的工作内容来看,9,0,四川,0,1731236210000,2024-11-10T18:56:50,5f6325c000000000010069eb,锅锅是灰不是黑,宏观工作内容是对经济数据点评以及一些会议啊政策这类的分析，主要发表对未来经济基本面的看法啊，以及对一些政策的预计。策略感觉稍微中观一点，会通过找寻经济数据的规律（一般需要经过数据整理）然后找到一些可以以古鉴今的结论去预测，需要做行业配置的，给出赛道推荐，不具体到个股推荐而已。以上是我自己浅显的一些感受哈，可能不太准确，主要从我实习接触到的工作内容来看,0
6730926b000000001b02297a,65fab6980000000013027e40,,,66a76ef5000000001c013753,我觉得其实不是特别适用，因为银行应该只有金市才会涉及这方面，或者市场化机构对应岗位，但如果你想去银行或者央国企，就没啥直接帮助。但是间接一些些的影响呢 比如你可能做完宏观实习会更关注经济数据，经济会议，做银行笔试时更方便推测[捂脸R]以及面试问到你一些金融类的时事可能更有底气，但我自我感受是没那么大用处，还不如找个和择业方向更直接的实习,3,0,四川,0,1731236460000,2024-11-10T19:01:00,5f6325c000000000010069eb,锅锅是灰不是黑,我觉得其实不是特别适用，因为银行应该只有金市才会涉及这方面，或者市场化机构对应岗位，但如果你想去银行或者央国企，就没啥直接帮助。但是间接一些些的影响呢 比如你可能做完宏观实习会更关注经济数据，经济会议，做银行笔试时更方便推测[捂脸R]以及面试问到你一些金融类的时事可能更有底气，但我自我感受是没那么大用处，还不如找个和择业方向更直接的实习,0
692655a100000000160215ac,65fab6980000000013027e40,,,680daf93000000000400dfbb,会的，不过得看组,1,0,新加坡,0,1764119970000,2025-11-26T09:19:30,6342974b000000001901d6f7,N. aaa,会的，不过得看组,0
65fac592000000000d00094f,65fab6980000000013027e40,,,65fabdae000000000b023f62,时间不太长耶，就三个月多一点点,0,0,北京,0,1710933394000,2024-03-20T19:16:34,5f6325c000000000010069eb,锅锅是灰不是黑,时间不太长耶，就三个月多一点点,0
669a693d000000000901492a,669a0d07000000002501640b,,,,同为券商实习几周，句句都是我的心理活动哈哈哈，唯一不同的是线上线下体验很不一样，前三周线上每天对着电脑熬夜做零碎工作，完全没什么收获，近一周来到线下，完全不一样，体验感直线上升，工作没线上那么7*24了，早九晚五偶尔加班一点，中午和实习生小伙伴们一起吃饭聊天，大家互相交流各个组的见闻，探讨未来的方向，一周的收获远远大于线上，感受就是还得是和人接触，不论是小伙伴还是带教老师们，面对面的交流在这个网络便利到让人和人之间的距离反而更远的时代，显得格外珍贵有价值,2,1,上海,0,1721395517000,2024-07-19T21:25:17,5eef81eb000000000101e8fb,阿噗呲咔吧啦吧啦,同为券商实习几周，句句都是我的心理活动哈哈哈，唯一不同的是线上线下体验很不一样，前三周线上每天对着电脑熬夜做零碎工作，完全没什么收获，近一周来到线下，完全不一样，体验感直线上升，工作没线上那么7*24了，早九晚五偶尔加班一点，中午和实习生小伙伴们一起吃饭聊天，大家互相交流各个组的见闻，探讨未来的方向，一周的收获远远大于线上，感受就是还得是和人接触，不论是小伙伴还是带教老师们，面对面的交流在这个网络便利到让人和人之间的距离反而更远的时代，显得格外珍贵有价值,0
66a2132a000000001c038981,669a0d07000000002501640b,,,,是zs的行研吗,0,3,浙江,0,1721897770000,2024-07-25T16:56:10,62069192000000002102037d,ppppepppper,是zs的行研吗,0
66d98b640000000016011120,669a0d07000000002501640b,,,,求问怎么找到的行研实习,0,1,河南,0,1725533028000,2024-09-05T18:43:48,6469e49d0000000025034a45,momoiv6,求问怎么找到的行研实习,0
669a8e83000000002300d9e0,669a0d07000000002501640b,,,,细节决定成败，认真总是好的，加油[加油R],1,0,内蒙古,0,1721405060000,2024-07-20T00:04:20,5e3fd01f000000000100707f,倔强的 70后大姐,细节决定成败，认真总是好的，加油[加油R],0
669a248900000000260013e5,669a0d07000000002501640b,,,,合规问题无奈也没办法，这是这几年的趋势，以前还有些首席会反抗一下，现在应该清一色服从要求了。也不是带教苛刻，大势所趋，研究所怕说错话,2,0,浙江,0,1721377930000,2024-07-19T16:32:10,64cceac2000000000b00929d,渔鱼之魚,合规问题无奈也没办法，这是这几年的趋势，以前还有些首席会反抗一下，现在应该清一色服从要求了。也不是带教苛刻，大势所趋，研究所怕说错话,0
669cece00000000023018b45,669a0d07000000002501640b,,,,句句是实话[哭惹R],0,0,山东,0,1721560288000,2024-07-21T19:11:28,5fd9b30f0000000001002a77,沐芸,句句是实话[哭惹R],0
669a72580000000009017436,669a0d07000000002501640b,,,,不是 数据严谨都做不到你做什么研究？,1,0,上海,0,1721397848000,2024-07-19T22:04:08,5b2442426b58b7244bf8bf1e,Diego,不是 数据严谨都做不到你做什么研究？,0
669a0f85000000002300de2a,669a0d07000000002501640b,,,,收到[派对R][派对R],1,0,浙江,-2,1721372549000,2024-07-19T15:02:29,63b4d953000000002702947c,热奶宝吃不够,收到[派对R][派对R],0
669a6b6b0000000005039c7c,669a0d07000000002501640b,,,669a693d000000000901492a,确实！感觉行研实习中非常重要的一个收获就是和同组或者同所的同学们交流，和不同背景的同学们交流后真的像得到宝藏一样[哭惹R]可惜我是线上，只和一个同学有比较多的交流[哭惹R][哭惹R][哭惹R]希望你实习收获多多哦！[派对R],1,0,内蒙古,0,1721396075000,2024-07-19T21:34:35,657ae7d70000000020033d5f,再打一针内啡肽,确实！感觉行研实习中非常重要的一个收获就是和同组或者同所的同学们交流，和不同背景的同学们交流后真的像得到宝藏一样[哭惹R]可惜我是线上，只和一个同学有比较多的交流[哭惹R][哭惹R][哭惹R]希望你实习收获多多哦！[派对R],0
66a21381000000000b0292ee,669a0d07000000002501640b,,,66a2132a000000001c038981,不是哦，不太方便透露，不过不是浙江的两大券商[萌萌哒R],0,0,内蒙古,0,1721897857000,2024-07-25T16:57:37,657ae7d70000000020033d5f,再打一针内啡肽,不是哦，不太方便透露，不过不是浙江的两大券商[萌萌哒R],0
66d98b950000000004030c79,669a0d07000000002501640b,,,66d98b640000000016011120,我之前有一个帖子有讲到具体怎么找实习哦，可以看一下～,0,0,广东,0,1725533078000,2024-09-05T18:44:38,657ae7d70000000020033d5f,再打一针内啡肽,我之前有一个帖子有讲到具体怎么找实习哦，可以看一下～,0
68a1d7950000000026034838,68a1cc83000000001d005a55,,,,现在8月份应该每天会议纪要吧[捂脸R] 纯牛马工作,13,9,上海,0,1755436950000,2025-08-17T21:22:30,661a77470000000007004d32,半导体星球,现在8月份应该每天会议纪要吧[捂脸R] 纯牛马工作,0
68a1db53000000002700191f,68a1cc83000000001d005a55,,,,请问你觉得行研实习做多久就够学到所有有含金量的东西，以及你打算做多久呀,0,2,广东,0,1755437908000,2025-08-17T21:38:28,5b9472f421693800017c3a72,才起来懒得吃,请问你觉得行研实习做多久就够学到所有有含金量的东西，以及你打算做多久呀,0
68a1d18d0000000030028d8f,68a1cc83000000001d005a55,,,,药学怎么想不开干金融[笑哭R],0,2,北京,0,1755435405000,2025-08-17T20:56:45,600829370000000001007443,落下的弦,药学怎么想不开干金融[笑哭R],0
68a1d4cf0000000030021c27,68a1cc83000000001d005a55,,,,这也太厉害了[失望R]，实习科研两手都要抓，还是实验学科，能搞定导师，实习还是转向金融[飞吻R],2,3,北京,0,1755436239000,2025-08-17T21:10:39,65385bfd000000000301d5a5,环颈鸻,这也太厉害了[失望R]，实习科研两手都要抓，还是实验学科，能搞定导师，实习还是转向金融[飞吻R],0
68a2abdb0000000030004ba3,68a1cc83000000001d005a55,,,,你是做医药行研实习的，问问你们创新药带教研究员今年赚了多少钱（真实收入，不是工资收入），你就不会祛魅了[坏笑R],1,1,广东,0,1755491291000,2025-08-18T12:28:11,664a031000000000030315db,Hsu Chung-en,你是做医药行研实习的，问问你们创新药带教研究员今年赚了多少钱（真实收入，不是工资收入），你就不会祛魅了[坏笑R],0
68a3f5820000000030025152,68a1cc83000000001d005a55,,,,"你应该一个星期祛魅的[doge]实际上一个月剩下3周不也是在重复第一周的工作罢了",5,0,北京,0,1755575682000,2025-08-19T11:54:42,6086dcbb0000000001003af1,Doublelift,你应该一个星期祛魅的[doge] 实际上一个月剩下3周不也是在重复第一周的工作罢了,0
68a1da86000000003001646c,68a1cc83000000001d005a55,,,,srds光做个行研就祛魅...,0,1,安徽,0,1755437703000,2025-08-17T21:35:03,611be7670000000001003705,mmx,srds光做个行研就祛魅...,0
68a822f80000000027000fe7,68a1cc83000000001d005a55,,,,坏了，让你做到真行研了[偷笑R],1,0,重庆,0,1755849465000,2025-08-22T15:57:45,5e63b85100000000010081b6,卖女孩的小火柴,坏了，让你做到真行研了[偷笑R],0
6954c69b000000000f027ad4,68a1cc83000000001d005a55,,,,这个视角 是不是cj啊哈哈,0,0,湖北,0,1767163548000,2025-12-31T14:45:48,66e2fdc0000000001e008ce4,麦一Mai,这个视角 是不是cj啊哈哈,0
68a67a8c0000000030012c24,68a1cc83000000001d005a55,,,,软广...,0,0,上海,0,1755740813000,2025-08-21T09:46:53,61755b370000000002024dea,性感堵狗,软广...,0
68a1d7cf0000000030010ef4,68a1cc83000000001d005a55,,,68a1d7950000000026034838,强推那两个软件，大大节省时间及效率！,3,0,浙江,0,1755437008000,2025-08-17T21:23:28,5d39fc33000000001001e99e,Up,强推那两个软件，大大节省时间及效率！,0
68a1de24000000003001a100,68a1cc83000000001d005a55,,,68a1db53000000002700191f,我感觉得看带教[皱眉R][皱眉R]，得和带教沟通一下，希望能有所产出,3,0,浙江,0,1755438628000,2025-08-17T21:50:28,5d39fc33000000001001e99e,Up,我感觉得看带教[皱眉R][皱眉R]，得和带教沟通一下，希望能有所产出,0
68a1d296000000003000580c,68a1cc83000000001d005a55,,,68a1d18d0000000030028d8f,入行前：金融人都是穿着西装出入高楼的精英白领，比我们实验鼠强太多了,6,0,上海,0,1755435671000,2025-08-17T21:01:11,5d39fc33000000001001e99e,Up,入行前：金融人都是穿着西装出入高楼的精英白领，比我们实验鼠强太多了,0
68a1d82000000000300129e5,68a1cc83000000001d005a55,,,68a1d4cf0000000030021c27,其中心酸苦的无法言说[皱眉R][皱眉R][皱眉R],5,0,浙江,0,1755437088000,2025-08-17T21:24:48,5d39fc33000000001001e99e,Up,其中心酸苦的无法言说[皱眉R][皱眉R][皱眉R],0
694b9706000000000e034fc5,68a1cc83000000001d005a55,,,68a2abdb0000000030004ba3,做创新药的投行研究很赚钱吗[doge],0,0,上海,0,1766561543000,2025-12-24T15:32:23,5f2a65a00000000001006b11,么一奥Miao,做创新药的投行研究很赚钱吗[doge],0
68a1dde50000000030008b39,68a1cc83000000001d005a55,,,68a1da86000000003001646c,困难不会让我变得更好，只会打倒我[哭惹R],3,0,浙江,0,1755438566000,2025-08-17T21:49:26,5d39fc33000000001001e99e,Up,困难不会让我变得更好，只会打倒我[哭惹R],0
68a2039e0000000030033753,68a1cc83000000001d005a55,,,,会议纪要能不能直接把会议的所有内容丢ai里让它总结呀,0,0,甘肃,0,1755448222000,2025-08-18T00:30:22,5bb475737d87110001376131,汪啧一只灰,会议纪要能不能直接把会议的所有内容丢ai里让它总结呀,0
68e8bbe90000000038030040,68a1cc83000000001d005a55,,,,线上行研怎么样啊[派对R],0,0,北京,0,1760082921000,2025-10-10T15:55:21,678098e8000000000801eca5,今晚要早睡,线上行研怎么样啊[派对R],0
68a1fc7c0000000030015287,68a1cc83000000001d005a55,,,,看位置视角有点像，不会同是cj的uu吧[叹气R],0,0,上海,0,1755446397000,2025-08-17T23:59:57,670f22a8000000001d020a37,momo,看位置视角有点像，不会同是cj的uu吧[叹气R],0
68a317740000000030008b83,68a1cc83000000001d005a55,,,,后面可以试试去买方实习,0,0,浙江,0,1755518837000,2025-08-18T20:07:17,611e00f2000000002002d2c7,momo,后面可以试试去买方实习,0
69bcf2e1000000003002688e,68a1cc83000000001d005a55,,,,请问可以用ev录屏录制腾讯会议吗,0,0,北京,0,1773990625000,2026-03-20T15:10:25,574c2d125e87e7342c5ad271,oin-,请问可以用ev录屏录制腾讯会议吗,0
68a1e755000000003000acde,68a1cc83000000001d005a55,,,,我三天就让我写深度[笑哭R],0,0,上海,0,1755440981000,2025-08-17T22:29:41,5ca877dc000000001003b01b,momo,我三天就让我写深度[笑哭R],0
68a1dc14000000002603443f,68a1cc83000000001d005a55,,,,太现实了我破防了、、、,0,0,上海,0,1755438100000,2025-08-17T21:41:40,5b0c13834eacab40da27d795,Yolandaaaa,太现实了我破防了、、、,0
68a56e1300000000300308a6,68a1cc83000000001d005a55,,,,秘塔AI的软广吗？,6,0,上海,0,1755672083000,2025-08-20T14:41:23,62ee9004000000001f00619a,momo,秘塔AI的软广吗？,0
68a2e0430000000030025b11,68a1cc83000000001d005a55,,,,谢谢你的经验啊啊啊啊,0,0,北京,0,1755504707000,2025-08-18T16:11:47,5f731c61000000000100aa33,氮氮三键,谢谢你的经验啊啊啊啊,0
68a1da37000000003002b82c,68a1cc83000000001d005a55,,,,一个月没有让上手接触报告吗[叹气R],0,1,上海,0,1755437624000,2025-08-17T21:33:44,5fa367d10000000001007128,一粒星轨,一个月没有让上手接触报告吗[叹气R],0
68a1ddcc00000000300169e2,68a1cc83000000001d005a55,,,68a1da37000000003002b82c,还没写完呢,0,0,浙江,0,1755438540000,2025-08-17T21:49:00,5d39fc33000000001001e99e,Up,还没写完呢,0
698c5e4900000000080306ae,68a1cc83000000001d005a55,,,,很中肯的建议[偷笑R],0,0,辽宁,0,1770806858000,2026-02-11T18:47:38,630ec555000000000f004b4c,小红薯630FB1D3,很中肯的建议[偷笑R],0
68a208920000000027004885,68a1cc83000000001d005a55,,,,过于真实了我想说@ᅠᅠᅠ,0,2,广东,0,1755449491000,2025-08-18T00:51:31,6222c54b000000001000ad23,小红薯6223B9D0,过于真实了我想说@ᅠᅠᅠ,0
68a2968e000000003001e0e3,68a1cc83000000001d005a55,,,68a208920000000027004885,怎么是医药转行[石化R],0,0,湖北,0,1755485838000,2025-08-18T10:57:18,605dcd1e00000000010097ce,ᅠᅠᅠ,怎么是医药转行[石化R],0
698e01ea0000000019003262,698d7b44000000000c034ee6,,,,宝宝怎么上到27年！,0,10,北京,0,1770914282000,2026-02-13T00:38:02,5d2ff55900000000160275a0,傻蛋儿,宝宝怎么上到27年！,0
698d8aa9000000001d009b6b,698d7b44000000000c034ee6,,,,互联网的商分战略管培,2,6,中国香港,0,1770883753000,2026-02-12T16:09:13,66c0affd000000001d032901,罗长鲤,互联网的商分战略管培,0
698d871f000000000c009258,698d7b44000000000c034ee6,,,,有投美国的吗,0,1,美国,0,1770882848000,2026-02-12T15:54:08,5b1ce4046b58b73ac2560bbc,momo,有投美国的吗,0
698d7e860000000009021d55,698d7b44000000000c034ee6,,,,[笑哭R]那你的个人优势是什么呀,0,3,浙江,0,1770880647000,2026-02-12T15:17:27,6020c0ae000000000101e836,78526665,[笑哭R]那你的个人优势是什么呀,0
698d9c0700000000060311b9,698d7b44000000000c034ee6,,,,想蹲蹲这个ucla MQE这个项目好嘛[哭惹R]，今年申了一下,0,1,陕西,0,1770888200000,2026-02-12T17:23:20,5ca0781500000000160141be,Undamich.,想蹲蹲这个ucla MQE这个项目好嘛[哭惹R]，今年申了一下,0
698d8dc1000000003102c0b0,698d7b44000000000c034ee6,,,,实习经历可以写的再详细一点，做总量研究就突出第二段，做行研就突出一三段,0,1,北京,0,1770884545000,2026-02-12T16:22:25,660fd5e1000000000b031849,KK,实习经历可以写的再详细一点，做总量研究就突出第二段，做行研就突出一三段,0
69903be6000000000600fd94,698d7b44000000000c034ee6,,,,实习部分需要细化，描述都太泛了，最好能把主要产出的分析研报，每篇最核心的亮点/核心观点写出来，亮点部分加下划线加粗，好好准备逻辑链条面试说。自己有思考能说出干货的让看简历的人一眼能看到，主打一两个重点，其他部分弱化简写。,4,2,上海,0,1771060199000,2026-02-14T17:09:59,5eca4fa50000000001003684,浆果浦西,实习部分需要细化，描述都太泛了，最好能把主要产出的分析研报，每篇最核心的亮点/核心观点写出来，亮点部分加下划线加粗，好好准备逻辑链条面试说。自己有思考能说出干货的让看简历的人一眼能看到，主打一两个重点，其他部分弱化简写。,0
698da871000000000f00da4c,698d7b44000000000c034ee6,,,,什么是腰部[笑哭R],0,2,重庆,3,1770891378000,2026-02-12T18:16:18,65599113000000000403bf8d,美少女壮士,什么是腰部[笑哭R],0
6995385b0000000031033028,698d7b44000000000c034ee6,,,,试试买方的研究员呗，这个学历背景肯定够了，买方应该不需要到处去路演。卖方确实，北上广深这几个地方到处路演，还是蛮累的...而且现在佣金也没以前多了压力也大[笑哭R],1,1,中国香港,0,1771386972000,2026-02-18T11:56:12,5b34752b4eacab2d7903136c,zz_777,试试买方的研究员呗，这个学历背景肯定够了，买方应该不需要到处去路演。卖方确实，北上广深这几个地方到处路演，还是蛮累的...而且现在佣金也没以前多了压力也大[笑哭R],0
698d867a0000000003012dd9,698d7b44000000000c034ee6,,,,试试宏观组，宏观/总量研究员,0,1,中国香港,0,1770882682000,2026-02-12T15:51:22,67c16ce1000000000d0091fb,玉米投手,试试宏观组，宏观/总量研究员,0
69923ab8000000000600b7f9,698d7b44000000000c034ee6,,,698e01ea0000000019003262,26年毕业入学就要秋招了，太紧张了，肯定得多留点时间哇,0,0,美国,0,1771190968000,2026-02-16T05:29:28,5dca72e50000000001005024,Takaki,26年毕业入学就要秋招了，太紧张了，肯定得多留点时间哇,0
6992385b00000000050322a9,698d7b44000000000c034ee6,,,698d8aa9000000001d009b6b,互联网我的bg感觉很不符合哇，而且战略是不是跟做行研差不了多少[哭惹R],0,0,美国,0,1771190364000,2026-02-16T05:19:24,5dca72e50000000001005024,Takaki,互联网我的bg感觉很不符合哇，而且战略是不是跟做行研差不了多少[哭惹R],0
698d88360000000004001676,698d7b44000000000c034ee6,,,698d871f000000000c009258,不打算留美，没有投过,0,0,美国,0,1770883126000,2026-02-12T15:58:46,5dca72e50000000001005024,Takaki,不打算留美，没有投过,0
698d806d000000000600f95e,698d7b44000000000c034ee6,,,698d7e860000000009021d55,我自己也不太清楚[哭惹R]，可能相比纯金融选手多了一点量化技能吧，但又没到能投量化岗的地步，好像也没什么意义[哭惹R],1,0,美国,0,1770881133000,2026-02-12T15:25:33,5dca72e50000000001005024,Takaki,我自己也不太清楚[哭惹R]，可能相比纯金融选手多了一点量化技能吧，但又没到能投量化岗的地步，好像也没什么意义[哭惹R],0
69923b76000000000600ec51,698d7b44000000000c034ee6,,,698d9c0700000000060311b9,整体感觉还是不错的，能感觉到是比较注重就业导向，但是对于想转量化帮助非常有限，对回国就业的支持也不太够，还是得靠自己,0,0,美国,0,1771191159000,2026-02-16T05:32:39,5dca72e50000000001005024,Takaki,整体感觉还是不错的，能感觉到是比较注重就业导向，但是对于想转量化帮助非常有限，对回国就业的支持也不太够，还是得靠自己,0
69923bb90000000004000a1a,698d7b44000000000c034ee6,,,698d8dc1000000003102c0b0,好的！主要确实没做什么很有深度的研究所以没有太多可写的[哭惹R][哭惹R],0,0,美国,0,1771191226000,2026-02-16T05:33:46,5dca72e50000000001005024,Takaki,好的！主要确实没做什么很有深度的研究所以没有太多可写的[哭惹R][哭惹R],0
69923a870000000004000428,698d7b44000000000c034ee6,,,69903be6000000000600fd94,好的好的！观点和逻辑链有在准备了，但是我没有一篇研报是自己完整写下来的，作为实习生只是参与了一部分，感觉很容易被问倒[哭惹R],0,0,美国,0,1771190919000,2026-02-16T05:28:39,5dca72e50000000001005024,Takaki,好的好的！观点和逻辑链有在准备了，但是我没有一篇研报是自己完整写下来的，作为实习生只是参与了一部分，感觉很容易被问倒[哭惹R],0
69923af3000000000600b928,698d7b44000000000c034ee6,,,698da871000000000f00da4c,就是非top券商嘛，比较一般的，不是三中一华国泰海通这种,1,0,美国,0,1771191028000,2026-02-16T05:30:28,5dca72e50000000001005024,Takaki,就是非top券商嘛，比较一般的，不是三中一华国泰海通这种,0
69964200000000003102c837,698d7b44000000000c034ee6,,,6995385b0000000031033028,是这样[哭惹R]，实习的时候感觉卖方的带教老师都忙的要死，pyq全是电话会或者某某标的又出什么新消息了,1,0,美国,0,1771454976000,2026-02-19T06:49:36,5dca72e50000000001005024,Takaki,是这样[哭惹R]，实习的时候感觉卖方的带教老师都忙的要死，pyq全是电话会或者某某标的又出什么新消息了,0
698d888f00000000050304fb,698d7b44000000000c034ee6,,,698d867a0000000003012dd9,好的！,0,0,美国,0,1770883215000,2026-02-12T16:00:15,5dca72e50000000001005024,Takaki,好的！,0
698d8022000000000f02cd57,698d7b44000000000c034ee6,,,,国内还是美国？,0,1,安徽,0,1770881058000,2026-02-12T15:24:18,625b8dc10000000021027193,omom_quant小登,国内还是美国？,0
699e6c87000000003002637b,698d7b44000000000c034ee6,,,,这么厉害要是找工作都费劲，我真不如去送外卖了[失望R],0,0,辽宁,0,1771990152000,2026-02-25T11:29:12,614546dd000000000201f281,大川（留学版）,这么厉害要是找工作都费劲，我真不如去送外卖了[失望R],0
69a2b224000000000c00a498,698d7b44000000000c034ee6,,,,诶是同项目的同学！我也主要实习经历都在券商，做了一些量化一点的项目[捂脸R][捂脸R],0,0,美国,0,1772270116000,2026-02-28T17:15:16,63b780ef0000000027035c22,石榴细雨（晒太阳版）,诶是同项目的同学！我也主要实习经历都在券商，做了一些量化一点的项目[捂脸R][捂脸R],0
69d88a17000000002b0017e4,698d7b44000000000c034ee6,,,,互联网大厂举手🙋量化你的成果，现在太空了，没有有价值的信息。有新改过的简历可以发我，无偿帮你看看,0,0,北京,0,1775798807000,2026-04-10T13:26:47,698abfa400000000260393f8,墨菲定律HR,互联网大厂举手🙋量化你的成果，现在太空了，没有有价值的信息。有新改过的简历可以发我，无偿帮你看看,0
699cb285000000001501613b,698d7b44000000000c034ee6,,,,同本硕econ能理解找工的苦，如果想钱多就去大厂做风控（因为金融前台难进中台薪低），但就是简历感觉好空[笑哭R],0,0,英国,0,1771876998000,2026-02-24T04:03:18,5f6f40b60000000001005da8,还是成了打工普普,同本硕econ能理解找工的苦，如果想钱多就去大厂做风控（因为金融前台难进中台薪低），但就是简历感觉好空[笑哭R],0
698df7ab000000001900155b,698d7b44000000000c034ee6,,,,cy[doge],0,0,陕西,0,1770911660000,2026-02-12T23:54:20,66a8ff37000000000d02642c,momo,cy[doge],0
698d940e000000000603087a,698d7b44000000000c034ee6,,,,bg很像，蹲一下,0,0,广东,0,1770886158000,2026-02-12T16:49:18,677eb050000000000300d7c2,花椒味朱古力酱炖咸萝卜干,bg很像，蹲一下,0
698d8088000000000400048c,698d7b44000000000c034ee6,,,698d8022000000000f02cd57,回国,1,0,美国,0,1770881161000,2026-02-12T15:26:01,5dca72e50000000001005024,Takaki,回国,0
688ee429000000002a01bc82,686bb5b50000000010026b6a,,,,uu想问问你二面结束后是稳定得过一周才能下吗，我是这周二面完的[皱眉R],1,7,上海,0,1754194986000,2025-08-03T12:23:06,684632a8000000001b02287f,Delvaux,uu想问问你二面结束后是稳定得过一周才能下吗，我是这周二面完的[皱眉R],0
696dc7e3000000000f029f4d,686bb5b50000000010026b6a,,,,请问质控面试和一面在内容上有区别吗，还是专业知识为主吗[害羞R],1,4,上海,0,1768802276000,2026-01-19T13:57:56,66ac5ee0000000001d022603,伊耿,请问质控面试和一面在内容上有区别吗，还是专业知识为主吗[害羞R],0
68b1ceb20000000002015baa,686bb5b50000000010026b6a,,,,uu你好，我昨天面完一面，mentor跟我加了微信，今天二面结束后一个多小时mentor跟我说hr面试通过了，但正式offer还要等一个审批流程，这种情况是不是已经挺稳了呀[皱眉R],0,5,重庆,0,1756483251000,2025-08-30T00:00:51,62d5f5df000000000303de99,Kassandra,uu你好，我昨天面完一面，mentor跟我加了微信，今天二面结束后一个多小时mentor跟我说hr面试通过了，但正式offer还要等一个审批流程，这种情况是不是已经挺稳了呀[皱眉R],0
6a049412000000002803c775,686bb5b50000000010026b6a,,,,请问质控面一般是问些什么问题？,0,2,湖北,0,1778684947000,2026-05-13T23:09:07,5cf8e3a2000000001800b2a5,YAN,请问质控面一般是问些什么问题？,0
688bc35a000000002b02ce96,686bb5b50000000010026b6a,,,,uu有中金财富fof的面经嘛,0,1,浙江,0,1753989979000,2025-08-01T03:26:19,62a876bf000000001902bd64,momo,uu有中金财富fof的面经嘛,0
69d5d1a80000000014009633,686bb5b50000000010026b6a,,,,一般都是二面完还有质控吗？ 刚收到二面（部门）应该后面还有质控吧,0,2,加拿大,0,1775620520000,2026-04-08T11:55:20,5cdf378200000000120057f9,DMei,一般都是二面完还有质控吗？ 刚收到二面（部门）应该后面还有质控吧,0
68cb7596000000003000d62a,686bb5b50000000010026b6a,,,,二面后offer前会有hr打电话嘛？,1,2,江苏,0,1758164375000,2025-09-18T10:59:35,5f819fc80000000001003f7f,小红薯62061520,二面后offer前会有hr打电话嘛？,0
68810b10000000001e01f4ce,686bb5b50000000010026b6a,,,,想问问推票时的估值应该怎么讲呢[害羞R],2,1,上海,0,1753287440000,2025-07-24T00:17:20,62a826c5000000001b029259,我有大头,想问问推票时的估值应该怎么讲呢[害羞R],0
6875bd910000000013037dc9,686bb5b50000000010026b6a,,,,uu你好，请问两轮面试包括后续的实习都可以线上吗[飞吻R],0,2,上海,0,1752546706000,2025-07-15T10:31:46,60fb8f03000000002002df89,Ray9501,uu你好，请问两轮面试包括后续的实习都可以线上吗[飞吻R],0
69df8eb8000000000202a803,686bb5b50000000010026b6a,,,,请问邮箱投递完了官网还需要投递吗？[害羞R]以及，投递到一面间隔多久呀？ 谢谢☺️,0,1,广东,0,1776258745000,2026-04-15T21:12:25,62d7bcfb000000000e00e8cc,哩哩小月🌙,请问邮箱投递完了官网还需要投递吗？[害羞R]以及，投递到一面间隔多久呀？ 谢谢☺️,0
688ee43c000000002a009c19,686bb5b50000000010026b6a,,,688ee429000000002a01bc82,对滴[害羞R],1,0,上海,0,1754195005000,2025-08-03T12:23:25,61208a18000000000101c1b2,余笑,对滴[害羞R],0
696dcb360000000005030929,686bb5b50000000010026b6a,,,696dc7e3000000000f029f4d,基本是简单的专业知识问题[doge],1,0,韩国,0,1768803126000,2026-01-19T14:12:06,61208a18000000000101c1b2,余笑,基本是简单的专业知识问题[doge],0
68b1d25a0000000030011039,686bb5b50000000010026b6a,,,68b1ceb20000000002015baa,对的[doge]已经过了mt急着找你干活啦,0,0,上海,0,1756484186000,2025-08-30T00:16:26,61208a18000000000101c1b2,余笑,对的[doge]已经过了mt急着找你干活啦,0
6a049a2900000000270164c6,686bb5b50000000010026b6a,,,6a049412000000002803c775,都有可能，看面试官想问啥，可能是简单的tech也可能是退个票，或者问些行为，但基本不刷人，不用担心,0,0,上海,0,1778686505000,2026-05-13T23:35:05,61208a18000000000101c1b2,余笑,都有可能，看面试官想问啥，可能是简单的tech也可能是退个票，或者问些行为，但基本不刷人，不用担心,0
688bdc77000000002a0089dc,686bb5b50000000010026b6a,,,688bc35a000000002b02ce96,🙂‍↔️,0,0,上海,0,1753996407000,2025-08-01T05:13:27,61208a18000000000101c1b2,余笑,🙂‍↔️,0
69d5d3da0000000002034f4e,686bb5b50000000010026b6a,,,69d5d1a80000000014009633,质控是必有的,0,0,上海,0,1775621083000,2026-04-08T12:04:43,61208a18000000000101c1b2,余笑,质控是必有的,0
68cb7fd5000000003001af55,686bb5b50000000010026b6a,,,68cb7596000000003000d62a,我是邮件确认offer接不接✅,1,0,上海,0,1758166997000,2025-09-18T11:43:17,61208a18000000000101c1b2,余笑,我是邮件确认offer接不接✅,0
6881742c00000000130352ba,686bb5b50000000010026b6a,,,68810b10000000001e01f4ce,原因+给xxx倍pe/pb/ps...dcf重要假设 收入未来三年增速及原因等等等[飞吻R],4,0,上海,0,1753314348000,2025-07-24T07:45:48,61208a18000000000101c1b2,余笑,原因+给xxx倍pe/pb/ps...dcf重要假设 收入未来三年增速及原因等等等[飞吻R],0
6875be040000000013036459,686bb5b50000000010026b6a,,,6875bd910000000013037dc9,面试有线上有线下（我两轮线上），实习要求线下[害羞R],0,0,上海,0,1752546820000,2025-07-15T10:33:40,61208a18000000000101c1b2,余笑,面试有线上有线下（我两轮线上），实习要求线下[害羞R],0
69df936d0000000002037c5c,686bb5b50000000010026b6a,,,69df8eb8000000000202a803,官网必须投递，间隔无法确定,0,0,上海,0,1776259950000,2026-04-15T21:32:30,61208a18000000000101c1b2,余笑,官网必须投递，间隔无法确定,0
689c14ef000000003001a9f7,686bb5b50000000010026b6a,,,,请问实习强度怎么样呀？学期中实习的话会忙不过来吗[石化R][皱眉R],0,1,江苏,0,1755059440000,2025-08-13T12:30:40,64830b26000000001100119f,蒜蒜头超脆,请问实习强度怎么样呀？学期中实习的话会忙不过来吗[石化R][皱眉R],0
6902cdbf0000000033005dd2,686bb5b50000000010026b6a,,,,你好[举手R]我这周一面完2面（英文自我介绍应该是质控面），请问是要等到下周才会有结果吗？,0,1,上海,0,1761791423000,2025-10-30T10:30:23,5f361ffe00000000010094b9,Choo,你好[举手R]我这周一面完2面（英文自我介绍应该是质控面），请问是要等到下周才会有结果吗？,0
689c17d30000000030007728,686bb5b50000000010026b6a,,,689c14ef000000003001a9f7,体感上还是蛮忙的，虽然我mentor下班时间除非业绩期（有会在晚上开之类的）其他情况都不会找你，但是白天写报告更数据库啥的都挺花时间的，上课的话大概就只能晚上压缩休息时间补进度啦[扯脸H],1,0,上海,0,1755060180000,2025-08-13T12:43:00,61208a18000000000101c1b2,余笑,体感上还是蛮忙的，虽然我mentor下班时间除非业绩期（有会在晚上开之类的）其他情况都不会找你，但是白天写报告更数据库啥的都挺花时间的，上课的话大概就只能晚上压缩休息时间补进度啦[扯脸H],0
6902d942000000003901cfe1,686bb5b50000000010026b6a,,,6902cdbf0000000033005dd2,对的[扯脸H],0,0,上海,0,1761794370000,2025-10-30T11:19:30,61208a18000000000101c1b2,余笑,对的[扯脸H],0
671cb16600000000020064eb,671ca97f0000000024016a6c,,,,关注首页，开启债市学习[皱眉R],0,0,上海,4,1729933670000,2024-10-26T17:07:50,6718f873000000001d032545,陆家嘴小Y研究笔记,关注首页，开启债市学习[皱眉R],0
671cb394000000001802a206,671ca97f0000000024016a6c,,,,利率债如果一般是以波段交易为主的话，不同机构考察收益表现的标准一般都是什么？,0,9,北京,0,1729934228000,2024-10-26T17:17:08,6279fb3400000000210247eb,Jing哥哥,利率债如果一般是以波段交易为主的话，不同机构考察收益表现的标准一般都是什么？,0
67321a190000000002004721,671ca97f0000000024016a6c,,,,请问城投债和产业债的信评哪个未来发展好一点,0,5,上海,0,1731336729000,2024-11-11T22:52:09,5ffac65d0000000001008c49,快乐小猪🥕,请问城投债和产业债的信评哪个未来发展好一点,0
6722c85c00000000190001f6,671ca97f0000000024016a6c,,,,请问利息债，信用，转债这三个方向的研究员，哪个最有前途，前景最好，为什么？？,1,9,重庆,0,1730332764000,2024-10-31T07:59:24,6348078e000000001901ce5f,小红薯6348A5B1,请问利息债，信用，转债这三个方向的研究员，哪个最有前途，前景最好，为什么？？,0
673a00460000000017027578,671ca97f0000000024016a6c,,,,想请问下大佬 今年拿到了一个公募QDII的海外宏观研究的offer 会cover海外的rates和主要大类资产[皱眉R]不知道这个能去吗 /会不会是坑呀,0,3,北京,0,1731854407000,2024-11-17T22:40:07,60462c6700000000010082cd,momo,想请问下大佬 今年拿到了一个公募QDII的海外宏观研究的offer 会cover海外的rates和主要大类资产[皱眉R]不知道这个能去吗 /会不会是坑呀,0
671e05b6000000001702c470,671ca97f0000000024016a6c,,,,想问信用怎么转投资[叹气R],0,1,北京,0,1730020790000,2024-10-27T17:19:50,53222db6b4c4d63cbef37751,明天是周末,想问信用怎么转投资[叹气R],0
671cb21d000000001b020525,671ca97f0000000024016a6c,,,,想问问固收交易转研究会不会很难，以及职业发展路径会差别很大吗[微笑R]，现在在做交易实习，以前也接触过一些固收研究，想了解一下两者的发展区别[皱眉R],0,1,广东,0,1729933854000,2024-10-26T17:10:54,61ece52a0000000010006437,mono,想问问固收交易转研究会不会很难，以及职业发展路径会差别很大吗[微笑R]，现在在做交易实习，以前也接触过一些固收研究，想了解一下两者的发展区别[皱眉R],0
672a3b60000000001b0028d7,671ca97f0000000024016a6c,,,,求问深度报告一般怎么写(｡･ω･｡)?,0,1,北京,0,1730820960000,2024-11-05T23:36:00,6689756c000000000303035c,明仔 &Mars,求问深度报告一般怎么写(｡･ω･｡)?,0
6732dd20000000001a011bc5,671ca97f0000000024016a6c,,,,金市债券交易员跳槽方向是哪呢,0,1,山东,0,1731386657000,2024-11-12T12:44:17,59dc6d2dde5fb462eccbbef9,ᅠᅠᅠ,金市债券交易员跳槽方向是哪呢,0
671cb23f0000000002006dbe,671ca97f0000000024016a6c,,,,y老师今天也太高产了[色色R][赞R][赞R],1,1,上海,0,1729933887000,2024-10-26T17:11:27,616794550000000002018b4f,一只小红薯,y老师今天也太高产了[色色R][赞R][赞R],0
671cc1fd000000001b0379f5,671ca97f0000000024016a6c,,,671cb394000000001802a206,一般公募基金和理财做波段比较多，是交易盘，公募基金考核相对排名，同时要控制回撤；银行自营、保险一般是配置盘，吃票息为主，做波段为辅，配置盘就是要考核匹配负债成本的绝对收益,0,0,上海,0,1729937918000,2024-10-26T18:18:38,6718f873000000001d032545,陆家嘴小Y研究笔记,一般公募基金和理财做波段比较多，是交易盘，公募基金考核相对排名，同时要控制回撤；银行自营、保险一般是配置盘，吃票息为主，做波段为辅，配置盘就是要考核匹配负债成本的绝对收益,0
6732a7dc000000001b024bf1,671ca97f0000000024016a6c,,,67321a190000000002004721,看产业债打好基础很重要；看了城投债，基本上很难转产业了,0,0,上海,0,1731373021000,2024-11-12T08:57:01,6718f873000000001d032545,陆家嘴小Y研究笔记,看产业债打好基础很重要；看了城投债，基本上很难转产业了,0
6722d930000000001b005a8a,671ca97f0000000024016a6c,,,6722c85c00000000190001f6,转债研究员相对少一点，从求职来看，还有需求,2,0,上海,0,1730337072000,2024-10-31T09:11:12,6718f873000000001d032545,陆家嘴小Y研究笔记,转债研究员相对少一点，从求职来看，还有需求,0
673a0cf4000000001b021ea9,671ca97f0000000024016a6c,,,673a00460000000017027578,得看是哪家公募了[笑哭R]太小的规模很难做起来,0,0,上海,0,1731857653000,2024-11-17T23:34:13,6718f873000000001d032545,陆家嘴小Y研究笔记,得看是哪家公募了[笑哭R]太小的规模很难做起来,0
671e1b9d000000001b02390d,671ca97f0000000024016a6c,,,671e05b6000000001702c470,跳槽，或者内部排队转基助[失望R],0,0,上海,0,1730026397000,2024-10-27T18:53:17,6718f873000000001d032545,陆家嘴小Y研究笔记,跳槽，或者内部排队转基助[失望R],0
671cc1590000000002007e36,671ca97f0000000024016a6c,,,671cb21d000000001b020525,实习的话，交易和研究差别还挺大的，但转换工作内容不难；正式工作的话，公募里交易转研究挺难的，转投资一般做货基，研究转投资一般做纯债，大行交易员另当别论[暗中观察R],0,0,上海,0,1729937753000,2024-10-26T18:15:53,6718f873000000001d032545,陆家嘴小Y研究笔记,实习的话，交易和研究差别还挺大的，但转换工作内容不难；正式工作的话，公募里交易转研究挺难的，转投资一般做货基，研究转投资一般做纯债，大行交易员另当别论[暗中观察R],0
672ab516000000001b026e83,671ca97f0000000024016a6c,,,672a3b60000000001b0028d7,讲起来有点复杂，后面我开帖子专门讲下深度报告的结构和主要内容[微笑R],0,0,上海,0,1730852118000,2024-11-06T08:15:18,6718f873000000001d032545,陆家嘴小Y研究笔记,讲起来有点复杂，后面我开帖子专门讲下深度报告的结构和主要内容[微笑R],0
6733250d000000001b037dd2,671ca97f0000000024016a6c,,,6732dd20000000001a011bc5,这几种比较常见：大行跳小行，走内部转岗，或者跳去非银机构做基金经理,0,0,上海,0,1731405070000,2024-11-12T17:51:10,6718f873000000001d032545,陆家嘴小Y研究笔记,这几种比较常见：大行跳小行，走内部转岗，或者跳去非银机构做基金经理,0
671cc18c000000001b020209,671ca97f0000000024016a6c,,,671cb23f0000000002006dbe,[暗中观察R]下雨在家疯狂输出中,0,0,上海,0,1729937805000,2024-10-26T18:16:45,6718f873000000001d032545,陆家嘴小Y研究笔记,[暗中观察R]下雨在家疯狂输出中,0
671cb232000000001b020c93,671ca97f0000000024016a6c,,,,发现大佬！学习一个[飞吻R],0,0,上海,0,1729933875000,2024-10-26T17:11:15,5a77b4644eacab0907f3e0b4,静候月落,发现大佬！学习一个[飞吻R],0
69d0794000000000150020df,671ca97f0000000024016a6c,,,,求问这三个方向的出差频率如何？信用和转债需要实地出差调研吗[皱眉R],0,0,北京,0,1775270208000,2026-04-04T10:36:48,5feaa107000000000101c165,万福金安,求问这三个方向的出差频率如何？信用和转债需要实地出差调研吗[皱眉R],0
67dfe86c0000000012021aa3,671ca97f0000000024016a6c,,,,请教博主理财的宏观研究员有什么跳槽出路呀[哭惹R],0,0,广东,0,1742727276000,2025-03-23T18:54:36,61bb1d270000000002022fda,一年级小朋友,请教博主理财的宏观研究员有什么跳槽出路呀[哭惹R],0
686f793f000000001e01bf68,671ca97f0000000024016a6c,,,,以后想进银行理财，做哪方面的好,0,0,浙江,0,1752136000000,2025-07-10T16:26:40,5edabf530000000001004b2e,秋,以后想进银行理财，做哪方面的好,0
672c75cb00000000180280d0,671ca97f0000000024016a6c,,,,想问问看三方金融机构偏运营的岗位转研究会不会很难呀。但平时可能也比较多能接触到信用债的调研这样。不知道这类的工作经历转信用研究会不会比较难[哭惹R],0,1,上海,0,1730966987000,2024-11-07T16:09:47,5645bb9a0bf90c3b602ea0b6,🎈一个懵圆,想问问看三方金融机构偏运营的岗位转研究会不会很难呀。但平时可能也比较多能接触到信用债的调研这样。不知道这类的工作经历转信用研究会不会比较难[哭惹R],0
6888de82000000002b004b6c,671ca97f0000000024016a6c,,,,老师好，想请教一下转债研究员的hours怎么样？感觉需要频繁调研跟踪公司，强度会不会比固收平均水平要高一些呀,0,0,广东,0,1753800323000,2025-07-29T22:45:23,638afd6f000000001f016f62,momo,老师好，想请教一下转债研究员的hours怎么样？感觉需要频繁调研跟踪公司，强度会不会比固收平均水平要高一些呀,0
672cb07b000000001b0224ff,671ca97f0000000024016a6c,,,672c75cb00000000180280d0,关键还是看自己有没有积累深度研究的能力[飞吻R]不过运营转研究确实很少见[笑哭R],0,0,上海,0,1730982011000,2024-11-07T20:20:11,6718f873000000001d032545,陆家嘴小Y研究笔记,关键还是看自己有没有积累深度研究的能力[飞吻R]不过运营转研究确实很少见[笑哭R],0
