comment_id,note_id,root_comment_id,parent_comment_id,target_comment_id,content,like_count,sub_comment_count,ip_location,status,create_time,create_time_iso,user_id,nickname,clean_content,keyword_hits
690a0d6500000000390020c0,6900bc2b0000000007022edb,,,,想问一下大佬，汇添富基金好不好，我家里帮我找了内推但是我并不太清楚这个公司，网上查说啥的都有，我的专业是应用统计不知道适不适合去这种公司[捂脸R][捂脸R][捂脸R],2,8,上海,0,1762266469000,2025-11-04T22:27:49,5e9dbaf0000000000100a08f,🌊,想问一下大佬，汇添富基金好不好，我家里帮我找了内推但是我并不太清楚这个公司，网上查说啥的都有，我的专业是应用统计不知道适不适合去这种公司[捂脸R][捂脸R][捂脸R],0
6900c3800000000037027660,6900bc2b0000000007022edb,,,,做公募量化完全不能理解了 薪资和成长性都不如私募啊,14,7,上海,0,1761657729000,2025-10-28T21:22:09,645cc5a1000000001002852f,春风十里,做公募量化完全不能理解了 薪资和成长性都不如私募啊,0
6900c06800000000390247f8,6900bc2b0000000007022edb,,,,第三段实习跟你做了一样的题目[doge]你mt也是wlt吧,3,2,广东,0,1761656937000,2025-10-28T21:08:57,5e9318380000000001006465,momo,第三段实习跟你做了一样的题目[doge]你mt也是wlt吧,0
696f6ad6000000000601ebbf,6900bc2b0000000007022edb,,,,[捂脸R]第三段和题主一个实习课题，更加感受到和题主的差距,1,0,北京,0,1768909526000,2026-01-20T19:45:26,64fa570b0000000005002b8b,鲨鱼哟syy,[捂脸R]第三段和题主一个实习课题，更加感受到和题主的差距,0
6900cbfe0000000038033c4c,6900bc2b0000000007022edb,,,,感觉第一段实习经历很有用哇[皱眉R][皱眉R],1,0,福建,0,1761659903000,2025-10-28T21:58:23,60fe4694000000000101fb12,GreysonDwn,感觉第一段实习经历很有用哇[皱眉R][皱眉R],0
6900beb3000000003300e2eb,6900bc2b0000000007022edb,,,,发产品了告诉我，我买[doge],0,0,广东,0,1761656500000,2025-10-28T21:01:40,618278250000000002018256,我是一个随机代号,发产品了告诉我，我买[doge],0
69073de10000000039023297,6900bc2b0000000007022edb,,,,1很有意思,0,0,上海,0,1762082274000,2025-11-02T19:17:54,5cfd15ff000000001602afc4,momo,1很有意思,0
6900d3ed000000003800e1e5,6900bc2b0000000007022edb,,,,想请教下博主红利策略那段研究得到的结论是什么呀[害羞R]很感兴趣,1,0,上海,0,1761661933000,2025-10-28T22:32:13,5f0d127d0000000001001c85,puppy,想请教下博主红利策略那段研究得到的结论是什么呀[害羞R]很感兴趣,0
6900c3ee00000000370253c5,6900bc2b0000000007022edb,,,,有留用吗,0,0,上海,0,1761657838000,2025-10-28T21:23:58,6305b717000000001200202e,dd,有留用吗,0
6903f13500000000330252a5,6900bc2b0000000007022edb,,,,样本外收益率如何,0,0,广东,0,1761866037000,2025-10-31T07:13:57,62b2cdea000000001902ad1d,F指导,样本外收益率如何,0
6948bcbb00000000380162e7,6900bc2b0000000007022edb,,,690a0d6500000000390020c0,学历不好能进汇添富偷着乐吧，什么岗位,10,0,上海,0,1766374587000,2025-12-22T11:36:27,560f81a88a75e160a7a70946,万能青年xx,学历不好能进汇添富偷着乐吧，什么岗位,0
6900c4f400000000390306ef,6900bc2b0000000007022edb,,,6900c3800000000037027660,哎就知道会有这样的声音。量化是市场中的一种流派，只是众多玩法中的一种，我的笔记中也写了这类流派的特点和理论基石。公募能给你一个自由的平台去接触各种各样的流派，并且做量化的课题，你也可以根据自己的兴趣去研究和探索，而不是老板让你干什么就必须干什么。积累出自己的盈利策略是可以帮家里做资产配置的，而这部分收入远比工资重要,46,0,北京,0,1761658100000,2025-10-28T21:28:20,5fba0ca30000000001005a2a,极昼の星光,哎就知道会有这样的声音。量化是市场中的一种流派，只是众多玩法中的一种，我的笔记中也写了这类流派的特点和理论基石。公募能给你一个自由的平台去接触各种各样的流派，并且做量化的课题，你也可以根据自己的兴趣去研究和探索，而不是老板让你干什么就必须干什么。积累出自己的盈利策略是可以帮家里做资产配置的，而这部分收入远比工资重要,0
6900c09000000000390235c6,6900bc2b0000000007022edb,,,6900c06800000000390247f8,第一段 红利轮动那个,0,0,广东,0,1761656976000,2025-10-28T21:09:36,5e9318380000000001006465,momo,第一段 红利轮动那个,0
692cfe6b0000000030027b91,6900bc2b0000000007022edb,,,,请问下UU这是暑期还是日常呀 谢谢（日常的话是怎么找的呀,0,0,北京,0,1764556396000,2025-12-01T10:33:16,65be357a000000000d03fe3c,小红薯65BE9948,请问下UU这是暑期还是日常呀 谢谢（日常的话是怎么找的呀,0
67bd950b000000001803e1e1,67bd937d000000000900c8c8,,,,有问题欢迎随时提问呀,0,0,北京,4,1740477708000,2025-02-25T18:01:48,66e53b55000000000d027cd7,爱研究的吉伊,有问题欢迎随时提问呀,0
681e0309000000000a0360e5,67bd937d000000000900c8c8,,,,请问暑期日常工作压力大吗,0,1,北京,0,1746797322000,2025-05-09T21:28:42,63ce9a51000000002702b855,理性人不理性,请问暑期日常工作压力大吗,0
67bdcadd0000000016015836,67bd937d000000000900c8c8,,,,投研简历大概卡到什么程度呀,3,4,北京,0,1740491486000,2025-02-25T21:51:26,5da88c7f0000000001003733,李子香草雪花酥,投研简历大概卡到什么程度呀,0
6965be23000000001803b319,67bd937d000000000900c8c8,,,,一般答辩完多久会通知答辩结果呢？,0,2,安徽,0,1768275491000,2026-01-13T11:38:11,633db421000000001802268b,momo,一般答辩完多久会通知答辩结果呢？,0
69fc3c74000000002a02f4fc,67bd937d000000000900c8c8,,,,算法岗怎么样啊,0,2,四川,0,1778138229000,2026-05-07T15:17:09,669f1084000000000b032988,雁斜日,算法岗怎么样啊,0
67c1257e0000000016011ab6,67bd937d000000000900c8c8,,,,想问下暑期会影响秋招吗？,0,3,江苏,0,1740711295000,2025-02-28T10:54:55,60d03433000000000101cf70,momo,想问下暑期会影响秋招吗？,0
67bdd70a0000000016035c3f,67bd937d000000000900c8c8,,,,请问之前大四时候投过一次直接挂简历后，会影响今年的投递吗？[笑哭R],0,1,北京,0,1740494603000,2025-02-25T22:43:23,5e2106d50000000001003cd0,梦月洗礼,请问之前大四时候投过一次直接挂简历后，会影响今年的投递吗？[笑哭R],0
67bd9a03000000001601c10d,67bd937d000000000900c8c8,,,,最终留用三人包含秋招吗还是纯暑期[doge][doge],6,2,上海,0,1740478980000,2025-02-25T18:23:00,63c403270000000026004d8b,星星今天亮了吗,最终留用三人包含秋招吗还是纯暑期[doge][doge],0
69acf503000000000d03fe3d,67bd937d000000000900c8c8,,,,请问暑期面试是线上还是线下呀,0,2,北京,0,1772942596000,2026-03-08T12:03:16,5f76b003000000000101f65b,翻斗花园牛爷爷,请问暑期面试是线上还是线下呀,0
69dfa104000000001400be49,67bd937d000000000900c8c8,,,,为什么投的是行研的 但是先收到了笔试啊没有面试[哭惹R],0,0,澳大利亚,0,1776263428000,2026-04-15T22:30:28,629457880000000015014e2f,胖虎小孩,为什么投的是行研的 但是先收到了笔试啊没有面试[哭惹R],0
681e128500000000030376e3,67bd937d000000000900c8c8,,,681e0309000000000a0360e5,暑期实习不会给你派什么工作的 就是自己写报告,6,0,北京,0,1746801285000,2025-05-09T22:34:45,66e53b55000000000d027cd7,爱研究的吉伊,暑期实习不会给你派什么工作的 就是自己写报告,0
67bdcba50000000018034e30,67bd937d000000000900c8c8,,,67bdcadd0000000016015836,Top4本硕 big name实习 且有高质量产出 如果是秋招偏好别家offeree,13,0,北京,0,1740491686000,2025-02-25T21:54:46,66e53b55000000000d027cd7,爱研究的吉伊,Top4本硕 big name实习 且有高质量产出 如果是秋招偏好别家offeree,0
6965d864000000001d0080f7,67bd937d000000000900c8c8,,,6965be23000000001803b319,一般当天都会有结论了 但是出结果还需要等等,0,0,上海,0,1768282212000,2026-01-13T13:30:12,66e53b55000000000d027cd7,爱研究的吉伊,一般当天都会有结论了 但是出结果还需要等等,0
69fc5a14000000002b000fdc,67bd937d000000000900c8c8,,,69fc3c74000000002a02f4fc,公募中后台吃大锅饭，算是性价比不错的去处,0,0,河南,0,1778145813000,2026-05-07T17:23:33,66e53b55000000000d027cd7,爱研究的吉伊,公募中后台吃大锅饭，算是性价比不错的去处,0
67c148b90000000019013d07,67bd937d000000000900c8c8,,,67c1257e0000000016011ab6,理论上无影响，实际上暑期没过秋招基本不太可能过[笑哭R],2,0,北京,0,1740720314000,2025-02-28T13:25:14,66e53b55000000000d027cd7,爱研究的吉伊,理论上无影响，实际上暑期没过秋招基本不太可能过[笑哭R],0
67bdd8fc0000000019010c3b,67bd937d000000000900c8c8,,,67bdd70a0000000016035c3f,肯定没影响啊[笑哭R],1,0,北京,0,1740495101000,2025-02-25T22:51:41,66e53b55000000000d027cd7,爱研究的吉伊,肯定没影响啊[笑哭R],0
67bda0ee0000000019004c4c,67bd937d000000000900c8c8,,,67bd9a03000000001601c10d,包括所有,0,0,广东,0,1740480751000,2025-02-25T18:52:31,5c2716e600000000070027e7,经济学爱好者momo,包括所有,0
69acf520000000001d0091ea,67bd937d000000000900c8c8,,,69acf503000000000d03fe3d,都是线下,0,0,上海,0,1772942624000,2026-03-08T12:03:44,66e53b55000000000d027cd7,爱研究的吉伊,都是线下,0
67fe223c000000001202115f,67bd937d000000000900c8c8,,,,求债券交易面经或流程[哭惹R],0,0,北京,0,1744708157000,2025-04-15T17:09:17,624ab112000000001000dcc5,无语死啦,求债券交易面经或流程[哭惹R],0
689c63400000000026035cbf,67bd937d000000000900c8c8,,,,答辩通过后一般还有几轮呀，是什么面,0,0,广东,0,1755079488000,2025-08-13T18:04:48,5ad4bb054eacab7079a65b55,大帅逼,答辩通过后一般还有几轮呀，是什么面,0
67e4b8830000000020016544,67bd937d000000000900c8c8,,,,研究部支持总是什么[笑哭R],0,0,安徽,0,1743042691000,2025-03-27T10:31:31,6523fd08000000002a018a18,蒋森,研究部支持总是什么[笑哭R],0
67e52f22000000001e03f378,67bd937d000000000900c8c8,,,,易方达是不是不能看应聘流程啊，我3.20号投递的到现在鳄鱼没动静[哭惹R],0,0,上海,0,1743073059000,2025-03-27T18:57:39,6576bf9e0000000020031dec,爱吃香菜,易方达是不是不能看应聘流程啊，我3.20号投递的到现在鳄鱼没动静[哭惹R],0
67f640b900000000200163b7,67bd937d000000000900c8c8,,,,易方达权益研究跟其他岗笔试时间一样吗,1,0,上海,0,1744191673000,2025-04-09T17:41:13,62257ad30000000010006f20,天,易方达权益研究跟其他岗笔试时间一样吗,0
69ab0656000000000b0365d0,69a82964000000001503ba90,,,,求教如果背景不出清北复交人的话 博主这样的985背景同学还有机会吗[哭惹R][哭惹R][哭惹R],0,2,马来西亚,0,1772815958000,2026-03-07T00:52:38,5f16b9f70000000001002fc6,小春日和Agnes,求教如果背景不出清北复交人的话 博主这样的985背景同学还有机会吗[哭惹R][哭惹R][哭惹R],0
69a9130800000000040031f2,69a82964000000001503ba90,,,,支持,1,1,广东,0,1772688137000,2026-03-05T13:22:17,603a83d500000000010051e6,肖恩不姓肖,支持,0
69a83ca60000000005030749,69a82964000000001503ba90,,,,来支持yun老师,0,2,上海,0,1772633255000,2026-03-04T22:07:35,6002e822000000000101cab6,面包猫猫,来支持yun老师,0
69a8de40000000000c00931a,69a82964000000001503ba90,,,,“不出清北复交人”[呃R][呃R][呃R],0,0,上海,0,1772674625000,2026-03-05T09:37:05,60339e9000000000010058a5,落英缤纷,“不出清北复交人”[呃R][呃R][呃R],0
69a906d900000000060331b3,69a82964000000001503ba90,,,,支持离开[派对R][派对R][派对R],0,0,北京,0,1772685018000,2026-03-05T12:30:18,62dba71e000000001f015a0b,Selma,支持离开[派对R][派对R][派对R],0
69a8384a000000001101a502,69a82964000000001503ba90,,,,大运子老师最后是去北京的央国企了吗,1,0,北京,0,1772632138000,2026-03-04T21:48:58,648b5fe900000000250368a7,momo,大运子老师最后是去北京的央国企了吗,0
69a82ff500000000050301fa,69a82964000000001503ba90,,,,来支持老师回归了[萌萌哒R],1,0,新疆,0,1772630005000,2026-03-04T21:13:25,621c341700000000100068ff,HollowLin,来支持老师回归了[萌萌哒R],0
69a8f1540000000009020554,69a82964000000001503ba90,,,,还是投入二级的怀抱了吗[doge],0,1,广东,0,1772679508000,2026-03-05T10:58:28,6089257d0000000001006518,Cosmoz,还是投入二级的怀抱了吗[doge],0
69a840cc0000000009023e25,69a82964000000001503ba90,,,,来支持☁老师,0,0,北京,0,1772634316000,2026-03-04T22:25:16,65095eae000000001200434d,大菠萝_17,来支持☁老师,0
69a846a1000000000803025d,69a82964000000001503ba90,,,,☁️✌️,0,0,广东,0,1772635810000,2026-03-04T22:50:10,60cae78200000000010053b9,不煮咖啡的汉斯,☁️✌️,0
69ab06ed000000000f02652a,69a82964000000001503ba90,,,69ab0656000000000b0365d0,不知道[doge]反正主包挂了咯,0,0,上海,0,1772816109000,2026-03-07T00:55:09,5f357c9300000000010059b8,大运子,不知道[doge]反正主包挂了咯,0
69a916f20000000003012a1f,69a82964000000001503ba90,,,69a9130800000000040031f2,老师是否和我决战大湾区[生气R],0,0,上海,0,1772689138000,2026-03-05T13:38:58,5f357c9300000000010059b8,大运子,老师是否和我决战大湾区[生气R],0
69a84083000000001d009363,69a82964000000001503ba90,,,69a83ca60000000005030749,你是谁[坏笑R],0,0,上海,0,1772634244000,2026-03-04T22:24:04,5f357c9300000000010059b8,大运子,你是谁[坏笑R],0
69a91704000000000f0290ab,69a82964000000001503ba90,,,69a8f1540000000009020554,[doge],0,0,上海,-2,1772689157000,2026-03-05T13:39:17,5f357c9300000000010059b8,大运子,[doge],0
67ed31f9000000001e00cea5,67e633cf000000001d027c9a,,,,分公司吧,0,0,上海,0,1743598074000,2025-04-02T20:47:54,5fcd10d3000000000101c4d5,远山（有女朋友版）,分公司吧,0
69bb6a360000000001004fb2,67e633cf000000001d027c9a,,,,宝宝方便问一下这个岗位日常工作是什么呀[飞吻R][飞吻R],0,0,广东,0,1773890103000,2026-03-19T11:15:03,61e2da7c000000001000c253,一粒苹果酒,宝宝方便问一下这个岗位日常工作是什么呀[飞吻R][飞吻R],0
69a995c5000000000c0143c8,67e633cf000000001d027c9a,,,,你好～请问是什么岗位呀,1,0,广东,0,1772721606000,2026-03-05T22:40:06,62a71ae0000000001b02b161,多多爱睡觉,你好～请问是什么岗位呀,0
68957a89000000002903d006,67e633cf000000001d027c9a,,,,华西基金吗,0,0,上海,0,1754626698000,2025-08-08T12:18:18,5b4386994eacab240c6d487a,方法还,华西基金吗,0
69c433f7000000000203447c,67e633cf000000001d027c9a,,,,您好 想礼貌问问是什么岗位？,0,0,上海,0,1774466039000,2026-03-26T03:13:59,5f068cd10000000001000981,climbupthemoon_7,您好 想礼貌问问是什么岗位？,0
69d89e59000000000103e5d5,67e633cf000000001d027c9a,,,,姐姐姐姐可以求一下面经吗[完啦R][完啦R],0,0,四川,0,1775803993000,2026-04-10T14:53:13,686c009b000000001e002f91,沈一石,姐姐姐姐可以求一下面经吗[完啦R][完啦R],0
6851686a000000000401d88a,67e633cf000000001d027c9a,,,,看起来像是嘉实哈哈哈,0,0,辽宁,0,1750165611000,2025-06-17T21:06:51,5e325a5a000000000100384e,叶无道,看起来像是嘉实哈哈哈,0
69cbb9890000000015011bcc,67e633cf000000001d027c9a,,,,学姐求推荐[萌萌哒R],0,0,四川,0,1774958986000,2026-03-31T20:09:46,5f0eb9d10000000001003d3f,兜兜有贝才,学姐求推荐[萌萌哒R],0
684af1ec000000001102d68a,67e633cf000000001d027c9a,,,,姐姐求问🥺马上要去公募基金的相关行业实习了，想恶补一下知识可以请问一下有没有什么书或者资料可以推荐吗？谢谢[害羞R],1,0,上海,0,1749742061000,2025-06-12T23:27:41,5a2bbeba11be107728c3d88f,茶融_charon,姐姐求问🥺马上要去公募基金的相关行业实习了，想恶补一下知识可以请问一下有没有什么书或者资料可以推荐吗？谢谢[害羞R],0
67e697ab000000001f00669d,67e633cf000000001d027c9a,,,,姐姐带带,1,1,上海,0,1743165355000,2025-03-28T20:35:55,6020ba5a000000000101c324,Sahh,姐姐带带,0
67e6b8da000000001f005686,67e633cf000000001d027c9a,,,67e697ab000000001f00669d,[皱眉R]姐姐以后招我做你的实习生好不好？,2,0,四川,0,1743173851000,2025-03-28T22:57:31,5a6354ed4eacab596c09db96,宝剑公主,[皱眉R]姐姐以后招我做你的实习生好不好？,0
696282e4000000000f02f760,67e633cf000000001d027c9a,,,,请问方便了解下投递渠道嘛[皱眉R][皱眉R],0,0,湖北,0,1768063716000,2026-01-11T00:48:36,66e2fdc0000000001e008ce4,麦一Mai,请问方便了解下投递渠道嘛[皱眉R][皱眉R],0
67e63a31000000001e014da1,67e633cf000000001d027c9a,,,,你是哪个带教姐姐 我去年也在这实习哈哈哈哈,0,0,四川,0,1743141426000,2025-03-28T13:57:06,5b0aedf211be1019a341ec06,晚春拾叁,你是哪个带教姐姐 我去年也在这实习哈哈哈哈,0
67e6cf95000000001e015c0b,67e633cf000000001d027c9a,,,,项链很搭 [赞R],2,1,四川,0,1743179670000,2025-03-29T00:34:30,64e58e4f0000000001010b23,立哲,项链很搭 [赞R],0
67e6361a000000001200082f,67e633cf000000001d027c9a,,,,目前实习生名额已经满了哦[萌萌哒R],0,0,四川,0,1743140378000,2025-03-28T13:39:38,5a6354ed4eacab596c09db96,宝剑公主,目前实习生名额已经满了哦[萌萌哒R],0
67e7f3e3000000001200a3fc,67e633cf000000001d027c9a,,,67e6cf95000000001e015c0b,谢谢～,2,0,四川,0,1743254500000,2025-03-29T21:21:40,5a6354ed4eacab596c09db96,宝剑公主,谢谢～,0
65f57d2a000000001600570e,65c33dcf000000002d0019d8,,,,实习快一个月了，发现这个岗也许对有过以下经历的人有偏好：1.策略组2.金工组3.量化研究4.FOF研究（仅个人观察总结）,5,3,广东,4,1710587178000,2024-03-16T19:06:18,5f103842000000000101cf88,ciSquare_,实习快一个月了，发现这个岗也许对有过以下经历的人有偏好：1.策略组2.金工组3.量化研究4.FOF研究（仅个人观察总结）,0
6641d0b3000000001202de1e,65c33dcf000000002d0019d8,,,,方便问下姐妹公募基金的产品研究岗工作内容大概是什么嘛~,0,13,广东,0,1715589299000,2024-05-13T16:34:59,5b51ef0c4eacab28c6aba4a9,多吃蔬菜,方便问下姐妹公募基金的产品研究岗工作内容大概是什么嘛~,0
65c483230000000011010af0,65c33dcf000000002d0019d8,,,,这几个问题和行研有关系么[笑哭R],0,2,广东,0,1707377443000,2024-02-08T15:30:43,61b591560000000010005a8a,BUG挖掘机,这几个问题和行研有关系么[笑哭R],0
66754494000000000d00f26d,65c33dcf000000002d0019d8,,,,姐妹我也想求问产品岗的工作内容有啥[皱眉R][皱眉R],0,1,广东,0,1718961301000,2024-06-21T17:15:01,604b6d020000000001003437,zqwconanz,姐妹我也想求问产品岗的工作内容有啥[皱眉R][皱眉R],0
65ddb0e40000000004016562,65c33dcf000000002d0019d8,,,,请问啥叫从卖方的角度呀？不都是那几点，行业公司怎么怎么样[皱眉R],0,1,中国香港,0,1709027556000,2024-02-27T17:52:36,5f73f5ff0000000001005f0d,黄鱼年糕🧀,请问啥叫从卖方的角度呀？不都是那几点，行业公司怎么怎么样[皱眉R],0
681b7cfc000000000900c0a5,65c33dcf000000002d0019d8,,,,求问uu 公募基金产品岗职业发展怎么样呢，未来职业路径大概什么样子丫，以及待遇如何呢,1,0,上海,0,1746631932000,2025-05-07T23:32:12,60d2b81b0000000020024e66,销倦,求问uu 公募基金产品岗职业发展怎么样呢，未来职业路径大概什么样子丫，以及待遇如何呢,0
68d25f5e000000002600503e,65c33dcf000000002d0019d8,,,,想问一下公募产品主要是做什么呀,0,0,新加坡,0,1758617439000,2025-09-23T16:50:39,604a00a8000000000101e970,Potato Salad,想问一下公募产品主要是做什么呀,0
6900a4790000000033027896,65c33dcf000000002d0019d8,,,,姐妹我也是24fall hku的哈哈哈 想进一步问问公募产品研究岗的内容 请问你方便嘛？,0,0,广东,0,1761649786000,2025-10-28T19:09:46,598ff63350c4b4643c942c56,虾人王,姐妹我也是24fall hku的哈哈哈 想进一步问问公募产品研究岗的内容 请问你方便嘛？,0
69870acd0000000005030f3f,65c33dcf000000002d0019d8,,,,求面试经验[皱眉R],0,0,四川,0,1770457806000,2026-02-07T17:50:06,5b189a924eacab0197e409d1,Christian,求面试经验[皱眉R],0
680b90e5000000001f00db45,65c33dcf000000002d0019d8,,,,求面试经验～,0,0,上海,0,1745588453000,2025-04-25T21:40:53,5aa0c81f11be10486d2bfa73,momo,求面试经验～,0
6915b2490000000039022358,65c33dcf000000002d0019d8,,,65f57d2a000000001600570e,回归、、一年多过去了， 基金产品 、总行产品、百亿私募产品都深度参与过了，综合来看还是基金产品性价比最高。,2,0,广东,0,1763029577000,2025-11-13T18:26:17,5f103842000000000101cf88,ciSquare_,回归、、一年多过去了， 基金产品 、总行产品、百亿私募产品都深度参与过了，综合来看还是基金产品性价比最高。,0
664203ad0000000009002532,65c33dcf000000002d0019d8,,,6641d0b3000000001202de1e,宝我私你,0,0,广东,0,1715602349000,2024-05-13T20:12:29,5f103842000000000101cf88,ciSquare_,宝我私你,0
65c4849800000000080097d7,65c33dcf000000002d0019d8,,,65c483230000000011010af0,关于行研的问题是在简历面里问滴,0,0,广东,0,1707377816000,2024-02-08T15:36:56,5f103842000000000101cf88,ciSquare_,关于行研的问题是在简历面里问滴,0
6675500f000000001b010d74,65c33dcf000000002d0019d8,,,66754494000000000d00f26d,我来啦,0,0,广东,0,1718964239000,2024-06-21T18:03:59,5f103842000000000101cf88,ciSquare_,我来啦,0
65dde3880000000004029969,65c33dcf000000002d0019d8,,,65ddb0e40000000004016562,卖方的研究大多是定性分析，但是买方研究除了需要定性还需要定量，所以按照卖方介绍的话很容易被问的语塞[石化R],4,0,广东,0,1709040520000,2024-02-27T21:28:40,5f103842000000000101cf88,ciSquare_,卖方的研究大多是定性分析，但是买方研究除了需要定性还需要定量，所以按照卖方介绍的话很容易被问的语塞[石化R],0
65c469f1000000001003daff,65c33dcf000000002d0019d8,,,,真的..战略也是 一直被质疑,1,0,中国香港,0,1707370993000,2024-02-08T13:43:13,6386ba2c000000001d01badc,AI,真的..战略也是 一直被质疑,0
6767d432000000001200a88e,65c33dcf000000002d0019d8,,,,求经验,0,0,天津,0,1734857779000,2024-12-22T16:56:19,671caf23000000001d033f9b,用户7924933560,求经验,0
682f35ed000000000b01fec4,681b18490000000023014ae2,,,,d d,0,2,广东,0,1747924461000,2025-05-22T22:34:21,65290915000000002a0297f5,我本楚狂人,d d,0
681c6ac9000000000900dd73,681b18490000000023014ae2,,,,官网招聘吗,0,1,四川,0,1746692810000,2025-05-08T16:26:50,6534f5160000000004009cd3,电力设备外贸 李,官网招聘吗,0
68e7b44d0000000039030326,681b18490000000023014ae2,,,,求,0,0,黑龙江,0,1760015438000,2025-10-09T21:10:38,67413b690000000001000776,🖤🖤🖤,求,0
682f361a0000000007034723,681b18490000000023014ae2,,,,易方达｜面试真经,0,0,广东,0,1747924507000,2025-05-22T22:35:07,66d186c4000000000d0255e3,求职青年,易方达｜面试真经,0
69789ab200000000180207db,681b18490000000023014ae2,,,,dd,0,1,广东,0,1769511603000,2026-01-27T19:00:03,5946bcfb5e87e72e489da68e,叶子,dd,0
682f360c000000000703422b,681b18490000000023014ae2,,,682f35ed000000000b01fec4,滴滴[举手R],0,0,广东,0,1747924492000,2025-05-22T22:34:52,66d186c4000000000d0255e3,求职青年,滴滴[举手R],0
681ffe5b0000000009039682,681b18490000000023014ae2,,,681c6ac9000000000900dd73,是的,1,0,广东,0,1746927196000,2025-05-11T09:33:16,66d186c4000000000d0255e3,求职青年,是的,0
6978b6ce0000000006009063,681b18490000000023014ae2,,,69789ab200000000180207db,滴滴[捂脸R],0,0,广东,0,1769518798000,2026-01-27T20:59:58,66d186c4000000000d0255e3,求职青年,滴滴[捂脸R],0
69fa924a000000002b027e63,69f2dd6a00000000350319b2,,,,建议2，1很快会被ai代替，个体户裁人很快，xq风评也一般,1,4,北京,0,1778029131000,2026-05-06T08:58:51,6024c9a4000000000101ef6c,冰镇可乐,建议2，1很快会被ai代替，个体户裁人很快，xq风评也一般,0
69f96d6b0000000028031b01,69f2dd6a00000000350319b2,,,,"稳字当头吧，我前司比你这个规模还大点，你看看我在干啥。前同事还去了一个500e的私募，天天跟我嗷嗷喊，流动性非常大，不是自己辞职。一边老员工不续签，一边开低价，找便宜好用的新员工。
公募跳私募还是很容易的，刚毕业就去私募有点亏[失望R][失望R][失望R]",2,8,江苏,0,1777954155000,2026-05-05T12:09:15,69743d03000000001d01e3e9,我是找阿姨的-全国可派,稳字当头吧，我前司比你这个规模还大点，你看看我在干啥。前同事还去了一个500e的私募，天天跟我嗷嗷喊，流动性非常大，不是自己辞职。一边老员工不续签，一边开低价，找便宜好用的新员工。 公募跳私募还是很容易的，刚毕业就去私募有点亏[失望R][失望R][失望R],0
69f2df3900000000280363df,69f2dd6a00000000350319b2,,,,站在2024年，你是选白酒里千亿的茅台，还是ai里的几十亿的中际旭创[偷笑R],8,5,北京,0,1777524538000,2026-04-30T12:48:58,5ff9154900000000010025e2,MomoQuant,站在2024年，你是选白酒里千亿的茅台，还是ai里的几十亿的中际旭创[偷笑R],0
69f30bd700000000270152a7,69f2dd6a00000000350319b2,,,,1是xq？,0,5,上海,0,1777535960000,2026-04-30T15:59:20,5fb1f9fc0000000001008b40,菲律宾疯女,1是xq？,0
69f2f650000000002b0281ed,69f2dd6a00000000350319b2,,,,要稳定就中后台，要干业务就前台。没有更好的说法，看你更需要什么。去中后台可能5年都是一个样，也可能被贵人发掘提拔平步青云，去私募可能5年倒闭，也可能开始管账户那到天价奖金直接财富自由。,16,0,北京,0,1777530448000,2026-04-30T14:27:28,61064143000000000100155c,控制箱,要稳定就中后台，要干业务就前台。没有更好的说法，看你更需要什么。去中后台可能5年都是一个样，也可能被贵人发掘提拔平步青云，去私募可能5年倒闭，也可能开始管账户那到天价奖金直接财富自由。,0
69f402b8000000002a02f3fa,69f2dd6a00000000350319b2,,,,这bg拿的offer都很好哇,3,1,广东,0,1777599161000,2026-05-01T09:32:41,5e76fccd0000000001003e41,momo,这bg拿的offer都很好哇,0
69fec3ca000000002a0338ed,69f2dd6a00000000350319b2,,,,末尾公募去啥啊,0,0,山东,0,1778303946000,2026-05-09T13:19:06,659aad6c0000000022013196,momo,末尾公募去啥啊,0
69f31ea2000000002901bf1a,69f2dd6a00000000350319b2,,,,肯定百亿私募,1,0,上海,0,1777540770000,2026-04-30T17:19:30,5caee7c5000000001700d786,Jason,肯定百亿私募,0
69f5dfcf000000002900fddd,69f2dd6a00000000350319b2,,,,N 大概 1.5 吗？，那第一个很高了呀,0,0,北京,0,1777721296000,2026-05-02T19:28:16,656583c9000000003c01cacd,哈哈,N 大概 1.5 吗？，那第一个很高了呀,0
69f4bc94000000002800b4bd,69f2dd6a00000000350319b2,,,,1是tt？,0,0,广东,0,1777646741000,2026-05-01T22:45:41,60d27b0c0000000001005f3a,叶桦宸,1是tt？,0
69fa9bac000000002800b983,69f2dd6a00000000350319b2,,,69fa924a000000002b027e63,但是2业绩归因会不会更早被ai代替呢，1毕竟是做前台，涉及一些基金和权益研究还有资产配置，会不会发展比2好一些,0,0,辽宁,0,1778031533000,2026-05-06T09:38:53,64146e290000000011020c33,emo的momo,但是2业绩归因会不会更早被ai代替呢，1毕竟是做前台，涉及一些基金和权益研究还有资产配置，会不会发展比2好一些,0
69f992d5000000002701c017,69f2dd6a00000000350319b2,,,69f96d6b0000000028031b01,啊为什么会这样呀[石化R],0,0,辽宁,0,1777963733000,2026-05-05T14:48:53,64146e290000000011020c33,emo的momo,啊为什么会这样呀[石化R],0
69f2e034000000002702fd03,69f2dd6a00000000350319b2,,,69f2df3900000000280363df,wow 大佬很一针见血呀哈哈 但是我还是在这纠结 都说公募平台更好 但是可能从💰的角度不如直接去私募前台投研？,4,0,山东,0,1777524789000,2026-04-30T12:53:09,64146e290000000011020c33,emo的momo,wow 大佬很一针见血呀哈哈 但是我还是在这纠结 都说公募平台更好 但是可能从💰的角度不如直接去私募前台投研？,0
69f30ef30000000029026d11,69f2dd6a00000000350319b2,,,69f30bd700000000270152a7,我也感觉[笑哭R],0,0,北京,0,1777536755000,2026-04-30T16:12:35,560dec6133f60c3266458807,Deborah,我也感觉[笑哭R],0
69f41d1e000000002702e8d1,69f2dd6a00000000350319b2,,,69f402b8000000002a02f3fa,可能实习比较多比较杂吧[笑哭R],0,0,山东,0,1777605919000,2026-05-01T11:25:19,64146e290000000011020c33,emo的momo,可能实习比较多比较杂吧[笑哭R],0
69f38b8a000000002702cc3d,69f2dd6a00000000350319b2,,,,前台压力很大的,0,0,北京,0,1777568651000,2026-05-01T01:04:11,66ec89cc000000001d021d69,小红薯6A0578B7,前台压力很大的,0
69f5df7a000000002803d920,69f2dd6a00000000350319b2,,,,在陈老师直播间看到你了，昨天连的麦[偷笑R],0,0,北京,0,1777721211000,2026-05-02T19:26:51,656583c9000000003c01cacd,哈哈,在陈老师直播间看到你了，昨天连的麦[偷笑R],0
69f7d8ca000000002a02fb86,69f2dd6a00000000350319b2,,,,这俩都一般,0,0,山东,0,1777850571000,2026-05-04T07:22:51,65d46b89000000000401e7e9,孙叔黍,这俩都一般,0
69facc45000000002b003163,69f2dd6a00000000350319b2,,,,投研共享么,0,0,广东,0,1778043974000,2026-05-06T13:06:14,5c1ca5ba000000000602e7e0,精神食粮,投研共享么,0
69f7c671000000002a026356,69f2dd6a00000000350319b2,,,,哪个上限高去哪个,0,0,德国,0,1777845874000,2026-05-04T06:04:34,5af71b7511be10204c15d6f0,今天多云,哪个上限高去哪个,0
69f31a36000000000d021c00,69f2dd6a00000000350319b2,,,,肯定不去这个业绩归因,0,0,中国香港,0,1777539638000,2026-04-30T17:00:38,5f291176000000000100373b,邪惡雞翅包飯,肯定不去这个业绩归因,0
69f33f77000000002b001a2a,69f2dd6a00000000350319b2,,,,干金融能去前台就去前台啊,0,0,广东,0,1777549175000,2026-04-30T19:39:35,594cb25f82ec39696e1bcf86,南曦🌻🌻,干金融能去前台就去前台啊,0
69f2e084000000002701774b,69f2dd6a00000000350319b2,,,,业绩归因有啥发展啊。。。,5,9,上海,-2,1777524869000,2026-04-30T12:54:29,65f2cc38000000000b033ff3,水蒸气,业绩归因有啥发展啊。。。,0
69f346e60000000029024de4,69f2dd6a00000000350319b2,,,,fof哪有百亿的[笑哭R],0,1,浙江,-2,1777551079000,2026-04-30T20:11:19,570f9b8caed7583c3fbcf0b8,kelly在路上,fof哪有百亿的[笑哭R],0
69f2e193000000002702a3e0,69f2dd6a00000000350319b2,,,69f2e084000000002701774b,HR和部门总给我画饼说能内部转前台的FOF研究[笑哭R],2,0,山东,0,1777525140000,2026-04-30T12:59:00,64146e290000000011020c33,emo的momo,HR和部门总给我画饼说能内部转前台的FOF研究[笑哭R],0
69f3671700000000270143f1,69f2dd6a00000000350319b2,,,69f346e60000000029024de4,不止fof一个产品 还有其他股 债 CTA 但是我的主要工作是做fof,0,0,山东,0,1777559319000,2026-04-30T22:28:39,64146e290000000011020c33,emo的momo,不止fof一个产品 还有其他股 债 CTA 但是我的主要工作是做fof,0
67016aaf0000000027010bec,67016a65000000002c029631,,,,欢迎大家提问捏[皱眉R],0,1,北京,4,1728146096000,2024-10-06T00:34:56,66e53b55000000000d027cd7,爱研究的吉伊,欢迎大家提问捏[皱眉R],0
6773ad1b000000001200f6ca,67016a65000000002c029631,,,,求问中金rs与光源资本战略组offer选哪个？哪个titled大一些？[皱眉R],1,3,上海,0,1735634203000,2024-12-31T16:36:43,62a9d56e0000000019028e32,幸运牛油果🥑,求问中金rs与光源资本战略组offer选哪个？哪个titled大一些？[皱眉R],0
67023d6e000000002002388b,67016a65000000002c029631,,,,来了[皱眉R][皱眉R][皱眉R]请问买方日常投研面试应该怎么准备呀！,2,2,北京,0,1728200047000,2024-10-06T15:34:07,61fbbe29000000001000eb4c,三二一十人,来了[皱眉R][皱眉R][皱眉R]请问买方日常投研面试应该怎么准备呀！,0
6703f92b0000000024037b0d,67016a65000000002c029631,,,,真的很很很很有用，期待姐姐继续更[皱眉R],1,3,上海,0,1728313644000,2024-10-07T23:07:24,650e6af50000000016039687,其实不懒的懒羊羊,真的很很很很有用，期待姐姐继续更[皱眉R],0
67047894000000002a028a15,67016a65000000002c029631,,,,想请教在买方每天没有活干怎么办呢[皱眉R][皱眉R],3,3,北京,0,1728346260000,2024-10-08T08:11:00,5f504ede000000000100ac83,暗涌,想请教在买方每天没有活干怎么办呢[皱眉R][皱眉R],0
6712895e0000000027022d20,67016a65000000002c029631,,,,好厉害[哭惹R][哭惹R],0,4,天津,3,1729268063000,2024-10-19T00:14:23,63f8dcc9000000000f011ced,Jenny 🐢,好厉害[哭惹R][哭惹R],0
67016bff00000000240349fb,67016a65000000002c029631,,,,🐮[皱眉R],0,1,上海,0,1728146432000,2024-10-06T00:40:32,612369b4000000000101d84a,leon,🐮[皱眉R],0
67018218000000000f00dbc6,67016a65000000002c029631,,,,太有用了[哭惹R]打破信息茧房！,0,0,广东,0,1728152089000,2024-10-06T02:14:49,61b05f100000000010008285,momo,太有用了[哭惹R]打破信息茧房！,0
67b2fe9b000000001b03bbed,67016a65000000002c029631,,,,公募实习比卖方难找很多的话，之后工作面试含金量会比卖方高吗[害羞R],0,2,上海,-2,1739783836000,2025-02-17T17:17:16,5fbf7d460000000001003349,malmquist001,公募实习比卖方难找很多的话，之后工作面试含金量会比卖方高吗[害羞R],0
67016bcf000000002a02c473,67016a65000000002c029631,,,67016aaf0000000027010bec,[害羞R]本期主要重心在买方～,1,0,北京,0,1728146384000,2024-10-06T00:39:44,66e53b55000000000d027cd7,爱研究的吉伊,[害羞R]本期主要重心在买方～,0
6773cd3f000000001200db48,67016a65000000002c029631,,,6773ad1b000000001200f6ca,看宝你之后想做什么行业 其实两个title都ok[吧唧R],0,0,北京,0,1735642431000,2024-12-31T18:53:51,66e53b55000000000d027cd7,爱研究的吉伊,看宝你之后想做什么行业 其实两个title都ok[吧唧R],0
6702409f000000002a028910,67016a65000000002c029631,,,67023d6e000000002002388b,下篇安排这个[赞R],0,0,北京,0,1728200864000,2024-10-06T15:47:44,66e53b55000000000d027cd7,爱研究的吉伊,下篇安排这个[赞R],0
6703f985000000002a02e677,67016a65000000002c029631,,,6703f92b0000000024037b0d,加油哇宝汁[飞吻R] 我研二相对比较闲 预计这一年都会更新的,0,0,北京,0,1728313733000,2024-10-07T23:08:53,66e53b55000000000d027cd7,爱研究的吉伊,加油哇宝汁[飞吻R] 我研二相对比较闲 预计这一年都会更新的,0
67049128000000002a029033,67016a65000000002c029631,,,67047894000000002a028a15,可以和代教沟通一下，看看能不能有更多的机会；或者自学为主，多去听听公司的晨会、报告会等。实习之余需要消化公司的各种资源、找同辈交流、找前辈mock等等[赞R]不用焦虑实习没有活[赞R],3,0,北京,0,1728352553000,2024-10-08T09:55:53,66e53b55000000000d027cd7,爱研究的吉伊,可以和代教沟通一下，看看能不能有更多的机会；或者自学为主，多去听听公司的晨会、报告会等。实习之余需要消化公司的各种资源、找同辈交流、找前辈mock等等[赞R]不用焦虑实习没有活[赞R],0
67128aa7000000002a02b056,67016a65000000002c029631,,,6712895e0000000027022d20,[皱眉R]为我喜欢的工作努力,1,0,北京,0,1729268391000,2024-10-19T00:19:51,66e53b55000000000d027cd7,爱研究的吉伊,[皱眉R]为我喜欢的工作努力,0
67016ccc000000002a02c5d2,67016a65000000002c029631,,,67016bff00000000240349fb,[害羞R],1,0,北京,0,1728146637000,2024-10-06T00:43:57,66e53b55000000000d027cd7,爱研究的吉伊,[害羞R],0
67b3174300000000190129bf,67016a65000000002c029631,,,67b2fe9b000000001b03bbed,啊这个不好说 还是要具体看title 但是整体上看是的,0,0,北京,0,1739790147000,2025-02-17T19:02:27,66e53b55000000000d027cd7,爱研究的吉伊,啊这个不好说 还是要具体看title 但是整体上看是的,0
6737a1a7000000001702e937,67377ed1000000003c01a904,,,,哪里找的呀,2,1,上海,0,1731699112000,2024-11-16T03:31:52,5fcd10d3000000000101c4d5,远山（有女朋友版）,哪里找的呀,0
67387e8a000000001b025b15,67377ed1000000003c01a904,,,,好厉害[哇R][害羞R][哇R],0,1,北京,0,1731755659000,2024-11-16T19:14:19,5dc95a51000000000100333b,浅浅浅蓝,好厉害[哇R][害羞R][哇R],0
673e78f80000000007006f85,67377ed1000000003c01a904,,,,问问uu去了哪家！,0,1,美国,0,1732147449000,2024-11-21T08:04:09,5d93f5c20000000001002a21,我是来揍你的,问问uu去了哪家！,0
6764d3a3000000000d03b013,67377ed1000000003c01a904,,,,uu我现在也在一家公募实习！可以交流讨论一下嘛,0,0,北京,0,1734661027000,2024-12-20T10:17:07,60c588400000000020026dab,梓豪妈妈👩,uu我现在也在一家公募实习！可以交流讨论一下嘛,0
67378042000000001b0340b1,67377ed1000000003c01a904,,,,想问问最后去哪家了,0,1,北京,0,1731690563000,2024-11-16T01:09:23,6580084d000000002002cef0,🎃,想问问最后去哪家了,0
676d088d000000000d018f17,67377ed1000000003c01a904,,,,想问uu为什么想去渠道销售实习呀，未来也打算往这个方向发展吗,0,0,湖南,0,1735198861000,2024-12-26T15:41:01,5c62b9fc0000000012014b8a,lll,想问uu为什么想去渠道销售实习呀，未来也打算往这个方向发展吗,0
6749d591000000000701464f,67377ed1000000003c01a904,,,,请问想进买方投研，需要从中后台或者销售开始做么[皱眉R][皱眉R],0,0,天津,3,1732892050000,2024-11-29T22:54:10,63f8dcc9000000000f011ced,Jenny 🐢,请问想进买方投研，需要从中后台或者销售开始做么[皱眉R][皱眉R],0
676d1f36000000001000637f,67377ed1000000003c01a904,,,,请问总对总是干什么的呀,2,0,上海,0,1735204663000,2024-12-26T17:17:43,63fa4864000000000f01153a,柚子,请问总对总是干什么的呀,0
67c99d3c00000000180104ec,67377ed1000000003c01a904,,,,我说我没买基金，他问我有买什么股票我说买了Palantir[偷笑R][偷笑R],0,0,福建,-2,1741266236000,2025-03-06T21:03:56,643ce045000000000e01d97f,氢司老师学习新思想,我说我没买基金，他问我有买什么股票我说买了Palantir[偷笑R][偷笑R],0
6737e51a00000000190001d7,67377ed1000000003c01a904,,,6737a1a7000000001702e937,各种实习群和公众号高强度刷新[暗中观察R],4,0,北京,0,1731716379000,2024-11-16T08:19:39,5d0213770000000010038f76,可乐加冰,各种实习群和公众号高强度刷新[暗中观察R],0
673883b40000000017025698,67377ed1000000003c01a904,,,67387e8a000000001b025b15,[暗中观察R][暗中观察R][暗中观察R],0,0,北京,0,1731756981000,2024-11-16T19:36:21,5d0213770000000010038f76,可乐加冰,[暗中观察R][暗中观察R][暗中观察R],0
673e7aa3000000000702315c,67377ed1000000003c01a904,,,673e78f80000000007006f85,私你啦uu,0,0,北京,0,1732147876000,2024-11-21T08:11:16,5d0213770000000010038f76,可乐加冰,私你啦uu,0
673781070000000017024772,67377ed1000000003c01a904,,,67378042000000001b0340b1,私你啦uu,0,0,北京,0,1731690760000,2024-11-16T01:12:40,5d0213770000000010038f76,可乐加冰,私你啦uu,0
67ebac66000000001f00e92e,67ebaa76000000001c012da9,,,,❗️也要警惕估值低的，不要觉得便宜就买，估值为什么低？可能是有其他原因，看看它以前是不是暴过雷、经常miss业绩、机构认可度低。,16,0,上海,4,1743498342000,2025-04-01T17:05:42,617423580000000002021cf2,不晚在路上,❗️也要警惕估值低的，不要觉得便宜就买，估值为什么低？可能是有其他原因，看看它以前是不是暴过雷、经常miss业绩、机构认可度低。,0
67ee3bb900000000120139eb,67ebaa76000000001c012da9,,,,25岁，金融出身，CFA持证，毕业去了互联网大厂现在出来，现在想回传统金融，能不能指条路呀前辈,11,7,湖南,0,1743666106000,2025-04-03T15:41:46,6080f9860000000001002a70,TT,25岁，金融出身，CFA持证，毕业去了互联网大厂现在出来，现在想回传统金融，能不能指条路呀前辈,0
68213d84000000000900f4b0,67ebaa76000000001c012da9,,,,那白酒按照你这个划分算夕阳还是朝阳行业,3,3,北京,0,1747008901000,2025-05-12T08:15:01,5ccd0eea00000000100003bd,不生气,那白酒按照你这个划分算夕阳还是朝阳行业,0
67ecada2000000001e01538b,67ebaa76000000001c012da9,,,,分享下券商投研工作的日常及感受[偷笑R],4,3,广东,0,1743564195000,2025-04-02T11:23:15,58ce79956a6a6928783706f2,椰子,分享下券商投研工作的日常及感受[偷笑R],0
6805997a000000001f00bcff,67ebaa76000000001c012da9,,,,跨行业0基础 有什么写研报 和分析财务数据 还有做公司估值的教材或视频资料推荐吗[飞吻R][飞吻R][飞吻R],6,2,北京,0,1745197435000,2025-04-21T09:03:55,598d599582ec3907baa035c0,Edda-JuJu🙄,跨行业0基础 有什么写研报 和分析财务数据 还有做公司估值的教材或视频资料推荐吗[飞吻R][飞吻R][飞吻R],0
67ecfeec000000001f0095e1,67ebaa76000000001c012da9,,,,哇塞 新人还蛮需要这种培训的，我一直在想要是有研究员入门培训班就好了[扯脸H],9,1,上海,0,1743585004000,2025-04-02T17:10:04,60bb8b220000000001000102,小红薯60BC401B,哇塞 新人还蛮需要这种培训的，我一直在想要是有研究员入门培训班就好了[扯脸H],0
67eca3f9000000001f0295b7,67ebaa76000000001c012da9,,,,然后jjjl打开行情软件，买入了一只底部放量的你没覆盖的票,0,1,上海,0,1743561721000,2025-04-02T10:42:01,5b1f7d4411be103f0ade6ce9,momo,然后jjjl打开行情软件，买入了一只底部放量的你没覆盖的票,0
67ec0131000000001f003b6f,67ebaa76000000001c012da9,,,,宝藏up！[蓝色心形R],1,1,浙江,0,1743520050000,2025-04-01T23:07:30,5dcfcf04000000000100b8d0,远道亦可思,宝藏up！[蓝色心形R],0
6890b64d000000002a0099de,67ebaa76000000001c012da9,,,,求一篇非上市公司研报学习一下,1,0,四川,0,1754314318000,2025-08-04T21:31:58,6413fc7e0000000011023713,小红薯69E414C3,求一篇非上市公司研报学习一下,0
67ebefda000000001f00fcb1,67ebaa76000000001c012da9,,,,感谢大佬分享,0,1,广东,0,1743515610000,2025-04-01T21:53:30,649056e2000000001f005fb2,Gh,感谢大佬分享,0
67f38e6800000000120213ba,67ebaa76000000001c012da9,,,67ee3bb900000000120139eb,uu，可以分享一下出来的原因吗？金融老鼠人都想卷实习去互联网大厂[哭惹R],6,0,广西,0,1744014953000,2025-04-07T16:35:53,5e7236fb0000000001008288,卡卡咔咔,uu，可以分享一下出来的原因吗？金融老鼠人都想卷实习去互联网大厂[哭惹R],0
6821610c000000000900d6c6,67ebaa76000000001c012da9,,,68213d84000000000900f4b0,[doge]基金经理都不买白酒,4,0,上海,0,1747017996000,2025-05-12T10:46:36,617423580000000002021cf2,不晚在路上,[doge]基金经理都不买白酒,0
67ecafb6000000001f00cb7a,67ebaa76000000001c012da9,,,67ecada2000000001e01538b,我家的猫叫“进宝”，以后二胎名字预定“招财”[偷笑R],6,0,上海,0,1743564727000,2025-04-02T11:32:07,617423580000000002021cf2,不晚在路上,我家的猫叫“进宝”，以后二胎名字预定“招财”[偷笑R],0
692fc784000000001702fcb0,67ebaa76000000001c012da9,,,6805997a000000001f00bcff,我也想知道[笑哭R],0,0,云南,0,1764738948000,2025-12-03T13:15:48,562447830bf90c5f6e9fcc85,大反派Ivy 🍥,我也想知道[笑哭R],0
67ed06cd00000000200169ad,67ebaa76000000001c012da9,,,67ecfeec000000001f0095e1,主要是遇到了一位非常好的、有耐心的带教老师[偷笑R],5,0,上海,0,1743587021000,2025-04-02T17:43:41,617423580000000002021cf2,不晚在路上,主要是遇到了一位非常好的、有耐心的带教老师[偷笑R],0
67eca9ac000000001f019b17,67ebaa76000000001c012da9,,,67eca3f9000000001f0295b7,[笑哭R][笑哭R],0,0,上海,0,1743563181000,2025-04-02T11:06:21,617423580000000002021cf2,不晚在路上,[笑哭R][笑哭R],0
67eca9a2000000001f0198b0,67ebaa76000000001c012da9,,,67ec0131000000001f003b6f,[飞吻R][飞吻R],1,0,上海,0,1743563170000,2025-04-02T11:06:10,617423580000000002021cf2,不晚在路上,[飞吻R][飞吻R],0
67ebfb19000000001f00d064,67ebaa76000000001c012da9,,,67ebefda000000001f00fcb1,[飞吻R][飞吻R],0,0,上海,0,1743518489000,2025-04-01T22:41:29,617423580000000002021cf2,不晚在路上,[飞吻R][飞吻R],0
67ed47a500000000120089b9,67ebaa76000000001c012da9,,,,果断关注了！记得猛猛更新！爱看！[doge][doge],0,1,上海,0,1743603621000,2025-04-02T22:20:21,64fdc9850000000004027518,Rita酱,果断关注了！记得猛猛更新！爱看！[doge][doge],0
685b94aa0000000006004d09,67ebaa76000000001c012da9,,,,字很好看[微笑R],0,1,安徽,0,1750832298000,2025-06-25T14:18:18,55efdd81f5a263780342ac15,达不西达拉卡拉,字很好看[微笑R],0
696124ec000000001702fd9c,67ebaa76000000001c012da9,,,,宝藏up主，关注了,0,0,江苏,0,1767974124000,2026-01-09T23:55:24,64f9da9b000000000201360e,August,宝藏up主，关注了,0
694178d4000000003800b758,67ebaa76000000001c012da9,,,,请问最后的财务报表一般做的是报表勾稽，预测未来营收，dcf估值这样的大表是吗[皱眉R],0,0,北京,0,1765898453000,2025-12-16T23:20:53,61bc45910000000021026e01,圆滚滚的球球圆,请问最后的财务报表一般做的是报表勾稽，预测未来营收，dcf估值这样的大表是吗[皱眉R],0
67fe6ce90000000012031e8b,67ebaa76000000001c012da9,,,,谢谢,0,0,福建,0,1744727273000,2025-04-15T22:27:53,5d2acdb100000000160253eb,October,谢谢,0
67ec2810000000001e0207c5,67ebaa76000000001c012da9,,,,天啊，好感动，居然还有这个,0,0,中国香港,0,1743530001000,2025-04-02T01:53:21,616adc5b000000000201896f,垃圾生产领先型,天啊，好感动，居然还有这个,0
69738c03000000000f00d8f3,67ebaa76000000001c012da9,,,,不同类型的报告大概写几天,0,0,北京,0,1769180164000,2026-01-23T22:56:04,5b38bdc04eacab26cd56c844,叉烧和菠萝包,不同类型的报告大概写几天,0
681b2cb8000000000b01f5a1,67ebaa76000000001c012da9,,,,公司深度是这样，行业研究报告是怎样的呢,0,0,安徽,0,1746611385000,2025-05-07T17:49:45,646d8ccb000000001001c0ff,cherry,公司深度是这样，行业研究报告是怎样的呢,0
68666ecc0000000020027cda,67ebaa76000000001c012da9,,,,收藏了[笑哭R]正在券商实习 希望能自己完成两篇报告,0,0,上海,0,1751543500000,2025-07-03T19:51:40,5e603f590000000001003dbf,雨霖,收藏了[笑哭R]正在券商实习 希望能自己完成两篇报告,0
67fcf86b0000000020016a7f,67ebaa76000000001c012da9,,,,这个框子，像是消费行业的,0,0,广东,0,1744631916000,2025-04-14T19:58:36,63a70aaf0000000026006bcf,Eamon,这个框子，像是消费行业的,0
67ed496b00000000200154af,67ebaa76000000001c012da9,,,67ed47a500000000120089b9,还想看什么[偷笑R],0,0,上海,0,1743604076000,2025-04-02T22:27:56,617423580000000002021cf2,不晚在路上,还想看什么[偷笑R],0
685b94fa000000000f03c8ba,67ebaa76000000001c012da9,,,685b94aa0000000006004d09,[害羞R]谢谢夸奖,0,0,上海,0,1750832379000,2025-06-25T14:19:39,617423580000000002021cf2,不晚在路上,[害羞R]谢谢夸奖,0
67f24682000000001e016206,67ebaa76000000001c012da9,,,,羡慕啊，公司还有带教老师这机制,0,0,北京,0,1743931011000,2025-04-06T17:16:51,588cede25e87e7767e9b186c,Fire,羡慕啊，公司还有带教老师这机制,0
67ffa173000000001e00df2f,67ebaa76000000001c012da9,,,,脑子里已经浮现出看的券商研报了,0,0,江苏,0,1744806259000,2025-04-16T20:24:19,62e4ac0c000000001f0065d3,mumu,脑子里已经浮现出看的券商研报了,0
6919cfce000000003300fa31,67ebaa76000000001c012da9,,,,宝藏帖子[皱眉R],0,0,北京,0,1763299278000,2025-11-16T21:21:18,596a1b7233594a2be47e1b18,水树种植场（戒糖版）,宝藏帖子[皱眉R],0
69b55d200000000018038314,67ebaa76000000001c012da9,,,,学习了！[赞R],0,0,湖北,0,1773493537000,2026-03-14T21:05:37,628a4b110000000015018d85,Bingo的N次方,学习了！[赞R],0
67ebdbf9000000001f0193d9,67ebaa76000000001c012da9,,,,很卖方,2,2,广东,-2,1743510521000,2025-04-01T20:28:41,5b36fe5711be10427dd10c7b,不只是颗菜,很卖方,0
67ebfb0b0000000020011d79,67ebaa76000000001c012da9,,,67ebdbf9000000001f0193d9,[笑哭R]小白最开始写的“八股文”,6,0,上海,0,1743518476000,2025-04-01T22:41:16,617423580000000002021cf2,不晚在路上,[笑哭R]小白最开始写的“八股文”,0
689304c10000000029035b57,678e0bfa0000000019018964,,,,请问远程行研的工作强度咋样呢[石化R]，想了解一下，怕任务太重影响学业[捂脸R],1,9,广东,0,1754465474000,2025-08-06T15:31:14,5ca5473b000000001201ffb2,嘆世界,请问远程行研的工作强度咋样呢[石化R]，想了解一下，怕任务太重影响学业[捂脸R],0
678e17cb000000002102fabd,678e0bfa0000000019018964,,,,3个月了还在纪要[偷笑R]麻了,9,3,上海,0,1737365451000,2025-01-20T17:30:51,650fb7ba0000000016038ffa,Phasmid,3个月了还在纪要[偷笑R]麻了,0
678e405d000000002101b343,678e0bfa0000000019018964,,,,姐妹你的这个深度报告的篇幅大概有多少呀[皱眉R]想自己写一篇再去投简历，不然一直找不到第一份行研实习[笑哭R],0,2,广东,0,1737375837000,2025-01-20T20:23:57,626f2d1c00000000100090b1,粪海狂蛆,姐妹你的这个深度报告的篇幅大概有多少呀[皱眉R]想自己写一篇再去投简历，不然一直找不到第一份行研实习[笑哭R],0
678e1480000000000c0112ac,678e0bfa0000000019018964,,,,bb我想问问你是去哪里找到实习啊[皱眉R],0,2,广西,0,1737364608000,2025-01-20T17:16:48,5d35b865000000001202ab75,咕噜爱咕噜咕噜,bb我想问问你是去哪里找到实习啊[皱眉R],0
678e44b4000000001a00fc30,678e0bfa0000000019018964,,,,第一份行研应该怎么找[哭惹R],0,1,湖北,0,1737376948000,2025-01-20T20:42:28,5d29b52b000000001600d9c9,好运来,第一份行研应该怎么找[哭惹R],0
678e13c6000000002102e9d9,678e0bfa0000000019018964,,,,妈呀哪家哪个组这么好....会议纪要做得我头晕眼花,2,1,福建,0,1737364423000,2025-01-20T17:13:43,5ae6a73c4eacab2ff64077b3,想真的放假的奥利奥炒酸奶,妈呀哪家哪个组这么好....会议纪要做得我头晕眼花,0
67a6d23c0000000018033bcc,678e0bfa0000000019018964,,,,这个面试会问一些什么样的问题,1,1,北京,0,1738986044000,2025-02-08T11:40:44,623fbb69000000001000d5aa,Polaris,这个面试会问一些什么样的问题,0
678e36fd000000000a018dc1,678e0bfa0000000019018964,,,,什么是数据穿透,0,1,澳大利亚,0,1737373437000,2025-01-20T19:43:57,5d0cbe78000000001200578e,天天开心,什么是数据穿透,0
678e1012000000000b008190,678e0bfa0000000019018964,,,,什么公司呀，uu你的带教好好[哇R],0,1,辽宁,0,1737363475000,2025-01-20T16:57:55,670b57d0000000000b032ff5,嗨嗨嗨,什么公司呀，uu你的带教好好[哇R],0
67ac216b00000000160178ef,678e0bfa0000000019018964,,,,omg可以问问哪家哪个组吗这么好[皱眉R],1,0,浙江,0,1739333996000,2025-02-12T12:19:56,62e9a334000000001f017a31,JoeMu,omg可以问问哪家哪个组吗这么好[皱眉R],0
68930e3d000000002a0002e6,678e0bfa0000000019018964,,,689304c10000000029035b57,这个要看不同的mt耶！我这边mt是要求3-4天工作，一天工作量8小时左右，但是有些工作量预估有点大做不完也需要交文件，就得小加一下班啦,5,0,四川,0,1754467901000,2025-08-06T16:11:41,5df50a530000000001003443,早睡早起身体好,这个要看不同的mt耶！我这边mt是要求3-4天工作，一天工作量8小时左右，但是有些工作量预估有点大做不完也需要交文件，就得小加一下班啦,0
678e20d4000000001b034014,678e0bfa0000000019018964,,,678e17cb000000002102fabd,我也是[哭惹R]做了十来篇会议纪要了…,0,0,北京,0,1737367764000,2025-01-20T18:09:24,60cbce2a000000000100209e,Hannahhh,我也是[哭惹R]做了十来篇会议纪要了…,0
678e413a0000000021031f6e,678e0bfa0000000019018964,,,678e405d000000002101b343,姐妹我写的行业的深度报告大概20页PPT，公司的平均在1w5，不过我之前也没有经验去投递的，感觉小黑工很看投递时间点，并不需要啥经历[飞吻R],2,0,山东,0,1737376058000,2025-01-20T20:27:38,5df50a530000000001003443,早睡早起身体好,姐妹我写的行业的深度报告大概20页PPT，公司的平均在1w5，不过我之前也没有经验去投递的，感觉小黑工很看投递时间点，并不需要啥经历[飞吻R],0
678e18150000000021033be1,678e0bfa0000000019018964,,,678e1480000000000c0112ac,我是看学校实习群里的消息投递的uu,0,0,山东,0,1737365526000,2025-01-20T17:32:06,5df50a530000000001003443,早睡早起身体好,我是看学校实习群里的消息投递的uu,0
678e48f30000000021018595,678e0bfa0000000019018964,,,678e44b4000000001a00fc30,其实大部分都是公众号投递/学校实习群/学长学姐内推，学校和学长学姐这个途径的成功概率会大一些，如果能加到其他学校的实习群也可以看看[派对R],1,0,山东,0,1737378036000,2025-01-20T21:00:36,5df50a530000000001003443,早睡早起身体好,其实大部分都是公众号投递/学校实习群/学长学姐内推，学校和学长学姐这个途径的成功概率会大一些，如果能加到其他学校的实习群也可以看看[派对R],0
678e17fc000000002102c3a5,678e0bfa0000000019018964,,,678e13c6000000002102e9d9,哈哈哈哈我主要做的是传媒，也可能因为券商规模不大所以dirty work也少一些吧,0,0,山东,0,1737365500000,2025-01-20T17:31:40,5df50a530000000001003443,早睡早起身体好,哈哈哈哈我主要做的是传媒，也可能因为券商规模不大所以dirty work也少一些吧,0
67a6e1da000000001801458c,678e0bfa0000000019018964,,,67a6d23c0000000018033bcc,看不同的所还有带教吧，我当时就问了一些基本能力和实习时间之类的,0,0,山东,0,1738990043000,2025-02-08T12:47:23,5df50a530000000001003443,早睡早起身体好,看不同的所还有带教吧，我当时就问了一些基本能力和实习时间之类的,0
678e3d580000000021036c8b,678e0bfa0000000019018964,,,678e36fd000000000a018dc1,比如A券商报告的数据来源是B咨询机构，B咨询机构的数据来源是C行业协会的官方报告，C的数据就是底稿可以承认的正规来源，A/B都存在侵权风险，报告不能引用,17,0,山东,0,1737375064000,2025-01-20T20:11:04,5df50a530000000001003443,早睡早起身体好,比如A券商报告的数据来源是B咨询机构，B咨询机构的数据来源是C行业协会的官方报告，C的数据就是底稿可以承认的正规来源，A/B都存在侵权风险，报告不能引用,0
678e17c60000000021015b8b,678e0bfa0000000019018964,,,678e1012000000000b008190,是不太知名的券商啦uu～主要是碰到的带教好[哭惹R],0,0,山东,0,1737365446000,2025-01-20T17:30:46,5df50a530000000001003443,早睡早起身体好,是不太知名的券商啦uu～主要是碰到的带教好[哭惹R],0
678e0ee5000000002101ddbf,678e0bfa0000000019018964,,,,那个组呀[哭惹R],0,1,浙江,0,1737363173000,2025-01-20T16:52:53,60cc3d0000000000010002cf,Kawhi,那个组呀[哭惹R],0
678e0e51000000000b03be48,678e0bfa0000000019018964,,,,想问一下线上的有工资嘛？[哭惹R],0,0,广东,3,1737363026000,2025-01-20T16:50:26,64e9ad9c00000000010068ff,起什么名字好呢？,想问一下线上的有工资嘛？[哭惹R],0
690961de0000000038027a40,678e0bfa0000000019018964,,,,有工资应该不是小黑工,0,0,上海,0,1762222558000,2025-11-04T10:15:58,63de36700000000026005d3e,好梦大王,有工资应该不是小黑工,0
695dca3300000000140343b5,678e0bfa0000000019018964,,,,你这种发工资的算什么小黑工[doge],1,0,广东,-2,1767754292000,2026-01-07T10:51:32,5d21da9e0000000011034ee1,Lizzzzzzzzz,你这种发工资的算什么小黑工[doge],0
678e17a2000000002101c223,678e0bfa0000000019018964,,,678e0ee5000000002101ddbf,是传媒+某消费类的组[害羞R],0,0,山东,0,1737365410000,2025-01-20T17:30:10,5df50a530000000001003443,早睡早起身体好,是传媒+某消费类的组[害羞R],0
681b7193000000000b01759b,67df4d540000000009038a63,,,,问问bg,1,6,北京,0,1746629011000,2025-05-07T22:43:31,60ef0439000000000101d485,人形干电池（粉领版）,问问bg,0
67df83e2000000001e03942b,67df4d540000000009038a63,,,,中肯[微笑R],2,1,广东,0,1742701539000,2025-03-23T11:45:39,6516bcae000000002302498c,无敌小天才,中肯[微笑R],0
684a5b920000000020010baf,67df4d540000000009038a63,,,,收入一年有40+么 头部应届生进去的话,2,3,上海,0,1749703571000,2025-06-12T12:46:11,5f643070000000000101dc71,过客,收入一年有40+么 头部应届生进去的话,0
68d41620000000000b02d17b,67df4d540000000009038a63,,,,姐 请问9本大三，可以暑期去渠道实习吗[笑哭R]会不会不要本科[哭惹R],0,2,山东,0,1758729760000,2025-09-25T00:02:40,66a8ff37000000000d02642c,momo,姐 请问9本大三，可以暑期去渠道实习吗[笑哭R]会不会不要本科[哭惹R],0
67e02066000000001202346f,67df4d540000000009038a63,,,,很到位🎉,0,1,山东,0,1742741606000,2025-03-23T22:53:26,5da7b81100000000010034fe,明天能打上球🏸吗？,很到位🎉,0
6a042021000000002702e948,67df4d540000000009038a63,,,,姐姐 我明天去top5的基金公司线下面试 临时通知的 也是这个岗位 不知道有没有必要去啊[哭惹R]目前还在做3c的行研,0,0,北京,0,1778655266000,2026-05-13T14:54:26,63527dfd0000000018023bc1,元颗粒,姐姐 我明天去top5的基金公司线下面试 临时通知的 也是这个岗位 不知道有没有必要去啊[哭惹R]目前还在做3c的行研,0
67df6e2d000000001e015aa6,67df4d540000000009038a63,,,,[偷笑R]👍,2,0,广东,0,1742695981000,2025-03-23T10:13:01,5e2e8f150000000001000ec7,here,[偷笑R]👍,0
69b2f9590000000015003b69,67df4d540000000009038a63,,,,很对[哭惹R],0,0,北京,0,1773336922000,2026-03-13T01:35:22,55046a422e1d9365a57e80ae,该叫什么名字好呢,很对[哭惹R],0
681b76ca000000000400f70e,67df4d540000000009038a63,,,681b7193000000000b01759b,普通,0,0,上海,0,1746630347000,2025-05-07T23:05:47,5b8a908727e3da0001642da9,年糕咬一咬,普通,0
67df8491000000001e0230c1,67df4d540000000009038a63,,,67df83e2000000001e03942b,嘿嘿谢谢！,1,0,上海,0,1742701713000,2025-03-23T11:48:33,5b8a908727e3da0001642da9,年糕咬一咬,嘿嘿谢谢！,0
684a5c1800000000200235ef,67df4d540000000009038a63,,,684a5b920000000020010baf,应届第一年没有,0,0,上海,0,1749703704000,2025-06-12T12:48:24,5b8a908727e3da0001642da9,年糕咬一咬,应届第一年没有,0
68d418af000000003002e105,67df4d540000000009038a63,,,68d41620000000000b02d17b,我当时实习有本科生的～,0,0,上海,0,1758730416000,2025-09-25T00:13:36,5b8a908727e3da0001642da9,年糕咬一咬,我当时实习有本科生的～,0
67e0208e000000001e01396c,67df4d540000000009038a63,,,67e02066000000001202346f,[赞R][赞R][赞R]谢谢！,0,0,上海,0,1742741646000,2025-03-23T22:54:06,5b8a908727e3da0001642da9,年糕咬一咬,[赞R][赞R][赞R]谢谢！,0
69f63a6d000000002701ec89,69f1bde6000000002301ece9,,,,中后台bar会不会低一点,0,6,北京,0,1777744493000,2026-05-03T01:54:53,66d1af91000000001d021005,小红薯66D209E3,中后台bar会不会低一点,0
69f1c06f000000002b0285e6,69f1bde6000000002301ece9,,,,以为是来串的,8,1,广东,0,1777451119000,2026-04-29T16:25:19,6852c7d4000000001d016502,企鹅nanako🐧,以为是来串的,0
6a040ad8000000002b025d95,69f1bde6000000002301ece9,,,,食堂存疑吧[doge]之前家人去北京某b培训我的天那伙食真的是一天四顿都自助 馋死我了,0,0,天津,0,1778649817000,2026-05-13T13:23:37,64604c9f000000001f0335f3,小红薯66666666,食堂存疑吧[doge]之前家人去北京某b培训我的天那伙食真的是一天四顿都自助 馋死我了,0
69fb24ac0000000028038da5,69f1bde6000000002301ece9,,,,嘉实基金笔试真题,0,0,北京,-2,1778066605000,2026-05-06T19:23:25,622b77bb00000000210247f6,华子小鱼（校招版）,嘉实基金笔试真题,0
69f6fbf5000000002803cc08,69f1bde6000000002301ece9,,,69f63a6d000000002701ec89,我参加过春招 中后台也很卷 因为公募很稳定 薪资也不错 所以很多也都清北人这些top,0,0,广东,0,1777794037000,2026-05-03T15:40:37,5e19f9870000000001001b5e,Breezy,我参加过春招 中后台也很卷 因为公募很稳定 薪资也不错 所以很多也都清北人这些top,0
69f1c0cd000000002b025bc8,69f1bde6000000002301ece9,,,69f1c06f000000002b0285e6,那就看串得像不像[doge],0,0,荷兰,0,1777451213000,2026-04-29T16:26:53,6126384f00000000010055c6,泰瑞不沃特（Sean版,那就看串得像不像[doge],0
68a1d7950000000026034838,68a1cc83000000001d005a55,,,,现在8月份应该每天会议纪要吧[捂脸R] 纯牛马工作,13,9,上海,0,1755436950000,2025-08-17T21:22:30,661a77470000000007004d32,半导体星球,现在8月份应该每天会议纪要吧[捂脸R] 纯牛马工作,0
68a1db53000000002700191f,68a1cc83000000001d005a55,,,,请问你觉得行研实习做多久就够学到所有有含金量的东西，以及你打算做多久呀,0,2,广东,0,1755437908000,2025-08-17T21:38:28,5b9472f421693800017c3a72,才起来懒得吃,请问你觉得行研实习做多久就够学到所有有含金量的东西，以及你打算做多久呀,0
68a1d18d0000000030028d8f,68a1cc83000000001d005a55,,,,药学怎么想不开干金融[笑哭R],0,2,北京,0,1755435405000,2025-08-17T20:56:45,600829370000000001007443,落下的弦,药学怎么想不开干金融[笑哭R],0
68a1d4cf0000000030021c27,68a1cc83000000001d005a55,,,,这也太厉害了[失望R]，实习科研两手都要抓，还是实验学科，能搞定导师，实习还是转向金融[飞吻R],2,3,北京,0,1755436239000,2025-08-17T21:10:39,65385bfd000000000301d5a5,环颈鸻,这也太厉害了[失望R]，实习科研两手都要抓，还是实验学科，能搞定导师，实习还是转向金融[飞吻R],0
68a1da37000000003002b82c,68a1cc83000000001d005a55,,,,一个月没有让上手接触报告吗[叹气R],0,1,上海,0,1755437624000,2025-08-17T21:33:44,5fa367d10000000001007128,一粒星轨,一个月没有让上手接触报告吗[叹气R],0
68a3f5820000000030025152,68a1cc83000000001d005a55,,,,"你应该一个星期祛魅的[doge]实际上一个月剩下3周不也是在重复第一周的工作罢了",5,0,北京,0,1755575682000,2025-08-19T11:54:42,6086dcbb0000000001003af1,Doublelift,你应该一个星期祛魅的[doge] 实际上一个月剩下3周不也是在重复第一周的工作罢了,0
68a1da86000000003001646c,68a1cc83000000001d005a55,,,,srds光做个行研就祛魅...,0,1,安徽,0,1755437703000,2025-08-17T21:35:03,611be7670000000001003705,mmx,srds光做个行研就祛魅...,0
68a2abdb0000000030004ba3,68a1cc83000000001d005a55,,,,你是做医药行研实习的，问问你们创新药带教研究员今年赚了多少钱（真实收入，不是工资收入），你就不会祛魅了[坏笑R],1,1,广东,0,1755491291000,2025-08-18T12:28:11,664a031000000000030315db,Hsu Chung-en,你是做医药行研实习的，问问你们创新药带教研究员今年赚了多少钱（真实收入，不是工资收入），你就不会祛魅了[坏笑R],0
68a822f80000000027000fe7,68a1cc83000000001d005a55,,,,坏了，让你做到真行研了[偷笑R],1,0,重庆,0,1755849465000,2025-08-22T15:57:45,5e63b85100000000010081b6,卖女孩的小火柴,坏了，让你做到真行研了[偷笑R],0
6954c69b000000000f027ad4,68a1cc83000000001d005a55,,,,这个视角 是不是cj啊哈哈,0,0,湖北,0,1767163548000,2025-12-31T14:45:48,66e2fdc0000000001e008ce4,麦一Mai,这个视角 是不是cj啊哈哈,0
68a1d7cf0000000030010ef4,68a1cc83000000001d005a55,,,68a1d7950000000026034838,强推那两个软件，大大节省时间及效率！,3,0,浙江,0,1755437008000,2025-08-17T21:23:28,5d39fc33000000001001e99e,Up,强推那两个软件，大大节省时间及效率！,0
68a1de24000000003001a100,68a1cc83000000001d005a55,,,68a1db53000000002700191f,我感觉得看带教[皱眉R][皱眉R]，得和带教沟通一下，希望能有所产出,3,0,浙江,0,1755438628000,2025-08-17T21:50:28,5d39fc33000000001001e99e,Up,我感觉得看带教[皱眉R][皱眉R]，得和带教沟通一下，希望能有所产出,0
68a1d296000000003000580c,68a1cc83000000001d005a55,,,68a1d18d0000000030028d8f,入行前：金融人都是穿着西装出入高楼的精英白领，比我们实验鼠强太多了,6,0,上海,0,1755435671000,2025-08-17T21:01:11,5d39fc33000000001001e99e,Up,入行前：金融人都是穿着西装出入高楼的精英白领，比我们实验鼠强太多了,0
68a1d82000000000300129e5,68a1cc83000000001d005a55,,,68a1d4cf0000000030021c27,其中心酸苦的无法言说[皱眉R][皱眉R][皱眉R],5,0,浙江,0,1755437088000,2025-08-17T21:24:48,5d39fc33000000001001e99e,Up,其中心酸苦的无法言说[皱眉R][皱眉R][皱眉R],0
68a1ddcc00000000300169e2,68a1cc83000000001d005a55,,,68a1da37000000003002b82c,还没写完呢,0,0,浙江,0,1755438540000,2025-08-17T21:49:00,5d39fc33000000001001e99e,Up,还没写完呢,0
68a1dde50000000030008b39,68a1cc83000000001d005a55,,,68a1da86000000003001646c,困难不会让我变得更好，只会打倒我[哭惹R],3,0,浙江,0,1755438566000,2025-08-17T21:49:26,5d39fc33000000001001e99e,Up,困难不会让我变得更好，只会打倒我[哭惹R],0
694b9706000000000e034fc5,68a1cc83000000001d005a55,,,68a2abdb0000000030004ba3,做创新药的投行研究很赚钱吗[doge],0,0,上海,0,1766561543000,2025-12-24T15:32:23,5f2a65a00000000001006b11,么一奥Miao,做创新药的投行研究很赚钱吗[doge],0
69bcf2e1000000003002688e,68a1cc83000000001d005a55,,,,请问可以用ev录屏录制腾讯会议吗,0,0,北京,0,1773990625000,2026-03-20T15:10:25,574c2d125e87e7342c5ad271,oin-,请问可以用ev录屏录制腾讯会议吗,0
68a67a8c0000000030012c24,68a1cc83000000001d005a55,,,,软广...,0,0,上海,0,1755740813000,2025-08-21T09:46:53,61755b370000000002024dea,性感堵狗,软广...,0
68a2039e0000000030033753,68a1cc83000000001d005a55,,,,会议纪要能不能直接把会议的所有内容丢ai里让它总结呀,0,0,甘肃,0,1755448222000,2025-08-18T00:30:22,5bb475737d87110001376131,汪啧一只灰,会议纪要能不能直接把会议的所有内容丢ai里让它总结呀,0
68a1fc7c0000000030015287,68a1cc83000000001d005a55,,,,看位置视角有点像，不会同是cj的uu吧[叹气R],0,0,上海,0,1755446397000,2025-08-17T23:59:57,670f22a8000000001d020a37,momo,看位置视角有点像，不会同是cj的uu吧[叹气R],0
68e8bbe90000000038030040,68a1cc83000000001d005a55,,,,线上行研怎么样啊[派对R],0,0,北京,0,1760082921000,2025-10-10T15:55:21,678098e8000000000801eca5,今晚要早睡,线上行研怎么样啊[派对R],0
68a1e755000000003000acde,68a1cc83000000001d005a55,,,,我三天就让我写深度[笑哭R],0,0,上海,0,1755440981000,2025-08-17T22:29:41,5ca877dc000000001003b01b,momo,我三天就让我写深度[笑哭R],0
68a317740000000030008b83,68a1cc83000000001d005a55,,,,后面可以试试去买方实习,0,0,浙江,0,1755518837000,2025-08-18T20:07:17,611e00f2000000002002d2c7,momo,后面可以试试去买方实习,0
68a56e1300000000300308a6,68a1cc83000000001d005a55,,,,秘塔AI的软广吗？,6,0,上海,0,1755672083000,2025-08-20T14:41:23,62ee9004000000001f00619a,momo,秘塔AI的软广吗？,0
68a2e0430000000030025b11,68a1cc83000000001d005a55,,,,谢谢你的经验啊啊啊啊,0,0,北京,0,1755504707000,2025-08-18T16:11:47,5f731c61000000000100aa33,氮氮三键,谢谢你的经验啊啊啊啊,0
68a1dc14000000002603443f,68a1cc83000000001d005a55,,,,太现实了我破防了、、、,0,0,上海,0,1755438100000,2025-08-17T21:41:40,5b0c13834eacab40da27d795,Yolandaaaa,太现实了我破防了、、、,0
698c5e4900000000080306ae,68a1cc83000000001d005a55,,,,很中肯的建议[偷笑R],0,0,辽宁,0,1770806858000,2026-02-11T18:47:38,630ec555000000000f004b4c,小红薯630FB1D3,很中肯的建议[偷笑R],0
68a208920000000027004885,68a1cc83000000001d005a55,,,,过于真实了我想说@ᅠᅠᅠ,0,2,广东,0,1755449491000,2025-08-18T00:51:31,6222c54b000000001000ad23,小红薯6223B9D0,过于真实了我想说@ᅠᅠᅠ,0
68a2968e000000003001e0e3,68a1cc83000000001d005a55,,,68a208920000000027004885,怎么是医药转行[石化R],0,0,湖北,0,1755485838000,2025-08-18T10:57:18,605dcd1e00000000010097ce,ᅠᅠᅠ,怎么是医药转行[石化R],0
69e89ad6000000001401a40f,69e876d6000000002003a05a,,,,请问26届要不,0,3,浙江,0,1776851670000,2026-04-22T17:54:30,57f8e17082ec3956e0202a1e,三明治 momo,请问26届要不,0
69e8e9d8000000001401bc05,69e876d6000000002003a05a,,,,请问已毕业的可以投递吗,0,1,河南,0,1776871896000,2026-04-22T23:31:36,64d30f8b000000002a03655e,korou,请问已毕业的可以投递吗,0
69e88072000000001401e429,69e876d6000000002003a05a,,,,是哪个公司呀,0,2,中国香港,0,1776844915000,2026-04-22T16:01:55,5bb62df0219cd90001bf1ef9,桑么,是哪个公司呀,0
69f9d10b0000000027029844,69e876d6000000002003a05a,,,,研0要吗,0,1,北京,0,1777979659000,2026-05-05T19:14:19,666ef841000000000b0326ec,小红薯666F3185,研0要吗,0
69e8aeda000000001401a41c,69e876d6000000002003a05a,,,,哈哈哈看邮箱是蜂巢基金,0,1,浙江,0,1776856795000,2026-04-22T19:19:55,5cda109100000000110253c1,奋斗的赶路人,哈哈哈看邮箱是蜂巢基金,0
69e89031000000001401c010,69e876d6000000002003a05a,,,,债券交易可交流,0,0,北京,0,1776848945000,2026-04-22T17:09:05,5afcc7b111be102dc5534866,崮收Trading👔,债券交易可交流,0
69f1b0cf000000002a004c31,69e876d6000000002003a05a,,,,小白可以实习吗,0,0,上海,0,1777447119000,2026-04-29T15:18:39,69034c17000000003202be87,米奇妙妙屋,小白可以实习吗,0
69e8a146000000001401d40e,69e876d6000000002003a05a,,,,哪个啊，可以帮发,0,0,上海,0,1776853318000,2026-04-22T18:21:58,5ee8f5f40000000001007380,金石招财馆,哪个啊，可以帮发,0
69f9ff640000000029036ff4,69e876d6000000002003a05a,,,,本科有留用机会吗？有研究所和事务所的实习经验,0,0,北京,0,1777991524000,2026-05-05T22:32:04,5bf97fd0463f0d0001c98865,Warren,本科有留用机会吗？有研究所和事务所的实习经验,0
69e876ee0000000014019010,69e876d6000000002003a05a,,,,[暗中观察R]接上条 继续招人,0,0,上海,0,1776842479000,2026-04-22T15:21:19,58f84018a9b2ed5b5d9c0b94,言午井,[暗中观察R]接上条 继续招人,0
69e9c9870000000014018c19,69e876d6000000002003a05a,,,69e89ad6000000001401a40f,26届？是今年6月底毕业的么,0,0,上海,0,1776929160000,2026-04-23T15:26:00,58f84018a9b2ed5b5d9c0b94,言午井,26届？是今年6月底毕业的么,0
69e9c962000000001401982c,69e876d6000000002003a05a,,,69e8e9d8000000001401bc05,可以试试[偷笑R],0,0,上海,0,1776929123000,2026-04-23T15:25:23,58f84018a9b2ed5b5d9c0b94,言午井,可以试试[偷笑R],0
69e8871b0000000014019005,69e876d6000000002003a05a,,,69e88072000000001401e429,一家中小型公募基金，债券为主[暗中观察R],1,0,上海,0,1776846619000,2026-04-22T16:30:19,58f84018a9b2ed5b5d9c0b94,言午井,一家中小型公募基金，债券为主[暗中观察R],0
69fae913000000002902670a,69e876d6000000002003a05a,,,69f9d10b0000000027029844,"研究生我知道 
0我也知道
合一起是啥[暗中观察R]",0,0,上海,0,1778051347000,2026-05-06T15:09:07,58f84018a9b2ed5b5d9c0b94,言午井,研究生我知道 0我也知道 合一起是啥[暗中观察R],0
69e9c96a0000000014019803,69e876d6000000002003a05a,,,69e8aeda000000001401a41c,[doge],0,0,上海,-2,1776929130000,2026-04-23T15:25:30,58f84018a9b2ed5b5d9c0b94,言午井,[doge],0
679df6d6000000000c011fa8,679de962000000001800840c,,,,家人们欢迎关zhu博主，定期更新职场干货[哇R][哇R],2,0,湖北,4,1738405590000,2025-02-01T18:26:30,60e157440000000001004d6f,薛定谔的凡,家人们欢迎关zhu博主，定期更新职场干货[哇R][哇R],0
69db2c18000000003501e7f0,679de962000000001800840c,,,,为什么我目前实习下来全是纪要 别说深度报告了连找数据维护数据库这些都没有[完啦R],0,1,北京,0,1775971352000,2026-04-12T13:22:32,61f8934f0000000010005b8e,Momo,为什么我目前实习下来全是纪要 别说深度报告了连找数据维护数据库这些都没有[完啦R],0
6801ca65000000001f00eddf,679de962000000001800840c,,,,理工科专业目前第一份实习中。工作第一周只做会议纪要，建议实习多久后可以和mt表达诉求,0,2,湖北,0,1744947813000,2025-04-18T11:43:33,5d08c9d50000000010037cd7,葱油不加葱,理工科专业目前第一份实习中。工作第一周只做会议纪要，建议实习多久后可以和mt表达诉求,0
68a582a500000000260056b3,679de962000000001800840c,,,,可以分享一些细节吗？曾经行研实习划水了，想补充一下简历细节[害羞R],4,2,新加坡,0,1755677350000,2025-08-20T16:09:10,574c2ef06a6a6979f8cd7d5b,π,可以分享一些细节吗？曾经行研实习划水了，想补充一下简历细节[害羞R],0
69a5384d000000000f00d788,679de962000000001800840c,,,,请问一下我撰写一篇公司深度，包括公司行业历史和公司基本面，但没有参与撰写估值和投资建议内容，这种能在简历上说是自己写的吗？,0,1,陕西,0,1772435533000,2026-03-02T15:12:13,578f53213460941fa2e46953,一1几一,请问一下我撰写一篇公司深度，包括公司行业历史和公司基本面，但没有参与撰写估值和投资建议内容，这种能在简历上说是自己写的吗？,0
68d149f6000000000200211b,679de962000000001800840c,,,,人文学生能干吗[哭惹R],1,1,中国香港,0,1758546422000,2025-09-22T21:07:02,60f2bfd0000000000101f109,白月驹,人文学生能干吗[哭惹R],0
68b841d7000000003002c51c,679de962000000001800840c,,,,一周五天随时oncall[笑哭R]在校生不适合吧,0,0,湖北,0,1756905944000,2025-09-03T21:25:44,621dcd3b0000000010009fe5,Aliiicee,一周五天随时oncall[笑哭R]在校生不适合吧,0
682aac0a000000001c02d351,679de962000000001800840c,,,,为何同一家券商有的组有实习补贴，有的没有。都是走人事的[哭惹R],0,0,江苏,0,1747627018000,2025-05-19T11:56:58,5f0f1fb70000000001002ac8,毛毛爱喵喵,为何同一家券商有的组有实习补贴，有的没有。都是走人事的[哭惹R],0
681ecc320000000004014dd6,679de962000000001800840c,,,,行研实习含金量怎么样呀？,0,0,福建,0,1746848819000,2025-05-10T11:46:59,634ca2b7000000001901d995,Jim,行研实习含金量怎么样呀？,0
69df37540000000015001ace,679de962000000001800840c,,,69db2c18000000003501e7f0,找数据最痛苦了[微笑R][微笑R]，我那个带教让我在公粽号上找数据，然后填进excel中，数据量居多，会议纪要非常多[鄙视R],0,0,四川,0,1776236372000,2026-04-15T14:59:32,6486b29b000000001f006be6,猫了个京剧猫,找数据最痛苦了[微笑R][微笑R]，我那个带教让我在公粽号上找数据，然后填进excel中，数据量居多，会议纪要非常多[鄙视R],0
6801ca7f00000000200123a4,679de962000000001800840c,,,6801ca65000000001f00eddf,表达撰写报告的诉求,0,0,湖北,0,1744947839000,2025-04-18T11:43:59,5d08c9d50000000010037cd7,葱油不加葱,表达撰写报告的诉求,0
68a67c33000000002700eae8,679de962000000001800840c,,,68a582a500000000260056b3,好，我之后出一篇行研实习写简历,7,0,美国,0,1755741236000,2025-08-21T09:53:56,60e157440000000001004d6f,薛定谔的凡,好，我之后出一篇行研实习写简历,0
69b7a1940000000001006dc7,679de962000000001800840c,,,69a5384d000000000f00d788,写了就有被问及细节的可能，如果你觉得自己能完整说出，那应该问题不大，反之，不如写参与了这个报告,0,0,中国香港,0,1773642132000,2026-03-16T14:22:12,5d85afd4000000000101b841,除却巫山,写了就有被问及细节的可能，如果你觉得自己能完整说出，那应该问题不大，反之，不如写参与了这个报告,0
68d2bf4700000000010024d3,679de962000000001800840c,,,68d149f6000000000200211b,都能干,1,0,美国,0,1758641992000,2025-09-23T23:39:52,60e157440000000001004d6f,薛定谔的凡,都能干,0
67e8e866000000001f0031a7,67d42590000000001c009a24,,,,厦大怎么找行研实习呀[萌萌哒R],1,3,福建,0,1743317094000,2025-03-30T14:44:54,620cd10d00000000100069e6,Levi,厦大怎么找行研实习呀[萌萌哒R],0
69b7ce35000000000103fe2b,67d42590000000001c009a24,,,,想问一下怎么识别假继任呀 那种主页好多招人信息的是真是假啊,0,2,北京,0,1773653558000,2026-03-16T17:32:38,5e5c7ce400000000010065b6,nullthin,想问一下怎么识别假继任呀 那种主页好多招人信息的是真是假啊,0
67ed0ddf0000000012011cc0,67d42590000000001c009a24,,,,新财富组跟三中一华有什么区别,1,2,湖北,0,1743588832000,2025-04-02T18:13:52,5f13e6b70000000001004ea3,等命运垂爱,新财富组跟三中一华有什么区别,0
68e10714000000003802a52b,67d42590000000001c009a24,,,,同学，你什么专业,1,3,辽宁,0,1759577876000,2025-10-04T19:37:56,64bcdbbd000000001403b518,晔,同学，你什么专业,0
69da0232000000003500c4ae,67d42590000000001c009a24,,,,线下要满三个月才能开实习证明 我只做俩个月走人可以吗[哭惹R],0,1,广东,0,1775895091000,2026-04-11T16:11:31,60f6e9b500000000010058df,五分甜烟雨乌龙,线下要满三个月才能开实习证明 我只做俩个月走人可以吗[哭惹R],0
69dc7bfa0000000002035d65,67d42590000000001c009a24,,,,请问线上行研一般一天工作多久，线下实习一般还能兼顾线上行研吗,0,1,山东,0,1776057339000,2026-04-13T13:15:39,6386a26c000000001f01f9f9,momo,请问线上行研一般一天工作多久，线下实习一般还能兼顾线上行研吗,0
6852d173000000001e034886,67d42590000000001c009a24,,,,目前我可选线上、线下，请问有必要线下吗？,0,1,浙江,0,1750258036000,2025-06-18T22:47:16,64e691ff000000000100db50,别吃我青草蛋糕🍰,目前我可选线上、线下，请问有必要线下吗？,0
67d43e6e0000000015014576,67d42590000000001c009a24,,,,虽然简单但是投了三家并没有谁回我[捂脸R],0,1,四川,0,1741962862000,2025-03-14T22:34:22,5e0d4fdd0000000001002967,消逝世界漫游指南,虽然简单但是投了三家并没有谁回我[捂脸R],0
6870700d000000001e01d318,67d42590000000001c009a24,,,,老师我一直想了解，行研或者金融是怎么转互联网？转去做什么岗位呀？,0,1,天津,0,1752199182000,2025-07-11T09:59:42,59e4dff011be1067f4d0b2e2,白熊章鱼,老师我一直想了解，行研或者金融是怎么转互联网？转去做什么岗位呀？,0
69a1226e0000000004002e30,67d42590000000001c009a24,,,,线上行研强度大吗,0,1,广东,0,1772167791000,2026-02-27T12:49:51,5c5979eb0000000010016aff,Daisy,线上行研强度大吗,0
67e8f7a6000000001f007039,67d42590000000001c009a24,,,67e8e866000000001f0031a7,学院实习群不是一堆继任帖子吗[暗中观察R][暗中观察R],0,0,福建,0,1743320999000,2025-03-30T15:49:59,618883350000000010009108,爱上达美乐（实习版）,学院实习群不是一堆继任帖子吗[暗中观察R][暗中观察R],0
69b7d40d0000000011019ccc,67d42590000000001c009a24,,,69b7ce35000000000103fe2b,让你➕联系方式的一般都是骗子[暗中观察R],0,0,上海,0,1773655054000,2026-03-16T17:57:34,618883350000000010009108,爱上达美乐（实习版）,让你➕联系方式的一般都是骗子[暗中观察R],0
67f49cce0000000012022302,67d42590000000001c009a24,,,67ed0ddf0000000012011cc0,三中一华有很多组，但不是每个组都是xcf,4,0,福建,0,1744084174000,2025-04-08T11:49:34,618883350000000010009108,爱上达美乐（实习版）,三中一华有很多组，但不是每个组都是xcf,0
68e1073000000000380260a8,67d42590000000001c009a24,,,68e10714000000003802a52b,文科[暗中观察R],0,0,福建,0,1759577904000,2025-10-04T19:38:24,618883350000000010009108,爱上达美乐（实习版）,文科[暗中观察R],0
69da1c3c000000003501461a,67d42590000000001c009a24,,,69da0232000000003500c4ae,可以啊 直接走,0,0,上海,0,1775901756000,2026-04-11T18:02:36,618883350000000010009108,爱上达美乐（实习版）,可以啊 直接走,0
69dc7d39000000003500b486,67d42590000000001c009a24,,,69dc7bfa0000000002035d65,问问+1 不同组工作量不一样的,0,0,上海,0,1776057657000,2026-04-13T13:20:57,618883350000000010009108,爱上达美乐（实习版）,问问+1 不同组工作量不一样的,0
6852d41e000000000c016c23,67d42590000000001c009a24,,,6852d173000000001e034886,预算够的话可以试试线下，体验感不一样的,0,0,福建,0,1750258718000,2025-06-18T22:58:38,618883350000000010009108,爱上达美乐（实习版）,预算够的话可以试试线下，体验感不一样的,0
67d43fc0000000001703bfd5,67d42590000000001c009a24,,,67d43e6e0000000015014576,多投几家呀，三家太少了😯,6,0,福建,0,1741963200000,2025-03-14T22:40:00,618883350000000010009108,爱上达美乐（实习版）,多投几家呀，三家太少了😯,0
687071640000000004019399,67d42590000000001c009a24,,,6870700d000000001e01d318,改简历，改成你想去的方向，运营/产品/战略/算法/市场等等都可以，然后海投就行了[暗中观察R],0,0,上海,0,1752199525000,2025-07-11T10:05:25,618883350000000010009108,爱上达美乐（实习版）,改简历，改成你想去的方向，运营/产品/战略/算法/市场等等都可以，然后海投就行了[暗中观察R],0
69a12635000000001803bcf6,67d42590000000001c009a24,,,69a1226e0000000004002e30,看组,0,0,北京,0,1772168757000,2026-02-27T13:05:57,618883350000000010009108,爱上达美乐（实习版）,看组,0
690ef5ca0000000038015cdb,67d42590000000001c009a24,,,,您好，央企的用户研究怎么样（其实我感觉工作内容有点偏行研）,0,0,河北,0,1762588106000,2025-11-08T15:48:26,675bc2ef000000001d02dd90,嗯。。。,您好，央企的用户研究怎么样（其实我感觉工作内容有点偏行研）,0
68076c6c000000001f00f42b,67d42590000000001c009a24,,,,请问没有证明的线上行研就业时有用嘛,0,0,山东,0,1745316972000,2025-04-22T18:16:12,606b1c3d000000000100882d,The other me,请问没有证明的线上行研就业时有用嘛,0
6929b4040000000016027bbf,67d42590000000001c009a24,,,,您好为什么新财富组首选呀,0,0,重庆,0,1764340741000,2025-11-28T22:39:01,5b822f97d72b630001872f7b,斑呼,您好为什么新财富组首选呀,0
67fce89b000000001e0168fc,67d42590000000001c009a24,,,,广发策略实习值得去吗[哭惹R],0,0,中国香港,0,1744627867000,2025-04-14T18:51:07,678f2c4d000000000d00b09f,info,广发策略实习值得去吗[哭惹R],0
67303e8a000000001b023b70,65fab6980000000013027e40,,,,策略研究和宏观研究有什么不同吗[皱眉R],1,4,江苏,0,1731214986000,2024-11-10T13:03:06,5c7b57d30000000012027b75,扇贝,策略研究和宏观研究有什么不同吗[皱眉R],0
66a76ef5000000001c013753,65fab6980000000013027e40,,,,求问，楼主现在觉得宏观实习对于后续找工作的帮助大吗？,1,3,北京,0,1722248949000,2024-07-29T18:29:09,5946655082ec397286d7711c,陈肥肥要变大壮,求问，楼主现在觉得宏观实习对于后续找工作的帮助大吗？,0
680daf93000000000400dfbb,65fab6980000000013027e40,,,,想问问朋友策略研究会涉及到债市大宗外汇等方面的配置吗,0,1,中国香港,0,1745727380000,2025-04-27T12:16:20,5e61fd840000000001000c0c,momo,想问问朋友策略研究会涉及到债市大宗外汇等方面的配置吗,0
65fabdae000000000b023f62,65fab6980000000013027e40,,,,想问下卖方策略大概做了多久呀,0,1,北京,0,1710931374000,2024-03-20T18:42:54,6019337e00000000010055cb,momo,想问下卖方策略大概做了多久呀,0
676d05cd000000000f0395c2,65fab6980000000013027e40,,,,想问一下策略 总量是做什么的呀[偷笑R],0,0,广东,0,1735198158000,2024-12-26T15:29:18,60a63725000000000101f3d0,小红薯60A64AE2,想问一下策略 总量是做什么的呀[偷笑R],0
682159f60000000009015c19,65fab6980000000013027e40,,,,uu感觉策略组对就业帮助大吗,0,0,山东,0,1747016182000,2025-05-12T10:16:22,606b1c3d000000000100882d,The other me,uu感觉策略组对就业帮助大吗,0
67309171000000001b027cfb,65fab6980000000013027e40,,,67303e8a000000001b023b70,宏观工作内容是对经济数据点评以及一些会议啊政策这类的分析，主要发表对未来经济基本面的看法啊，以及对一些政策的预计。策略感觉稍微中观一点，会通过找寻经济数据的规律（一般需要经过数据整理）然后找到一些可以以古鉴今的结论去预测，需要做行业配置的，给出赛道推荐，不具体到个股推荐而已。以上是我自己浅显的一些感受哈，可能不太准确，主要从我实习接触到的工作内容来看,9,0,四川,0,1731236210000,2024-11-10T18:56:50,5f6325c000000000010069eb,锅锅是灰不是黑,宏观工作内容是对经济数据点评以及一些会议啊政策这类的分析，主要发表对未来经济基本面的看法啊，以及对一些政策的预计。策略感觉稍微中观一点，会通过找寻经济数据的规律（一般需要经过数据整理）然后找到一些可以以古鉴今的结论去预测，需要做行业配置的，给出赛道推荐，不具体到个股推荐而已。以上是我自己浅显的一些感受哈，可能不太准确，主要从我实习接触到的工作内容来看,0
6730926b000000001b02297a,65fab6980000000013027e40,,,66a76ef5000000001c013753,我觉得其实不是特别适用，因为银行应该只有金市才会涉及这方面，或者市场化机构对应岗位，但如果你想去银行或者央国企，就没啥直接帮助。但是间接一些些的影响呢 比如你可能做完宏观实习会更关注经济数据，经济会议，做银行笔试时更方便推测[捂脸R]以及面试问到你一些金融类的时事可能更有底气，但我自我感受是没那么大用处，还不如找个和择业方向更直接的实习,3,0,四川,0,1731236460000,2024-11-10T19:01:00,5f6325c000000000010069eb,锅锅是灰不是黑,我觉得其实不是特别适用，因为银行应该只有金市才会涉及这方面，或者市场化机构对应岗位，但如果你想去银行或者央国企，就没啥直接帮助。但是间接一些些的影响呢 比如你可能做完宏观实习会更关注经济数据，经济会议，做银行笔试时更方便推测[捂脸R]以及面试问到你一些金融类的时事可能更有底气，但我自我感受是没那么大用处，还不如找个和择业方向更直接的实习,0
692655a100000000160215ac,65fab6980000000013027e40,,,680daf93000000000400dfbb,会的，不过得看组,1,0,新加坡,0,1764119970000,2025-11-26T09:19:30,6342974b000000001901d6f7,N. aaa,会的，不过得看组,0
65fac592000000000d00094f,65fab6980000000013027e40,,,65fabdae000000000b023f62,时间不太长耶，就三个月多一点点,0,0,北京,0,1710933394000,2024-03-20T19:16:34,5f6325c000000000010069eb,锅锅是灰不是黑,时间不太长耶，就三个月多一点点,0
6a0a879d0000000028030123,6a0a7f680000000008031335,,,,去年毕业的答一波：①平台是最重要的，去大平台完成原始积累帮助很大。②公募表面上光鲜亮丽，但是大部分和散户没啥区别，都是吃市场的β，能挖到α的少之又少。③真正有能力的都自己出来了，我入行不到一年，遇到的大佬（a9以上）认知都是真正牛逼的不会想呆在行业内的[笑哭R],25,10,浙江,0,1779074974000,2026-05-18T11:29:34,5d45037a0000000010025ca4,momo不爱吃蛋黄,去年毕业的答一波：①平台是最重要的，去大平台完成原始积累帮助很大。②公募表面上光鲜亮丽，但是大部分和散户没啥区别，都是吃市场的β，能挖到α的少之又少。③真正有能力的都自己出来了，我入行不到一年，遇到的大佬（a9以上）认知都是真正牛逼的不会想呆在行业内的[笑哭R],0
6a0a8c7d000000002a006121,6a0a7f680000000008031335,,,,top2+人大都在往总行卷 公募头部bar都降到两财一贸了,2,15,北京,0,1779076221000,2026-05-18T11:50:21,63a273d50000000026006c3a,momo,top2+人大都在往总行卷 公募头部bar都降到两财一贸了,0
6a0aad26000000002203e50c,6a0a7f680000000008031335,,,,1.薪资问题：一般头部公募(top10)研究员base一般，但是年终还是比较可观的，拖延是存在的，5年80-100还是可以期待的。,2,10,广东,0,1779084583000,2026-05-18T14:09:43,65740ee3000000002002dac4,苏丽珂,1.薪资问题：一般头部公募(top10)研究员base一般，但是年终还是比较可观的，拖延是存在的，5年80-100还是可以期待的。,0
6a0ac44c00000000280333fa,6a0a7f680000000008031335,,,,top4尽量努力进大公募,1,7,上海,0,1779090509000,2026-05-18T15:48:29,5e1eb01c0000000001000989,momo,top4尽量努力进大公募,0
6a0bbb850000000029012442,6a0a7f680000000008031335,,,,不是很推荐，这行P UA很严重,0,0,上海,0,1779153797000,2026-05-19T09:23:17,649d4962000000000b015184,丽园路,不是很推荐，这行P UA很严重,0
6a0ab20400000000290100ea,6a0a7f680000000008031335,,,,我感觉还挺好啊，我也是top4本硕，在公募做多资产/固收量化，前景可能还没有主观好，但是不会觉得亏[笑哭R],0,7,北京,0,1779085829000,2026-05-18T14:30:29,68454bbd000000001e00aa32,小沐学长,我感觉还挺好啊，我也是top4本硕，在公募做多资产/固收量化，前景可能还没有主观好，但是不会觉得亏[笑哭R],0
6a0a89d7000000002a025770,6a0a7f680000000008031335,,,,还是卷泛体制内吧 建总年入40-50 超级稳定有地位 两财一贸都能去,3,3,北京,0,1779075543000,2026-05-18T11:39:03,63a273d50000000026006c3a,momo,还是卷泛体制内吧 建总年入40-50 超级稳定有地位 两财一贸都能去,0
6a0a81d7000000002902d6c5,6a0a7f680000000008031335,,,,已经是金融业里面为数不多资源依赖度不高且有高上限的岗位了,14,6,中国香港,0,1779073495000,2026-05-18T11:04:55,654477ac000000000d006dde,Excel Monkey,已经是金融业里面为数不多资源依赖度不高且有高上限的岗位了,0
6a0aa4b9000000002a004274,6a0a7f680000000008031335,,,,券商行研不适合“好学生”，本质上这是一个销售岗位，重点在交流勾兑然后想方设法“卖”，而不是你想象中的“研究”[doge],2,1,上海,0,1779082425000,2026-05-18T13:33:45,628d042d0000000021023a94,达文西,券商行研不适合“好学生”，本质上这是一个销售岗位，重点在交流勾兑然后想方设法“卖”，而不是你想象中的“研究”[doge],0
6a0a9b7c000000002a005ada,6a0a7f680000000008031335,,,,对于现在的二级买行业，热爱比薪酬更重要,0,5,广东,0,1779080061000,2026-05-18T12:54:21,60adffd4000000000100616f,Forward,对于现在的二级买行业，热爱比薪酬更重要,0
6a0a894100000000290261e4,6a0a7f680000000008031335,,,6a0a879d0000000028030123,谢谢分享[皱眉R]请问大平台完成原始积累是指大平台的薪资较高、还是指大平台对能力的培养较好呢,0,0,北京,0,1779075393000,2026-05-18T11:36:33,606552e40000000001009cf7,momo,谢谢分享[皱眉R]请问大平台完成原始积累是指大平台的薪资较高、还是指大平台对能力的培养较好呢,0
6a0a987f0000000029018754,6a0a7f680000000008031335,,,6a0a8c7d000000002a006121,如果你说的是中后台，那一直bar就是两财一贸啊,7,0,广东,0,1779079295000,2026-05-18T12:41:35,5c2716e600000000070027e7,经济学爱好者momo,如果你说的是中后台，那一直bar就是两财一贸啊,0
6a0aaded000000002100ce14,6a0a7f680000000008031335,,,6a0aad26000000002203e50c,2.前景：被动流动性太差了目前，主要理财子险资啥的研究能力不强，还是喜欢买主观。监管限薪有影响，研究员一般碰不到这个限额。AI的替代是写报告方面，但是研究员最重要的价值还是去跟同业和产业勾兑。。。这方面AI还是取代不了的。。,7,0,广东,0,1779084782000,2026-05-18T14:13:02,65740ee3000000002002dac4,苏丽珂,2.前景：被动流动性太差了目前，主要理财子险资啥的研究能力不强，还是喜欢买主观。监管限薪有影响，研究员一般碰不到这个限额。AI的替代是写报告方面，但是研究员最重要的价值还是去跟同业和产业勾兑。。。这方面AI还是取代不了的。。,0
6a0ad18d000000002702b7fb,6a0a7f680000000008031335,,,6a0ac44c00000000280333fa,嗯嗯，但现在大公募是不是应届月薪也是1-2w？[哭惹R],0,0,北京,0,1779093901000,2026-05-18T16:45:01,606552e40000000001009cf7,momo,嗯嗯，但现在大公募是不是应届月薪也是1-2w？[哭惹R],0
6a0ab427000000002300cba3,6a0a7f680000000008031335,,,6a0ab20400000000290100ea,学长您好！[皱眉R]请问我的薪资顾虑您是怎么看的呢，base 1-2w在北上生活的压力,0,0,北京,0,1779086375000,2026-05-18T14:39:35,606552e40000000001009cf7,momo,学长您好！[皱眉R]请问我的薪资顾虑您是怎么看的呢，base 1-2w在北上生活的压力,0
6a0a8ebe0000000029036507,6a0a7f680000000008031335,,,6a0a89d7000000002a025770,建总可以给这么高嘛[石化R][赞R]是不是已经升到一定职级了呀,0,0,北京,0,1779076799000,2026-05-18T11:59:59,606552e40000000001009cf7,momo,建总可以给这么高嘛[石化R][赞R]是不是已经升到一定职级了呀,0
6a0a853f000000002a02fb22,6a0a7f680000000008031335,,,6a0a81d7000000002902d6c5,但如果对比从事一个其他行业（例如互联网）、然后积累点小钱自己用AI和ETF投资，是不是对于普通家庭的同学来说更好呢🤔[皱眉R],4,0,北京,0,1779074368000,2026-05-18T11:19:28,606552e40000000001009cf7,momo,但如果对比从事一个其他行业（例如互联网）、然后积累点小钱自己用AI和ETF投资，是不是对于普通家庭的同学来说更好呢🤔[皱眉R],0
6a0aa961000000002901289e,6a0a7f680000000008031335,,,6a0aa4b9000000002a004274,他问的不是公募吗,2,0,上海,-2,1779083618000,2026-05-18T13:53:38,5fea0ba300000000010018c0,🍨,他问的不是公募吗,0
6a0a9fbc0000000029025fe5,6a0a7f680000000008031335,,,6a0a9b7c000000002a005ada,[哭惹R]为什么呢？,0,0,北京,0,1779081148000,2026-05-18T13:12:28,606552e40000000001009cf7,momo,[哭惹R]为什么呢？,0
6a0a904800000000270295e8,6a0a7f680000000008031335,,,,问题是有学历家庭无助力还有哪些更好的选择备选？如果物欲不高+重视闲暇精神生命质量，非常推荐 ai 产业高度绑定富裕地区的公务员。不婚无托举在一线靠自己买房有难度，但是通过婚姻扎根并不难（难在别处）,0,6,上海,0,1779077193000,2026-05-18T12:06:33,55c83136e4b1cf39882a7833,momo,问题是有学历家庭无助力还有哪些更好的选择备选？如果物欲不高+重视闲暇精神生命质量，非常推荐 ai 产业高度绑定富裕地区的公务员。不婚无托举在一线靠自己买房有难度，但是通过婚姻扎根并不难（难在别处）,0
6a0a838f000000002a027f89,6a0a7f680000000008031335,,,,我真羡慕你，我要是有你这个学历就好了，我铁定冲这个[暗中观察R],1,4,广东,0,1779073935000,2026-05-18T11:12:15,60e57383000000000100446b,火山岩雨,我真羡慕你，我要是有你这个学历就好了，我铁定冲这个[暗中观察R],0
6a0a89ea000000002803e35d,6a0a7f680000000008031335,,,,我觉得二级本质上是个高风险高收益的事情——如果觉得自己只能做个中庸的研究员，那么这一两万两三万的基本工资是性价比很低的；但如果觉得自己充分热爱、有信心成为很优秀的一批（eg入行的研究员的前1/3），那么薪酬肯定就不是问题了,4,3,北京,0,1779075563000,2026-05-18T11:39:23,676902ec0000000018016895,佳忆吟行经管保研,我觉得二级本质上是个高风险高收益的事情——如果觉得自己只能做个中庸的研究员，那么这一两万两三万的基本工资是性价比很低的；但如果觉得自己充分热爱、有信心成为很优秀的一批（eg入行的研究员的前1/3），那么薪酬肯定就不是问题了,0
6a0a8a120000000029037e61,6a0a7f680000000008031335,,,,AI目前的能力还不能替代研究员。而且AI在有些场景下还是不能替代人来做研究的，比如通过和上市公司交流获取一些信息，以及做盈利预测等。,0,4,北京,0,1779075602000,2026-05-18T11:40:02,5cff0e54000000001702b3bd,小红薯5CFFA46F,AI目前的能力还不能替代研究员。而且AI在有些场景下还是不能替代人来做研究的，比如通过和上市公司交流获取一些信息，以及做盈利预测等。,0
6a0ab23c000000002900d7f9,6a0a7f680000000008031335,,,,有硬性工资帽，所以自己的钱年化尽量做到15%呗，还能咋滴[笑哭R]行情来了买点etf都赚很多了,0,3,上海,0,1779085884000,2026-05-18T14:31:24,5d29aa83000000001001df19,momo,有硬性工资帽，所以自己的钱年化尽量做到15%呗，还能咋滴[笑哭R]行情来了买点etf都赚很多了,0
6a0a8aa500000000270147bc,6a0a7f680000000008031335,,,,现在这行保不了下限了，上限来自你自己炒股。追求稳定就别来，最好家里不差钱，因为时薪还挺低的。,8,1,上海,0,1779075750000,2026-05-18T11:42:30,5bacff81d12c1500012ca8ad,悍匪,现在这行保不了下限了，上限来自你自己炒股。追求稳定就别来，最好家里不差钱，因为时薪还挺低的。,0
6a0a851a0000000028030634,6a0a7f680000000008031335,,,,1: 工资的问题的话你说的差不多，死工资就这些，总包的话我们现在上下限也挺大的所以不好说。2:从业前景这块我也迷茫，所以不知道,4,1,北京,0,1779074330000,2026-05-18T11:18:50,60a09118000000000100ace1,SEER,1: 工资的问题的话你说的差不多，死工资就这些，总包的话我们现在上下限也挺大的所以不好说。2:从业前景这块我也迷茫，所以不知道,0
6a0a94ac000000002900f972,6a0a7f680000000008031335,,,,俺也是应届生&之前实习多在投研赛道，个人感觉在投研里面个体差异化太大，如果你团队好真能教东西+自己能力强+有投研sense的话，积累几年往外不管是私募还是大买都是很有机会的。另外我也不知道还有什么明确能赚的更多的赛道？互联网的话挺看实习的，除非你去卷战投不然应届金融本硕+无实习基本没什么收入明显多于金融的offer吧（排除掉某几家血汗工厂），总行or泛体制的话我就不太清楚了,0,1,广东,0,1779078316000,2026-05-18T12:25:16,5eb8c50900000000010042ec,Juno✨,俺也是应届生&之前实习多在投研赛道，个人感觉在投研里面个体差异化太大，如果你团队好真能教东西+自己能力强+有投研sense的话，积累几年往外不管是私募还是大买都是很有机会的。另外我也不知道还有什么明确能赚的更多的赛道？互联网的话挺看实习的，除非你去卷战投不然应届金融本硕+无实习基本没什么收入明显多于金融的offer吧（排除掉某几家血汗工厂），总行or泛体制的话我就不太清楚了,0
6a0a925b000000002900cb54,6a0a7f680000000008031335,,,,真的喜欢投研就干，不喜欢千万别去性价比不高,2,0,北京,0,1779077724000,2026-05-18T12:15:24,5eb4469f0000000001000872,momo,真的喜欢投研就干，不喜欢千万别去性价比不高,0
6a0a8653000000002a02e270,6a0a7f680000000008031335,,,,主播已经有offer了吗,0,1,广东,0,1779074643000,2026-05-18T11:24:03,61f0f38f000000001000b5b0,Alex GUAN,主播已经有offer了吗,0
6a0a9514000000002701561c,6a0a7f680000000008031335,,,6a0a92bc000000002a02dcb9,不不不，这是两个选项，富裕地区公务员的话不婚也能买房的拥有中产生活的，考虑 65 岁退休要工作 40 年，我认为未来 40 年内能见到一部分人先享受到 ai 红利分配制度，剩下的人靠这部分人的消费而过活，ai 产业地区公务员是我能想到的比较确定受益的群体。做二级或者大厂的话就是你现在考虑的路，挑战北上深高房价，冲击职业上限，如果不排斥婚育的话找本地人或者和你同样的人，房子不算什么难以逾越的鸿沟，但要考虑配偶人品能力、职业中后期挑战等其他问题,1,0,上海,0,1779078421000,2026-05-18T12:27:01,55c83136e4b1cf39882a7833,momo,不不不，这是两个选项，富裕地区公务员的话不婚也能买房的拥有中产生活的，考虑 65 岁退休要工作 40 年，我认为未来 40 年内能见到一部分人先享受到 ai 红利分配制度，剩下的人靠这部分人的消费而过活，ai 产业地区公务员是我能想到的比较确定受益的群体。做二级或者大厂的话就是你现在考虑的路，挑战北上深高房价，冲击职业上限，如果不排斥婚育的话找本地人或者和你同样的人，房子不算什么难以逾越的鸿沟，但要考虑配偶人品能力、职业中后期挑战等其他问题,0
6a0a854b000000002b027958,6a0a7f680000000008031335,,,6a0a838f000000002a027f89,为什么呢？[皱眉R],0,0,北京,0,1779074379000,2026-05-18T11:19:39,606552e40000000001009cf7,momo,为什么呢？[皱眉R],0
6a0a8f3d000000002a0261e8,6a0a7f680000000008031335,,,6a0a89ea000000002803e35d,谢谢分享！[皱眉R]我也在思考二级是否符合我的风险偏好画像。但是如何在入行前判断自己能否成为行业前列呢？您觉得有没有什么指标或观察角度呀,0,0,北京,0,1779076926000,2026-05-18T12:02:06,606552e40000000001009cf7,momo,谢谢分享！[皱眉R]我也在思考二级是否符合我的风险偏好画像。但是如何在入行前判断自己能否成为行业前列呢？您觉得有没有什么指标或观察角度呀,0
6a0a9148000000002901b805,6a0a7f680000000008031335,,,6a0a8a120000000029037e61,嗯嗯确实！和人交流、预测判断的环节，AI还是难以替代的[皱眉R]但AI发展也日新月异，对研究员价值的挤压我觉得还是会持续的，不知道研究员是否能长期论证自己的价值,0,0,北京,0,1779077448000,2026-05-18T12:10:48,606552e40000000001009cf7,momo,嗯嗯确实！和人交流、预测判断的环节，AI还是难以替代的[皱眉R]但AI发展也日新月异，对研究员价值的挤压我觉得还是会持续的，不知道研究员是否能长期论证自己的价值,0
6a0ad4e000000000270141a9,6a0a7f680000000008031335,,,6a0ab23c000000002900d7f9,嗯嗯确实！但如果只用ETF赚β的钱，是不是去一个别的行业还更好呢？能够积攒更多本金，也用不上多细致的公司分析？🤔,0,0,北京,0,1779094752000,2026-05-18T16:59:12,606552e40000000001009cf7,momo,嗯嗯确实！但如果只用ETF赚β的钱，是不是去一个别的行业还更好呢？能够积攒更多本金，也用不上多细致的公司分析？🤔,0
6a0a8f69000000002901b74e,6a0a7f680000000008031335,,,6a0a8aa500000000270147bc,[哭惹R][哭惹R],0,0,北京,0,1779076969000,2026-05-18T12:02:49,606552e40000000001009cf7,momo,[哭惹R][哭惹R],0
6a0a86340000000029027ae6,6a0a7f680000000008031335,,,6a0a851a0000000028030634,谢谢您的回答！[皱眉R],0,0,北京,0,1779074613000,2026-05-18T11:23:33,606552e40000000001009cf7,momo,谢谢您的回答！[皱眉R],0
6a0a9cfd000000002a025ea7,6a0a7f680000000008031335,,,6a0a94ac000000002900f972,谢谢uu分享！[皱眉R]确实个体化差异很大，行业方差很大，所以疑惑的一点也是比较难对自己有一个入行后定位/发展的预期。互联网方面，我之前看有几个学长学姐暑期/秋招临时转互联网或管培项目，最后还是能收获一些不错的offer,0,0,北京,0,1779080445000,2026-05-18T13:00:45,606552e40000000001009cf7,momo,谢谢uu分享！[皱眉R]确实个体化差异很大，行业方差很大，所以疑惑的一点也是比较难对自己有一个入行后定位/发展的预期。互联网方面，我之前看有几个学长学姐暑期/秋招临时转互联网或管培项目，最后还是能收获一些不错的offer,0
6a0a872f000000002b024133,6a0a7f680000000008031335,,,6a0a8653000000002a02e270,主包还在职业规划和选择阶段[皱眉R],0,0,北京,0,1779074864000,2026-05-18T11:27:44,606552e40000000001009cf7,momo,主包还在职业规划和选择阶段[皱眉R],0
6a0aa13d000000002803014d,6a0a7f680000000008031335,,,,私募是否能够兑现，主要看业绩，甚至和研究关系不太大了，这个只能事后判断了,0,0,上海,0,1779081533000,2026-05-18T13:18:53,5a31d8b3e8ac2b3e4e8924d5,LolO,私募是否能够兑现，主要看业绩，甚至和研究关系不太大了，这个只能事后判断了,0
6a0aa086000000002b02486b,6a0a7f680000000008031335,,,,风险收益有点不匹配，能不能干出来好多时候看命/运气，特别卷，卷了还不一定有用。,0,0,北京,0,1779081350000,2026-05-18T13:15:50,61fb300d0000000010008d89,小小红薯,风险收益有点不匹配，能不能干出来好多时候看命/运气，特别卷，卷了还不一定有用。,0
6a0aa0b900000000280325f3,6a0a7f680000000008031335,,,,二级投研做的不差的没见过缺钱的[笑哭R]看你热爱不热爱，不热爱没天赋很难做好[笑哭R],0,0,美国,0,1779081401000,2026-05-18T13:16:41,5f3d227000000000010071d0,FFFFHY,二级投研做的不差的没见过缺钱的[笑哭R]看你热爱不热爱，不热爱没天赋很难做好[笑哭R],0
6a0b368b000000002701de4d,6a0a7f680000000008031335,,,,你这么想赚钱，还是找个地方先学习，有积累了自己出来做吧。打工是赚不了什么钱的，公募券商往上穿透全是财政部国资委，说限薪就限薪。然后回到第一性原理，你的性格和能力适不适合做交易。家境普通希望尽快赚钱我理解，但你如果找工作只看钱，不顾自己是否热爱是否适合，做不长的，某个时点你会想离开，这种心态怎么可能做得好,2,1,上海,-2,1779119756000,2026-05-18T23:55:56,61fb7837000000001000f74b,momo🐊,你这么想赚钱，还是找个地方先学习，有积累了自己出来做吧。打工是赚不了什么钱的，公募券商往上穿透全是财政部国资委，说限薪就限薪。然后回到第一性原理，你的性格和能力适不适合做交易。家境普通希望尽快赚钱我理解，但你如果找工作只看钱，不顾自己是否热爱是否适合，做不长的，某个时点你会想离开，这种心态怎么可能做得好,0
6a0ababc000000002a025733,6a0a7f680000000008031335,,,,想靠自己在一线城市扎根就找钱多的工作啊eg二级里的外资卖方，以及听上去tier2咨询都比公募多，为什么非要去拿这一两万,1,1,英国,-2,1779088060000,2026-05-18T15:07:40,5efd7b6e0000000001006328,嵩山君,想靠自己在一线城市扎根就找钱多的工作啊eg二级里的外资卖方，以及听上去tier2咨询都比公募多，为什么非要去拿这一两万,0
6a0a9982000000002b0003df,6a0a7f680000000008031335,,,,这事为啥不直接问同学,0,2,上海,-2,1779079555000,2026-05-18T12:45:55,5c1bcdf30000000007005cce,Happy,这事为啥不直接问同学,0
6a0a96100000000029010f3d,6a0a7f680000000008031335,,,,毕业就做投研主要靠逻辑和勤奋，相当于好学生模式，但是ai瓦解了这部分优势，以前这条路可以熬一熬，但今后如果没有产业积累或者特别的经历怕很难出头,1,1,上海,-2,1779078673000,2026-05-18T12:31:13,5a31d8b3e8ac2b3e4e8924d5,LolO,毕业就做投研主要靠逻辑和勤奋，相当于好学生模式，但是ai瓦解了这部分优势，以前这条路可以熬一熬，但今后如果没有产业积累或者特别的经历怕很难出头,0
6a0a8653000000002901bdd8,6a0a7f680000000008031335,,,,蹲,1,0,上海,0,1779074644000,2026-05-18T11:24:04,62d2d372000000000303d326,Sahamur,蹲,0
6a0b3ce2000000002300f36e,6a0a7f680000000008031335,,,6a0b368b000000002701de4d,感谢批评和指教！[合十R]很有启发，我的思路确实局限了，我会好好思考您的话的,0,0,北京,0,1779121379000,2026-05-19T00:22:59,606552e40000000001009cf7,momo,感谢批评和指教！[合十R]很有启发，我的思路确实局限了，我会好好思考您的话的,0
6a0ac0ef000000002300ea11,6a0a7f680000000008031335,,,6a0ababc000000002a025733,[哭惹R]确实，自己可能也有一定路径依赖，所以也想在网上请教一下大家有没有什么好路子推荐,0,0,北京,0,1779089647000,2026-05-18T15:34:07,606552e40000000001009cf7,momo,[哭惹R]确实，自己可能也有一定路径依赖，所以也想在网上请教一下大家有没有什么好路子推荐,0
6a0aa097000000002902e494,6a0a7f680000000008031335,,,6a0a9982000000002b0003df,学生之间讨论的视角和信息肯定还是非常局限的，希望网上能够集思广益[皱眉R],2,0,北京,0,1779081367000,2026-05-18T13:16:07,606552e40000000001009cf7,momo,学生之间讨论的视角和信息肯定还是非常局限的，希望网上能够集思广益[皱眉R],0
6a0aa004000000002a004b61,6a0a7f680000000008031335,,,6a0a96100000000029010f3d,[哭惹R][哭惹R],0,0,北京,0,1779081221000,2026-05-18T13:13:41,606552e40000000001009cf7,momo,[哭惹R][哭惹R],0
69aed8e80000000015014916,69aeb3ab000000001b01dc57,,,,nb。,0,2,英国,0,1773066473000,2026-03-09T22:27:53,6069c42f00000000010059f2,Angelinnabell多喝水,nb。,0
69aeb3bd000000000d03eb8b,69aeb3ab000000001b01dc57,,,,上一篇热度太低了遂再发一遍。,0,2,广东,0,1773056958000,2026-03-09T19:49:18,58f573a15e87e741da1d7103,乱乱的快乐小狗,上一篇热度太低了遂再发一遍。,0
6a09df0e000000002803c2c3,69aeb3ab000000001b01dc57,,,,你还找实习吗哈哈 突然看到你也是CICF志愿者,1,0,中国香港,0,1779031822000,2026-05-17T23:30:22,5dd7fb690000000001000b9f,SPF99,你还找实习吗哈哈 突然看到你也是CICF志愿者,0
69bc0a7900000000030133ef,69aeb3ab000000001b01dc57,,,,华泰不是最低研0吗,0,1,四川,0,1773931130000,2026-03-19T22:38:50,69a3c380000000002100baf8,选择困难,华泰不是最低研0吗,0
6a0bb13b000000002803ef81,69aeb3ab000000001b01dc57,,,,好厉害,0,0,天津,0,1779151163000,2026-05-19T08:39:23,66a27c18000000001d03305f,Dahommie,好厉害,0
69b4e3c40000000015003f59,69aeb3ab000000001b01dc57,,,,哪里有行研？,1,0,美国,0,1773462469000,2026-03-14T12:27:49,607ef345000000000100b58f,好运降临掌心,哪里有行研？,0
69aedd8c000000001d00f57c,69aeb3ab000000001b01dc57,,,,怎么又发一遍。,1,0,广东,0,1773067660000,2026-03-09T22:47:40,5eeb56c7000000000101e9c2,Mecy,怎么又发一遍。,0
69b1e57a0000000002037473,69aeb3ab000000001b01dc57,,,,NB[呃R],0,0,澳大利亚,0,1773266299000,2026-03-12T05:58:19,5f16a238000000000101f784,大喵（春招版）,NB[呃R],0
69af122e000000001500a117,69aeb3ab000000001b01dc57,,,,[飞吻R],0,2,瑞典,-2,1773081134000,2026-03-10T02:32:14,64be3051000000001403b16b,昨日游鱼,[飞吻R],0
69aedad10000000015001849,69aeb3ab000000001b01dc57,,,69aed8e80000000015014916,想怎样。,1,0,广东,0,1773066962000,2026-03-09T22:36:02,58f573a15e87e741da1d7103,乱乱的快乐小狗,想怎样。,0
69aedd900000000015017c4d,69aeb3ab000000001b01dc57,,,69aeb3bd000000000d03eb8b,哦是这样,1,0,广东,0,1773067665000,2026-03-09T22:47:45,5eeb56c7000000000101e9c2,Mecy,哦是这样,0
69bc20ce0000000016015ec4,69aeb3ab000000001b01dc57,,,69bc0a7900000000030133ef,vip,0,0,广东,0,1773936847000,2026-03-20T00:14:07,58f573a15e87e741da1d7103,乱乱的快乐小狗,vip,0
69afa08c0000000014009e2d,69aeb3ab000000001b01dc57,,,69af122e000000001500a117,呜呜,0,0,广东,0,1773117580000,2026-03-10T12:39:40,58f573a15e87e741da1d7103,乱乱的快乐小狗,呜呜,0
685ebf6400000000200302d3,685ebbb7000000000b02d2de,,,,不是 你告诉我 你大二 6段实习？,25,17,上海,0,1751039845000,2025-06-27T23:57:25,65a276ea000000002201187e,赖赖（疯狂练钢琴29号见力宏版）,不是 你告诉我 你大二 6段实习？,0
691b4cb8000000003900b66d,685ebbb7000000000b02d2de,,,,想问问大一什么时候可以开始实习啊 可以做些什么有用的实习[偷笑R][哭惹R][哭惹R],0,5,广东,0,1763396793000,2025-11-18T00:26:33,5ee1f0ae000000000101cc51,VerityINuo,想问问大一什么时候可以开始实习啊 可以做些什么有用的实习[偷笑R][哭惹R][哭惹R],0
6a06ef0b000000002901342a,685ebbb7000000000b02d2de,,,,请问姐姐，行研优先推荐哪些组呀,0,3,浙江,0,1778839307000,2026-05-15T18:01:47,5fe4173700000000010079af,小随随,请问姐姐，行研优先推荐哪些组呀,0
685ec2070000000004019c7f,685ebbb7000000000b02d2de,,,,老师，请教一个问题，我暑假去卷新财富行研，我不知道应该准备一些什么,0,2,江苏,0,1751040519000,2025-06-28T00:08:39,60e1307000000000010044d3,灵魂池,老师，请教一个问题，我暑假去卷新财富行研，我不知道应该准备一些什么,0
698ec84500000000090347e8,685ebbb7000000000b02d2de,,,,求问博主第一段实习怎么开始[哭惹R]简历真的什么也没有，现在大二非常的焦虑,0,1,山西,0,1770965061000,2026-02-13T14:44:21,6828ac42000000000601e2a6,不喝汤的,求问博主第一段实习怎么开始[哭惹R]简历真的什么也没有，现在大二非常的焦虑,0
685edd430000000020021427,685ebbb7000000000b02d2de,,,,同准大三找工党 很认可博主的经验分享和另外那个帖子的求职信息分享[赞R] 但是对“一份实习的唯一意义和目的是写简历”不太认可[汗颜R] 这实习是有多血汗牛马才遭如此评价[笑哭R],2,1,广东,0,1751047492000,2025-06-28T02:04:52,6205f9f20000000010006eef,Cx330,同准大三找工党 很认可博主的经验分享和另外那个帖子的求职信息分享[赞R] 但是对“一份实习的唯一意义和目的是写简历”不太认可[汗颜R] 这实习是有多血汗牛马才遭如此评价[笑哭R],0
685ec6370000000013037929,685ebbb7000000000b02d2de,,,,想求问怎么开始第一段实习[哭惹R],0,1,福建,0,1751041592000,2025-06-28T00:26:32,612ca04c0000000001000759,^ ^,想求问怎么开始第一段实习[哭惹R],0
686de4b8000000001100eeff,685ebbb7000000000b02d2de,,,,老师请问复旦经院的研究生在江湾校区吗,1,3,上海,0,1752032441000,2025-07-09T11:40:41,5c4095b100000000070107d4,momo,老师请问复旦经院的研究生在江湾校区吗,0
68660b4800000000060064d7,685ebbb7000000000b02d2de,,,,妈呀[石化R][石化R][石化R][石化R][石化R]什么牛马生活一年起码9个月都在实习,0,0,北京,0,1751518024000,2025-07-03T12:47:04,6485d630000000000f0063bf,Boxxxxxxxxx（八爪鱼版）,妈呀[石化R][石化R][石化R][石化R][石化R]什么牛马生活一年起码9个月都在实习,0
685f627f000000002002d77e,685ebbb7000000000b02d2de,,,,很厉害，感觉可以直接工作了,0,0,上海,0,1751081600000,2025-06-28T11:33:20,5666c35ae4251d069cc72df1,momo,很厉害，感觉可以直接工作了,0
685ec000000000001100fdd9,685ebbb7000000000b02d2de,,,685ebf6400000000200302d3,有些是刚开始的👉👈有双开，交换学期实习没停,5,0,上海,0,1751040000000,2025-06-28T00:00:00,5d312bf2000000001200cecf,P.L.U.M,有些是刚开始的👉👈有双开，交换学期实习没停,0
691b4eed00000000390218d3,685ebbb7000000000b02d2de,,,691b4cb8000000003900b66d,大一寒假、下半学期、暑假都行呀，寒假的话可以去审计，学期中间可以去行研，暑假可以考虑bcg或者bain的pta,0,0,上海,0,1763397357000,2025-11-18T00:35:57,5d312bf2000000001200cecf,P.L.U.M,大一寒假、下半学期、暑假都行呀，寒假的话可以去审计，学期中间可以去行研，暑假可以考虑bcg或者bain的pta,0
6a06efec000000002702c9a3,685ebbb7000000000b02d2de,,,6a06ef0b000000002901342a,AI、半导体、消费相关的,0,0,上海,0,1778839532000,2026-05-15T18:05:32,5d312bf2000000001200cecf,P.L.U.M,AI、半导体、消费相关的,0
685ec35d000000001100ea25,685ebbb7000000000b02d2de,,,685ec2070000000004019c7f,没啥好准备的哈哈哈，实习前期积极做会议纪要，它能让你快速熟悉一个行业，最好是那种小规模专门约的交流，因为能够一来一回地问问题解答问题，信息量大一点讲的也清楚一点（大规模的官方的投资者交流会有点无聊），然后平时干活麻利点少出错，多看你们组覆盖的这个行业的公司研报，第二个月就可以开始向带教表明自己写报告的意向了～,1,0,上海,0,1751040862000,2025-06-28T00:14:22,5d312bf2000000001200cecf,P.L.U.M,没啥好准备的哈哈哈，实习前期积极做会议纪要，它能让你快速熟悉一个行业，最好是那种小规模专门约的交流，因为能够一来一回地问问题解答问题，信息量大一点讲的也清楚一点（大规模的官方的投资者交流会有点无聊），然后平时干活麻利点少出错，多看你们组覆盖的这个行业的公司研报，第二个月就可以开始向带教表明自己写报告的意向了～,0
698eda450000000005030bf8,685ebbb7000000000b02d2de,,,698ec84500000000090347e8,那就先补充简历呗,0,0,上海,0,1770969669000,2026-02-13T16:01:09,5d312bf2000000001200cecf,P.L.U.M,那就先补充简历呗,0
685f42130000000013035df6,685ebbb7000000000b02d2de,,,685edd430000000020021427,哈哈哈哈这是在请教面试技巧时对方说出来的，有语境的hhh,1,0,上海,0,1751073300000,2025-06-28T09:15:00,5d312bf2000000001200cecf,P.L.U.M,哈哈哈哈这是在请教面试技巧时对方说出来的，有语境的hhh,0
685ec6610000000013037fff,685ebbb7000000000b02d2de,,,685ec6370000000013037929,我明天写这个吧哈哈哈哈哈,0,0,上海,0,1751041634000,2025-06-28T00:27:14,5d312bf2000000001200cecf,P.L.U.M,我明天写这个吧哈哈哈哈哈,0
686de8a2000000000602cfcf,685ebbb7000000000b02d2de,,,686de4b8000000001100eeff,不是老师不是老师 在邯郸校区,0,0,上海,0,1752033443000,2025-07-09T11:57:23,5d312bf2000000001200cecf,P.L.U.M,不是老师不是老师 在邯郸校区,0
685fd387000000002002284e,685ebbb7000000000b02d2de,,,,@菠萝吹猪猪包 被淘汰,0,2,北京,0,1751110536000,2025-06-28T19:35:36,60fcb36f00000000010089e0,Joe,@菠萝吹猪猪包 被淘汰,0
69ff267e000000002702a0ed,685ebbb7000000000b02d2de,,,,uu想问问您券商实习远程的认可度和线下有区别吗？如果都给开实习证明的话[微笑R],0,2,北京,-2,1778329214000,2026-05-09T20:20:14,5dde94de0000000001006f6b,神の克罗心,uu想问问您券商实习远程的认可度和线下有区别吗？如果都给开实习证明的话[微笑R],0
69d5ea3b0000000015006c20,685ebbb7000000000b02d2de,,,,请问大三下暑期第一段实习是选券商的行研，还是选券商的投行还是选四大的数分好呀？海本打算申金融和量化金融的研，之前没有实习。非常感谢如果姐姐愿意简短回答一下！[飞吻R][皱眉R],0,2,新加坡,-2,1775626812000,2026-04-08T13:40:12,616114f3000000000201fcec,momo,请问大三下暑期第一段实习是选券商的行研，还是选券商的投行还是选四大的数分好呀？海本打算申金融和量化金融的研，之前没有实习。非常感谢如果姐姐愿意简短回答一下！[飞吻R][皱眉R],0
685fd3980000000020022d1b,685ebbb7000000000b02d2de,,,685fd387000000002002284e,感觉我过的好摆。,0,0,北京,0,1751110553000,2025-06-28T19:35:53,60fcb36f00000000010089e0,Joe,感觉我过的好摆。,0
69ff288d00000000270170b6,685ebbb7000000000b02d2de,,,69ff267e000000002702a0ed,没区别 简历上不用写你是远程还是线下的,0,0,上海,0,1778329742000,2026-05-09T20:29:02,5d312bf2000000001200cecf,P.L.U.M,没区别 简历上不用写你是远程还是线下的,0
69d5eddb000000000103f05f,685ebbb7000000000b02d2de,,,69d5ea3b0000000015006c20,数分听起来和quant沾点边，金融工程组的行研也可以,0,0,上海,0,1775627739000,2026-04-08T13:55:39,5d312bf2000000001200cecf,P.L.U.M,数分听起来和quant沾点边，金融工程组的行研也可以,0
68121ee700000000130131c6,67fccaa5000000001d008d13,,,,提供的信息怎么判断是否帮基金经理真正赚钱与否啊？,0,10,北京,0,1746018024000,2025-04-30T21:00:24,588cede25e87e7767e9b186c,Fire,提供的信息怎么判断是否帮基金经理真正赚钱与否啊？,0
67fcdfc3000000001202223f,67fccaa5000000001d008d13,,,,亲，你买黄金么？,1,10,上海,0,1744625603000,2025-04-14T18:13:23,5ac627ab11be1029db44ec76,铜豌豆,亲，你买黄金么？,0
67fcf52b000000001e00f1fd,67fccaa5000000001d008d13,,,,老师，请问现在卖方研究员实习好进吗,0,8,浙江,0,1744631084000,2025-04-14T19:44:44,633e5672000000001802a040,momo,老师，请问现在卖方研究员实习好进吗,0
67fd8d2a000000001f007024,67fccaa5000000001d008d13,,,,在卖方实习的时候，带教写几篇点评12点多才写完，还问了我一句我的写完没[石化R],0,2,河北,0,1744669995000,2025-04-15T06:33:15,64192e180000000012013d41,。。。。,在卖方实习的时候，带教写几篇点评12点多才写完，还问了我一句我的写完没[石化R],0
67fcf309000000001e01387e,67fccaa5000000001d008d13,,,,有没有想过跳槽到买方或者一级市场,1,4,上海,0,1744630538000,2025-04-14T19:35:38,668ff42f0000000003033dfe,丝黛妃,有没有想过跳槽到买方或者一级市场,0
67fcd8bd0000000012003114,67fccaa5000000001d008d13,,,,请问晚上一般几点能结束工作呀[萌萌哒R],0,2,福建,0,1744623806000,2025-04-14T17:43:26,6372fe8e000000001f01cc43,令狐冲,请问晚上一般几点能结束工作呀[萌萌哒R],0
680e59710000000012002db6,67fccaa5000000001d008d13,,,,产业80w左右年薪转卖方行业分析师，年薪百万算高了么？,0,1,北京,0,1745770866000,2025-04-28T00:21:06,5c0b5864f7e8b934ebed9ae5,唐三葬,产业80w左右年薪转卖方行业分析师，年薪百万算高了么？,0
6986e1da000000000b03620b,67fccaa5000000001d008d13,,,,周末加班很频繁吗,0,0,广西,0,1770447323000,2026-02-07T14:55:23,60f7933e000000000100359f,花语: 不哭,周末加班很频繁吗,0
67fda7920000000012001e80,67fccaa5000000001d008d13,,,,不错 [偷笑R][偷笑R][偷笑R][偷笑R],0,0,上海,0,1744676754000,2025-04-15T08:25:54,655232130000000008001b63,Una学姐,不错 [偷笑R][偷笑R][偷笑R][偷笑R],0
68921462000000002a0055e7,67fccaa5000000001d008d13,,,,可以加你吗,0,0,北京,0,1754403939000,2025-08-05T22:25:39,66ffd4ea000000001d033252,彭你萌,可以加你吗,0
68121fc0000000001f02b178,67fccaa5000000001d008d13,,,68121ee700000000130131c6,[doge]直接问 jjjl，有没有持仓，或者通过销售去问,2,0,上海,0,1746018240000,2025-04-30T21:04:00,617423580000000002021cf2,不晚在路上,[doge]直接问 jjjl，有没有持仓，或者通过销售去问,0
67fce072000000001f02b958,67fccaa5000000001d008d13,,,67fcdfc3000000001202223f,我没有买，相对于其他，涨幅太小了,2,0,上海,0,1744625779000,2025-04-14T18:16:19,617423580000000002021cf2,不晚在路上,我没有买，相对于其他，涨幅太小了,0
67fcf66f000000002001536c,67fccaa5000000001d008d13,,,67fcf52b000000001e00f1fd,不好进，好像有的应届都不招人了（除非你只是想实习）。基本上要985或者四大财经211的才有优势，且竞争激烈。前几年我们所暑期招二三十个人，最终留用就个位数,2,0,上海,0,1744631407000,2025-04-14T19:50:07,617423580000000002021cf2,不晚在路上,不好进，好像有的应届都不招人了（除非你只是想实习）。基本上要985或者四大财经211的才有优势，且竞争激烈。前几年我们所暑期招二三十个人，最终留用就个位数,0
67fd8d85000000001e03e94a,67fccaa5000000001d008d13,,,67fd8d2a000000001f007024,她是点评写完了，不知道还有没有别的工作[石化R][石化R][石化R],0,0,河北,0,1744670086000,2025-04-15T06:34:46,64192e180000000012013d41,。。。。,她是点评写完了，不知道还有没有别的工作[石化R][石化R][石化R],0
67fcf37000000000200121ee,67fccaa5000000001d008d13,,,67fcf309000000001e01387e,不想做二级，二级买压力更大[笑哭R]一级倒是考虑过,0,0,上海,0,1744630641000,2025-04-14T19:37:21,617423580000000002021cf2,不晚在路上,不想做二级，二级买压力更大[笑哭R]一级倒是考虑过,0
67fcd972000000001f00eb7d,67fccaa5000000001d008d13,,,67fcd8bd0000000012003114,[偷笑R]看心情，如果行情不好，3点就下班[微笑R]主要是你手头的报告在 ddl 之前写出来就行[笑哭R]就跟交大学作业似的。但是如果行情好的时候，十一二点也是常事。我觉得得看自己怎么去平衡吧,2,0,上海,0,1744623987000,2025-04-14T17:46:27,617423580000000002021cf2,不晚在路上,[偷笑R]看心情，如果行情不好，3点就下班[微笑R]主要是你手头的报告在 ddl 之前写出来就行[笑哭R]就跟交大学作业似的。但是如果行情好的时候，十一二点也是常事。我觉得得看自己怎么去平衡吧,0
68a718050000000027001be0,67fccaa5000000001d008d13,,,680e59710000000012002db6,卖方买方是指什么呢,2,0,四川,0,1755781125000,2025-08-21T20:58:45,651fe17800000000020132ad,momo,卖方买方是指什么呢,0
6972f56c0000000009037bf0,67fccaa5000000001d008d13,,,,老师，想问一下靠派点的季度奖金一般是什么时候发呀，会当季结束就发吗,0,0,广东,0,1769141613000,2026-01-23T12:13:33,5f15b8de000000000101dac5,摩卡i生椰,老师，想问一下靠派点的季度奖金一般是什么时候发呀，会当季结束就发吗,0
67fcf3de0000000012013e1f,67fccaa5000000001d008d13,,,,写的好详细，好文点赞[赞R],0,0,北京,0,1744630750000,2025-04-14T19:39:10,5f0ff1020000000001004084,活泼可爱的噜噜,写的好详细，好文点赞[赞R],0
68f1dcab000000003902a0b2,67fccaa5000000001d008d13,,,,请问一下卖方老师一年路演多少场是平均水平啊？不同券商之间会有很大区别吗？,0,0,广东,0,1760681131000,2025-10-17T14:05:31,5a952e69b1da1437e5856ce9,momomomo,请问一下卖方老师一年路演多少场是平均水平啊？不同券商之间会有很大区别吗？,0
67fcdf10000000001e017f64,67fccaa5000000001d008d13,,,,@六六 @抹茶脑袋 @beo @水水不水 学习[棒R],0,1,上海,0,1744625425000,2025-04-14T18:10:25,62a7ebe9000000001902bc54,渐变折痕,@六六 @抹茶脑袋 @beo @水水不水 学习[棒R],0
68121ed4000000000400ecd9,67fccaa5000000001d008d13,,,,需要交易时间盯盘吗[捂脸R]？,0,9,北京,-2,1746018004000,2025-04-30T21:00:04,588cede25e87e7767e9b186c,Fire,需要交易时间盯盘吗[捂脸R]？,0
67fce3840000000020017fb0,67fccaa5000000001d008d13,,,67fcdf10000000001e017f64,[哭惹R],0,0,上海,0,1744626565000,2025-04-14T18:29:25,5b6c7c556b58b73e56733d31,六六,[哭惹R],0
68121f9a000000001f02a707,67fccaa5000000001d008d13,,,68121ed4000000000400ecd9,卖方不交易，主要是 jjjl 在交易，有些交易时间是收手机的，不过1:30之后也会约路演,1,0,上海,0,1746018202000,2025-04-30T21:03:22,617423580000000002021cf2,不晚在路上,卖方不交易，主要是 jjjl 在交易，有些交易时间是收手机的，不过1:30之后也会约路演,0
66a05f490000000005032cd9,66a0586d000000002701ef18,,,,理工科优先指上知天文下知地理，同时精通机器学习人工智能的复合理工科[doge]但我都这个水平了去VC干嘛，互联网大厂算法岗不是吊打金融吗哈哈哈哈,12,3,上海,0,1721786186000,2024-07-24T09:56:26,61b9d46f000000001000e660,hugooooooo,理工科优先指上知天文下知地理，同时精通机器学习人工智能的复合理工科[doge]但我都这个水平了去VC干嘛，互联网大厂算法岗不是吊打金融吗哈哈哈哈,0
66a064df0000000009001766,66a0586d000000002701ef18,,,,不知道外地 但北京的强度是这样的…（甚至更高） 毕竟与其带个xx工作，不如多花点时间选人[捂脸R],0,1,北京,0,1721787616000,2024-07-24T10:20:16,5b58c6fce8ac2b1c818e50d9,豆豆豆豆豆。,不知道外地 但北京的强度是这样的…（甚至更高） 毕竟与其带个xx工作，不如多花点时间选人[捂脸R],0
66a2209700000000090008d8,66a0586d000000002701ef18,,,,啥公司 求推荐哈哈哈,0,3,中国香港,0,1721901208000,2024-07-25T17:53:28,604c46e50000000001001eef,Jeffery,啥公司 求推荐哈哈哈,0
66a0c1cd000000002301920b,66a0586d000000002701ef18,,,,？？？？这是在面什么啊，社招都不会问的这么全乎,2,1,福建,0,1721811405000,2024-07-24T16:56:45,5b040c44f7e8b92fa3c41fd9,ZYF（树洞版）,？？？？这是在面什么啊，社招都不会问的这么全乎,0
66a05abc0000000015009122,66a0586d000000002701ef18,,,,问一堆最后来了就是做纪要 没有什么成长性浪费时间纯纯,13,1,上海,0,1721785020000,2024-07-24T09:37:00,5c443d9e00000000060395f5,ONCETRANGE,问一堆最后来了就是做纪要 没有什么成长性浪费时间纯纯,0
66c085b0000000000502e628,66a0586d000000002701ef18,,,,我咋觉得是在白嫖你，免费咨询来了[笑哭R],0,1,上海,0,1723893169000,2024-08-17T19:12:49,5cfe2c3d0000000025027c47,海有舟可渡，山有路可行,我咋觉得是在白嫖你，免费咨询来了[笑哭R],0
66a08ce80000000005020c39,66a0586d000000002701ef18,,,,这个面试真的是榨干人[石化R]，还有什么是不会的吗！,1,1,北京,0,1721797865000,2024-07-24T13:11:05,5e9952b3000000000100b6f1,答案说明所有,这个面试真的是榨干人[石化R]，还有什么是不会的吗！,0
66a0602a000000001303fd46,66a0586d000000002701ef18,,,66a05f490000000005032cd9,好精辟…[抓狂R]（而且还问我代码水平怎么样，评价为学过，能用）,1,0,江苏,0,1721786411000,2024-07-24T10:00:11,60cb6180000000000100052a,Vivi的鱼🐟,好精辟…[抓狂R]（而且还问我代码水平怎么样，评价为学过，能用）,0
66a06958000000001303d037,66a0586d000000002701ef18,,,66a064df0000000009001766,原来如此[笑哭R],0,0,江苏,0,1721788761000,2024-07-24T10:39:21,60cb6180000000000100052a,Vivi的鱼🐟,原来如此[笑哭R],0
66a301c60000000015010b13,66a0586d000000002701ef18,,,66a2209700000000090008d8,某三中一华,0,0,江苏,0,1721958855000,2024-07-26T09:54:15,60cb6180000000000100052a,Vivi的鱼🐟,某三中一华,0
66a0c3ca00000000230190e2,66a0586d000000002701ef18,,,66a0c1cd000000002301920b,所以我说科学知识大科普[石化R]确实是一直聊技术,1,0,江苏,0,1721811914000,2024-07-24T17:05:14,60cb6180000000000100052a,Vivi的鱼🐟,所以我说科学知识大科普[石化R]确实是一直聊技术,0
66a05ae800000000230189be,66a0586d000000002701ef18,,,66a05abc0000000015009122,面试造核弹是吧[睡觉R],4,0,江苏,0,1721785064000,2024-07-24T09:37:44,60cb6180000000000100052a,Vivi的鱼🐟,面试造核弹是吧[睡觉R],0
66c08c7b000000000d01c320,66a0586d000000002701ef18,,,66c085b0000000000502e628,哈哈哈哈,0,0,浙江,0,1723894908000,2024-08-17T19:41:48,60cb6180000000000100052a,Vivi的鱼🐟,哈哈哈哈,0
66a08de1000000002300d224,66a0586d000000002701ef18,,,66a08ce80000000005020c39,判断为一个组全来了,0,0,江苏,0,1721798113000,2024-07-24T13:15:13,60cb6180000000000100052a,Vivi的鱼🐟,判断为一个组全来了,0
676387b1000000000f033997,6761005f000000000b022f1b,,,,菁姐！好厉害！我都不知道怎么回答这些知识[哭惹R],0,1,四川,0,1734576049000,2024-12-19T10:40:49,63ea43c20000000026005f10,Roach（接offer！）,菁姐！好厉害！我都不知道怎么回答这些知识[哭惹R],0
6763d2e0000000000c029824,6761005f000000000b022f1b,,,,"尽调报告基本结构（不全面）： 1、发行人基本情况
2、发行人业务与技术调查
3、同业竞争与关联交易调查
4、董监高和核心技术人员调查
5、公司组织结构调查
6、财务
7、业务发展目标
8、发行人募集资金运用调查
9、发行人历次募集资金调查
10、风险及其他重要事项
11、结论性意见
	
",8,0,四川,0,1734595296000,2024-12-19T16:01:36,5e4a5677000000000100a000,卷卷企鹅🐧,尽调报告基本结构（不全面）： 1、发行人基本情况 2、发行人业务与技术调查 3、同业竞争与关联交易调查 4、董监高和核心技术人员调查 5、公司组织结构调查 6、财务 7、业务发展目标 8、发行人募集资金运用调查 9、发行人历次募集资金调查 10、风险及其他重要事项 11、结论性意见,0
680333fb000000001f004bd3,6761005f000000000b022f1b,,,,会计专业有希望吗[哭惹R],0,1,安徽,0,1745040379000,2025-04-19T13:26:19,5cfe2eb1000000001203a2ad,🍀,会计专业有希望吗[哭惹R],0
6773bd9e000000000e00d95c,6761005f000000000b022f1b,,,,加油妹妹,1,0,四川,0,1735638430000,2024-12-31T17:47:10,5831744e5e87e733fcce87e1,Echo,加油妹妹,0
678209cf000000001a00df64,6761005f000000000b022f1b,,,,量化还是主观,0,0,上海,0,1736575440000,2025-01-11T14:04:00,5b7435fb5588320001671fc3,monart,量化还是主观,0
6761040c000000000d03bafe,6761005f000000000b022f1b,,,,收藏了刘,0,0,北京,0,1734411277000,2024-12-17T12:54:37,61b9d4b5000000001000e9b9,左左,收藏了刘,0
6763d1ff000000000d01a8a7,6761005f000000000b022f1b,,,676387b1000000000f033997,我也是面试前一天搜的[暗中观察R],3,0,四川,0,1734595072000,2024-12-19T15:57:52,5e4a5677000000000100a000,卷卷企鹅🐧,我也是面试前一天搜的[暗中观察R],0
68fcc6af000000003800fbea,6761005f000000000b022f1b,,,680333fb000000001f004bd3,姐我约了个私募基金公司会计助理面试[哭惹R]不晓得会问啥,0,0,河北,0,1761396399000,2025-10-25T20:46:39,62bd2ba60000000015015cc0,lucky,姐我约了个私募基金公司会计助理面试[哭惹R]不晓得会问啥,0
67c1bdd6000000001c008aad,67af5f4900000000280288d3,,,,pta hr看到第一眼就觉得是买的,10,12,上海,0,1740750295000,2025-02-28T21:44:55,64d10271000000000b005acd,机智助,pta hr看到第一眼就觉得是买的,0
67af63620000000019013810,67af5f4900000000280288d3,,,,这个本科应该不太可能进,31,2,中国香港,3,1739547490000,2025-02-14T23:38:10,5e8b1f170000000001002ad3,公主驾到,这个本科应该不太可能进,0
683561d2000000000103d4d1,67af5f4900000000280288d3,,,,这个能去吗[笑哭R],0,2,广东,0,1748328916000,2025-05-27T14:55:16,64ec5cef000000000201345c,不吃咸蛋黄,这个能去吗[笑哭R],0
67af63ff0000000019003735,67af5f4900000000280288d3,,,,mbb的pta已经没必要了，四大应该都是能去的吧？,0,2,北京,0,1739547648000,2025-02-14T23:40:48,60e4f2ac000000000101ce12,北染,mbb的pta已经没必要了，四大应该都是能去的吧？,0
67af60bf0000000019013bce,67af5f4900000000280288d3,,,,不建议作为第三段之后的实习,16,11,英国,0,1739546815000,2025-02-14T23:26:55,62cbcdbd000000000303e2c0,用户已注销,不建议作为第三段之后的实习,0
67b014470000000019004db4,67af5f4900000000280288d3,,,,指pta吗，mck大中华区没有pta，bain和bcg有，感觉本科生蛮多的，大一都有。如果是summer intern的话，，，能拿到名额再说，非常难,5,4,湖北,0,1739592776000,2025-02-15T12:12:56,5cc986d30000000016018a4e,Nemo,指pta吗，mck大中华区没有pta，bain和bcg有，感觉本科生蛮多的，大一都有。如果是summer intern的话，，，能拿到名额再说，非常难,0
67af6994000000001c009e21,67af5f4900000000280288d3,,,,感觉对找互联网战略商分还是含金量比较高的，但是战略商分现在也没啥hc......,17,0,四川,0,1739549077000,2025-02-15T00:04:37,618b5d400000000021021262,尤文主帅瓜迪奥拉,感觉对找互联网战略商分还是含金量比较高的，但是战略商分现在也没啥hc......,0
67b0b607000000001803d8ed,67af5f4900000000280288d3,,,,蹲蹲 低年级也好想去咨询实习,0,0,重庆,0,1739634183000,2025-02-15T23:43:03,605f5ca8000000000100b2e4,美人鱼快跑,蹲蹲 低年级也好想去咨询实习,0
67b0426c0000000019006f8e,67af5f4900000000280288d3,,,,练练画ppt画图感觉还是有点用的,1,0,上海,0,1739604589000,2025-02-15T15:29:49,6377278c000000001f01c64d,CU美食家,练练画ppt画图感觉还是有点用的,0
69241665000000003803ec3d,67af5f4900000000280288d3,,,,请问第一段拿里斯的战略实习的话，第二段好跳大厂商分吗[哭惹R],0,0,上海,0,1763972710000,2025-11-24T16:25:10,6534df01000000000d0051c8,offer快来,请问第一段拿里斯的战略实习的话，第二段好跳大厂商分吗[哭惹R],0
67c1c5b5000000001c007d21,67af5f4900000000280288d3,,,67c1bdd6000000001c008aad,笑死 我也听说了[偷笑R],4,0,内蒙古,0,1740752309000,2025-02-28T22:18:29,59bca8e844363b5c73c43998,柚柚Lulu,笑死 我也听说了[偷笑R],0
67af63a7000000001b0380b4,67af5f4900000000280288d3,,,67af63620000000019013810,哦哦好的好的 身边有些同学实习过 我还以为bar不高[哭惹R],1,0,内蒙古,0,1739547559000,2025-02-14T23:39:19,59bca8e844363b5c73c43998,柚柚Lulu,哦哦好的好的 身边有些同学实习过 我还以为bar不高[哭惹R],0
6963d1d5000000000f01b0ed,67af5f4900000000280288d3,,,683561d2000000000103d4d1,去了吗？,0,0,天津,0,1768149461000,2026-01-12T00:37:41,5f865e3a0000000001004d5e,秋天来了🍂,去了吗？,0
67af6527000000001c00261c,67af5f4900000000280288d3,,,67af63ff0000000019003735,素的素的 在想要不要纳入选择的考虑范围[害羞R][害羞R][害羞R],1,0,内蒙古,0,1739547943000,2025-02-14T23:45:43,59bca8e844363b5c73c43998,柚柚Lulu,素的素的 在想要不要纳入选择的考虑范围[害羞R][害羞R][害羞R],0
67af6242000000001c00d881,67af5f4900000000280288d3,,,67af60bf0000000019013bce,意思是放在后面的实习是吗[举手R],5,0,内蒙古,0,1739547203000,2025-02-14T23:33:23,59bca8e844363b5c73c43998,柚柚Lulu,意思是放在后面的实习是吗[举手R],0
67b03130000000001c0066b0,67af5f4900000000280288d3,,,67b014470000000019004db4,OK,3,0,内蒙古,0,1739600176000,2025-02-15T14:16:16,59bca8e844363b5c73c43998,柚柚Lulu,OK,0
67c09763000000001b038cbb,67af5f4900000000280288d3,,,,我觉得挺好的 如果有机会可以试一下！！,0,0,江苏,0,1740674916000,2025-02-28T00:48:36,5b13599711be100eb99fb145,番茄土豆泥,我觉得挺好的 如果有机会可以试一下！！,0
67ba3f2c0000000018035710,67af5f4900000000280288d3,,,,看你职业规划,0,0,英国,0,1740259116000,2025-02-23T05:18:36,67431b71000000001d02dcc5,Stanley,看你职业规划,0
69836404000000000600d6ff,67af5f4900000000280288d3,,,,凯度实习能去吗[微笑R],0,0,上海,0,1770218500000,2026-02-04T23:21:40,5ca0781500000000160141be,Undamich.,凯度实习能去吗[微笑R],0
67af6d0e000000001601e7f6,67af5f4900000000280288d3,,,,拿到再说，能去干干也没啥不好,6,0,英国,0,1739549967000,2025-02-15T00:19:27,66e5ee93000000001d032171,1TAE,拿到再说，能去干干也没啥不好,0
67ff810b00000000120104d4,67af5f4900000000280288d3,,,,@(「」,1,0,福建,0,1744797963000,2025-04-16T18:06:03,64dbac730000000001013ede,Loyth,@(「」,0
67b9c14e000000001601e5e7,67b9bd9d00000000090381eb,,,,可以问问带教有没有什么课题可以做，写报告前可以拿这个练练手，深度报告建议自己先打一次框架给带教，别直接用他的，这样就没思考过程了[doge],9,25,上海,0,1740226895000,2025-02-22T20:21:35,6232d1020000000021021347,cura,可以问问带教有没有什么课题可以做，写报告前可以拿这个练练手，深度报告建议自己先打一次框架给带教，别直接用他的，这样就没思考过程了[doge],0
67ba921a0000000016012e93,67b9bd9d00000000090381eb,,,,笑死，我们组三个实习生吧，没有群，带教都是1V1发任务,3,4,广东,0,1740280346000,2025-02-23T11:12:26,5f71ef79000000000100bddb,路过蜻蜓,笑死，我们组三个实习生吧，没有群，带教都是1V1发任务,0
682dac7c000000001c02d618,67b9bd9d00000000090381eb,,,,中泰电新和国海海外科技（新财富）选哪个哇,0,8,湖北,0,1747823740000,2025-05-21T18:35:40,6346c2d70000000018022de3,momo,中泰电新和国海海外科技（新财富）选哪个哇,0
67bff5160000000019002c82,67b9bd9d00000000090381eb,,,,宝子有没有推荐的会议纪要软件啊，第一次做[皱眉R],1,6,陕西,0,1740633366000,2025-02-27T13:16:06,5c84c860000000001601e088,可可颂颂宋迢迢🥕,宝子有没有推荐的会议纪要软件啊，第一次做[皱眉R],0
67da3a53000000001502803c,67b9bd9d00000000090381eb,,,,妈呀，我实习第二天，我带教甩我一堆实习生培训资料让我开始写深度报告[笑哭R]昨天给我指出了一堆毛病要改[笑哭R],1,2,山西,0,1742355027000,2025-03-19T11:30:27,5d36dddb000000001202c92e,反内耗协会会长,妈呀，我实习第二天，我带教甩我一堆实习生培训资料让我开始写深度报告[笑哭R]昨天给我指出了一堆毛病要改[笑哭R],0
67b9dcca000000001c00f7b4,67b9bd9d00000000090381eb,,,,[偷笑R]写个毛，学一学直接AI写报告完事了,2,3,上海,0,1740233930000,2025-02-22T22:18:50,62d5371e000000000303fcf2,小内拉,[偷笑R]写个毛，学一学直接AI写报告完事了,0
696454cd00000000190016ab,67b9bd9d00000000090381eb,,,,姐妹，我看带教一次招了七八个实习生（和我一批新进的），要不要换个组啊,0,1,福建,0,1768182990000,2026-01-12T09:56:30,5dc6dda80000000001003cd7,坡忒投,姐妹，我看带教一次招了七八个实习生（和我一批新进的），要不要换个组啊,0
67b9e37200000000160188bf,67b9bd9d00000000090381eb,,,,你看看那几个写报告的有ai写的好吗[笑哭R],0,1,澳大利亚,0,1740235634000,2025-02-22T22:47:14,5d005d52000000001103a2a0,Karl,你看看那几个写报告的有ai写的好吗[笑哭R],0
67ba61120000000019013010,67b9bd9d00000000090381eb,,,,带教这么好说话？我们几小时无人应答带教就开始发飙，威胁说不干就别干了，不给证明,0,1,吉林,0,1740267795000,2025-02-23T07:43:15,64ae694b000000000b014d80,好好生活,带教这么好说话？我们几小时无人应答带教就开始发飙，威胁说不干就别干了，不给证明,0
67ba6d7d000000001601e6f0,67b9bd9d00000000090381eb,,,,老天我的行研实习是写不完的报告画不完多图处理不完的数据[哭惹R]why经常到网上11点下班,2,1,重庆,0,1740270973000,2025-02-23T08:36:13,62c16c5100000000190290c1,饺子,老天我的行研实习是写不完的报告画不完多图处理不完的数据[哭惹R]why经常到网上11点下班,0
67b9c2ee0000000018034098,67b9bd9d00000000090381eb,,,67b9c14e000000001601e5e7,好的[飞吻R],1,0,湖北,0,1740227310000,2025-02-22T20:28:30,5f13e6b70000000001004ea3,等命运垂爱,好的[飞吻R],0
67ba98030000000018035b79,67b9bd9d00000000090381eb,,,67ba921a0000000016012e93,你们带教也不闲麻烦[笑哭R],4,0,湖北,0,1740281860000,2025-02-23T11:37:40,5f13e6b70000000001004ea3,等命运垂爱,你们带教也不闲麻烦[笑哭R],0
682dad9e000000000a03670c,67b9bd9d00000000090381eb,,,682dac7c000000001c02d618,研究哪个行业的,0,0,湖北,0,1747824030000,2025-05-21T18:40:30,5f13e6b70000000001004ea3,等命运垂爱,研究哪个行业的,0
67bff6360000000019003309,67b9bd9d00000000090381eb,,,67bff5160000000019002c82,我没用软件，是飞书把录音转换成文字，然后带教用公司系统转换为纪要，我们再仔细听一遍改,1,0,湖北,0,1740633655000,2025-02-27T13:20:55,5f13e6b70000000001004ea3,等命运垂爱,我没用软件，是飞书把录音转换成文字，然后带教用公司系统转换为纪要，我们再仔细听一遍改,0
67da3bcb000000001502acbf,67b9bd9d00000000090381eb,,,67da3a53000000001502803c,666，他真敢让你写，我带教上个星期就说让我们写深度报告了，这都酝酿一个星期了，还没开始,3,0,湖北,3,1742355403000,2025-03-19T11:36:43,5f13e6b70000000001004ea3,等命运垂爱,666，他真敢让你写，我带教上个星期就说让我们写深度报告了，这都酝酿一个星期了，还没开始,0
67b9de46000000001803f71f,67b9bd9d00000000090381eb,,,67b9dcca000000001c00f7b4,哈哈哈，这个最直接,0,0,湖北,0,1740234310000,2025-02-22T22:25:10,5f13e6b70000000001004ea3,等命运垂爱,哈哈哈，这个最直接,0
6964e2620000000009037fbe,67b9bd9d00000000090381eb,,,696454cd00000000190016ab,你可以先干几天，不行的话就换,0,0,湖北,0,1768219234000,2026-01-12T20:00:34,5f13e6b70000000001004ea3,等命运垂爱,你可以先干几天，不行的话就换,0
67b9e3e60000000019015f72,67b9bd9d00000000090381eb,,,67b9e37200000000160188bf,[笑哭R][笑哭R][笑哭R]现在都有AI，那以后人都干嘛去[失望R],0,0,湖北,0,1740235751000,2025-02-22T22:49:11,5f13e6b70000000001004ea3,等命运垂爱,[笑哭R][笑哭R][笑哭R]现在都有AI，那以后人都干嘛去[失望R],0
67ba6636000000001900429b,67b9bd9d00000000090381eb,,,67ba61120000000019013010,本来就没工资，带教也不好意思让干太多。之前线下有工资带教也没让干太多，我觉得对实习生要求太严的都不正常[笑哭R],3,0,湖北,0,1740269110000,2025-02-23T08:05:10,5f13e6b70000000001004ea3,等命运垂爱,本来就没工资，带教也不好意思让干太多。之前线下有工资带教也没让干太多，我觉得对实习生要求太严的都不正常[笑哭R],0
67ba6e9500000000180371ea,67b9bd9d00000000090381eb,,,67ba6d7d000000001601e6f0,那么忙吗？我去年刚入职的时候得一个多月基本上没干什么，从今年才开始有,0,0,湖北,0,1740271254000,2025-02-23T08:40:54,5f13e6b70000000001004ea3,等命运垂爱,那么忙吗？我去年刚入职的时候得一个多月基本上没干什么，从今年才开始有,0
67baee82000000001c008f6e,67b9bd9d00000000090381eb,,,,怎么找到的线上行研实习呀？[皱眉R],0,1,上海,0,1740304002000,2025-02-23T17:46:42,5e83f56c00000000010001fb,阿白,怎么找到的线上行研实习呀？[皱眉R],0
67bc4c7a000000001c00bad5,67b9bd9d00000000090381eb,,,,知道实习生不好招了也不敢太push[自拍R],2,1,上海,0,1740393595000,2025-02-24T18:39:55,5ce09f7b000000001103d9d4,马厂老火锅🥘精神股东,知道实习生不好招了也不敢太push[自拍R],0
67baf17f0000000019000e36,67b9bd9d00000000090381eb,,,67baee82000000001c008f6e,我在financial elite group小程序找的，之前一个帖子写了,2,0,湖北,0,1740304768000,2025-02-23T17:59:28,5f13e6b70000000001004ea3,等命运垂爱,我在financial elite group小程序找的，之前一个帖子写了,0
67bc51120000000019007e87,67b9bd9d00000000090381eb,,,67bc4c7a000000001c00bad5,哈哈哈,0,0,湖北,0,1740394771000,2025-02-24T18:59:31,5f13e6b70000000001004ea3,等命运垂爱,哈哈哈,0
671102f10000000027024b7b,671073300000000024018764,,,,请问不是按照网站上显示面试流程的岗位，去面试的吗，我投了两个只有一个显示在面试流程～,0,2,新疆,0,1729168114000,2024-10-17T20:28:34,636d852d000000001f015790,🐟食儿,请问不是按照网站上显示面试流程的岗位，去面试的吗，我投了两个只有一个显示在面试流程～,0
6711011b00000000240362a6,671073300000000024018764,,,,你的自我介绍：我还需要自我介绍？[得意R],0,1,甘肃,0,1729167643000,2024-10-17T20:20:43,6356327f000000001901d385,万顷波中得自由,你的自我介绍：我还需要自我介绍？[得意R],0
67cd7d04000000001802a7a8,671073300000000024018764,,,,请问面试的什么岗位呢[捂脸R],0,0,上海,0,1741520133000,2025-03-09T19:35:33,6512c77e000000002402f199,momo,请问面试的什么岗位呢[捂脸R],0
671f70fa000000001702f948,671073300000000024018764,,,,博主，请问一下要穿正装吗？[哭惹R],0,0,上海,0,1730113786000,2024-10-28T19:09:46,5d4287e90000000010007b5d,Charles,博主，请问一下要穿正装吗？[哭惹R],0
6811dbe5000000000400ee76,671073300000000024018764,,,,请问面试前有测评吗,0,0,江苏,0,1746000870000,2025-04-30T16:14:30,6736ed53000000001c01baf4,王绒三豆妈,请问面试前有测评吗,0
67110386000000000e0350fb,671073300000000024018764,,,671102f10000000027024b7b,不是 现场hr会再确认一遍你的意向 并且介绍一下岗位 后续把你的简历递到确定的一个部门那边,1,0,北京,0,1729168262000,2024-10-17T20:31:02,5a90f5fe11be1021dce18089,祝杳星ovo,不是 现场hr会再确认一遍你的意向 并且介绍一下岗位 后续把你的简历递到确定的一个部门那边,0
671101ea000000001601c6d9,671073300000000024018764,,,6711011b00000000240362a6,那我这么多年实习白干了？,2,0,北京,0,1729167850000,2024-10-17T20:24:10,5a90f5fe11be1021dce18089,祝杳星ovo,那我这么多年实习白干了？,0
68622f0e000000000602ef22,6860a139000000001100393a,,,,《刚入行时，我希望别人能告诉我的真心话》在连载中,1,2,上海,4,1751265039000,2025-06-30T14:30:39,57538c206a6a696ff434ee73,leo的书架又满了,《刚入行时，我希望别人能告诉我的真心话》在连载中,0
6860cd1b000000001102fc56,6860a139000000001100393a,,,,我不太建议去做tmt，虽然很热，但是一直很累，天天追热点，而且tmt也就这几年才火起来，很多被这个市场淘汰或者是做不动的人都是做tmt的，年龄大了身体就跟不上了,3,7,广东,0,1751174428000,2025-06-29T13:20:28,5f5b19cf000000000100946b,挪威的森林,我不太建议去做tmt，虽然很热，但是一直很累，天天追热点，而且tmt也就这几年才火起来，很多被这个市场淘汰或者是做不动的人都是做tmt的，年龄大了身体就跟不上了,0
6860c680000000002000f97b,6860a139000000001100393a,,,,第一份实习看家电，福气[偷笑R],0,3,广东,0,1751172737000,2025-06-29T12:52:17,6472041b000000001001d5ec,乙木女（上岸啦版）,第一份实习看家电，福气[偷笑R],0
6860a38f0000000020023eb5,6860a139000000001100393a,,,,创新药 当然会,2,1,上海,0,1751163792000,2025-06-29T10:23:12,6036fb8000000000010098b9,Rae爱吃芋泥蛋黄酥,创新药 当然会,0
6860a487000000000602cc51,6860a139000000001100393a,,,,其实这个问题和假设意义不大，很多人进入这个行业都是无法自由选择覆盖的板块,13,1,新加坡,0,1751164040000,2025-06-29T10:27:20,5c8fae6d000000001202c0c7,多伦多雪真大,其实这个问题和假设意义不大，很多人进入这个行业都是无法自由选择覆盖的板块,0
68632cbb000000002000f212,6860a139000000001100393a,,,,请问食品饮料这个行业怎么样呀,0,2,北京,0,1751329980000,2025-07-01T08:33:00,603bab020000000001006ce7,小小蛇,请问食品饮料这个行业怎么样呀,0
6970f41c000000000c00a7f9,6860a139000000001100393a,,,,reits行研怎么样呢，感觉现在太小众了网上收集到的信息很有限,0,2,上海,0,1769010205000,2026-01-21T23:43:25,5b7562762cc31d0001e19593,momo,reits行研怎么样呢，感觉现在太小众了网上收集到的信息很有限,0
6860a202000000001102f984,6860a139000000001100393a,,,,请问什么样的人适合做行研？现在在很多人都在转出的情况下转进二级投研还不会后悔的？,0,1,美国,0,1751163394000,2025-06-29T10:16:34,6487bc4b0000000011002096,修行中的杰西卡,请问什么样的人适合做行研？现在在很多人都在转出的情况下转进二级投研还不会后悔的？,0
696fb37f00000000060301b6,6860a139000000001100393a,,,,公用事业（偏电力）怎么样呀？,0,1,上海,0,1768928127000,2026-01-21T00:55:27,60c6ec71000000000101ea8a,ezmoney,公用事业（偏电力）怎么样呀？,0
6860bae80000000020020535,6860a139000000001100393a,,,,很简单，国家往哪里投钱，就去哪些行业。半导体，人工智能，创新药，无人驾驶这些未来领域。,3,1,浙江,0,1751169768000,2025-06-29T12:02:48,6544fce7000000000d005db1,马克希尔,很简单，国家往哪里投钱，就去哪些行业。半导体，人工智能，创新药，无人驾驶这些未来领域。,0
68622f510000000013035c89,6860a139000000001100393a,,,68622f0e000000000602ef22,,1,0,上海,0,1751265107000,2025-06-30T14:31:47,57538c206a6a696ff434ee73,leo的书架又满了,,0
6860cf4e000000001e01baa6,6860a139000000001100393a,,,6860cd1b000000001102fc56,tmt确实是光鲜热闹，但是研究难度不低，很多难题。其实不做难题是很重要的原则,5,0,上海,0,1751174991000,2025-06-29T13:29:51,57538c206a6a696ff434ee73,leo的书架又满了,tmt确实是光鲜热闹，但是研究难度不低，很多难题。其实不做难题是很重要的原则,0
6860c6ea0000000011018e88,6860a139000000001100393a,,,6860c680000000002000f97b,熟悉了制造+消费+地产链+出海，又有新品类的增长点[点赞R],6,0,上海,0,1751172843000,2025-06-29T12:54:03,57538c206a6a696ff434ee73,leo的书架又满了,熟悉了制造+消费+地产链+出海，又有新品类的增长点[点赞R],0
6860a3c90000000011018b88,6860a139000000001100393a,,,6860a38f0000000020023eb5,真爱,0,0,上海,0,1751163849000,2025-06-29T10:24:09,57538c206a6a696ff434ee73,leo的书架又满了,真爱,0
6860a57e000000001101bf37,6860a139000000001100393a,,,6860a487000000000602cc51,是的，我就是第一份实习定了后来的行业[笑哭R],2,0,上海,0,1751164287000,2025-06-29T10:31:27,57538c206a6a696ff434ee73,leo的书架又满了,是的，我就是第一份实习定了后来的行业[笑哭R],0
68633033000000000602e60d,6860a139000000001100393a,,,68632cbb000000002000f212,好行业,1,0,上海,0,1751330867000,2025-07-01T08:47:47,57538c206a6a696ff434ee73,leo的书架又满了,好行业,0
6970f43b00000000060316a0,6860a139000000001100393a,,,6970f41c000000000c00a7f9,这个我也不太熟悉,0,0,上海,0,1769010235000,2026-01-21T23:43:55,57538c206a6a696ff434ee73,leo的书架又满了,这个我也不太熟悉,0
6860a279000000001101b9cd,6860a139000000001100393a,,,6860a202000000001102f984,我之前写过，你翻一翻，这个帖子左下角的《投研职场》分类里,1,0,上海,0,1751163514000,2025-06-29T10:18:34,57538c206a6a696ff434ee73,leo的书架又满了,我之前写过，你翻一翻，这个帖子左下角的《投研职场》分类里,0
69d1db73000000000d03c753,6860a139000000001100393a,,,696fb37f00000000060301b6,同问,0,0,美国,0,1775360884000,2026-04-05T11:48:04,593c9bcb50c4b452c80c37ef,stellabellaellas,同问,0
6860c13b000000002000f2cc,6860a139000000001100393a,,,6860bae80000000020020535,不包括医疗服务，没看到投钱的趋势，反而是医保没钱了扣扣扣。但是不排除以后民营高端有所发展，这个要看政策。,0,0,浙江,0,1751171387000,2025-06-29T12:29:47,6544fce7000000000d005db1,马克希尔,不包括医疗服务，没看到投钱的趋势，反而是医保没钱了扣扣扣。但是不排除以后民营高端有所发展，这个要看政策。,0
68660c8a000000000c0149d3,6860a139000000001100393a,,,,纺织服装怎么样。实习快结束了，但还没有很好的产出，在考虑要不要继续这个组别,0,1,四川,0,1751518347000,2025-07-03T12:52:27,62c60de7000000001b002da2,退！退！退！,纺织服装怎么样。实习快结束了，但还没有很好的产出，在考虑要不要继续这个组别,0
6860ab6200000000110185d1,6860a139000000001100393a,,,,自媒体时代了，卖方行业分析师的业态环境和话语权一直在恶化，用生命周期理论看，这行业就是成熟期走向衰退期。,3,3,北京,0,1751165795000,2025-06-29T10:56:35,5c2ec311000000000601bd45,麦田里的守望者,自媒体时代了，卖方行业分析师的业态环境和话语权一直在恶化，用生命周期理论看，这行业就是成熟期走向衰退期。,0
6860a1aa00000000200305fe,6860a139000000001100393a,,,,写的好，火钳刘明,0,1,广东,0,1751163306000,2025-06-29T10:15:06,67be7d480000000006010c03,加盟研究院,写的好，火钳刘明,0
68633c34000000002002f44d,6860a139000000001100393a,,,,覆盖什么行业，难道是我可以选的吗,4,1,浙江,0,1751333940000,2025-07-01T09:39:00,5659aaf77c5bb866432285df,Baezise,覆盖什么行业，难道是我可以选的吗,0
68694a09000000002002244c,6860a139000000001100393a,,,,医药呢,0,2,安徽,0,1751730698000,2025-07-05T23:51:38,5cca36140000000012024260,粥九二,医药呢,0
6860b572000000002000c706,6860a139000000001100393a,,,,直接看基金重仓比例选行业[笑哭R]电子，医药，食饮，新能源，汽车，家电，机械，计算机这些,2,0,北京,0,1751168370000,2025-06-29T11:39:30,5c445f5b00000000070247ac,想不出好听的名字,直接看基金重仓比例选行业[笑哭R]电子，医药，食饮，新能源，汽车，家电，机械，计算机这些,0
6860ef4f0000000020031b6a,6860a139000000001100393a,,,,有过一次房地产组实习，建议再次吗,0,0,浙江,3,1751183183000,2025-06-29T15:46:23,5cb2a02d000000001202ae1b,陈看四季,有过一次房地产组实习，建议再次吗,0
68640f26000000001101b0b7,6860a139000000001100393a,,,,创新药，入行前最想看的行业,0,1,北京,0,1751387942000,2025-07-02T00:39:02,67a36572000000000a03e733,nEw,创新药，入行前最想看的行业,0
686685ca000000000c016e4d,6860a139000000001100393a,,,,固收还是会的,0,0,上海,0,1751549386000,2025-07-03T21:29:46,639d7158000000002702a527,茄茄qq,固收还是会的,0
6878fc710000000013035f80,6860a139000000001100393a,,,,我只能说不要非某行业不看，顺其自然吧。我19年入行，看光伏，当时就是个普通制造业，后来经历了20-22年的牛市，也经历了23-25年的狗都不理。当时业内有一批实业的人，冲着钱转行来二级的，现在也不知道在哪儿了,0,0,上海,0,1752759409000,2025-07-17T21:36:49,61fb7837000000001000f74b,momo🐊,我只能说不要非某行业不看，顺其自然吧。我19年入行，看光伏，当时就是个普通制造业，后来经历了20-22年的牛市，也经历了23-25年的狗都不理。当时业内有一批实业的人，冲着钱转行来二级的，现在也不知道在哪儿了,0
68660dd9000000000f03e195,6860a139000000001100393a,,,68660c8a000000000c0149d3,行业不好。有其他机会可以换一下,0,0,上海,0,1751518681000,2025-07-03T12:58:01,57538c206a6a696ff434ee73,leo的书架又满了,行业不好。有其他机会可以换一下,0
68632c92000000002001245c,6860a139000000001100393a,,,68615c3e000000002002c79b,应该不是这个意思，就是现在信息越来越透明化了，确实影响会蛮大的吧,0,0,北京,0,1751329938000,2025-07-01T08:32:18,603bab020000000001006ce7,小小蛇,应该不是这个意思，就是现在信息越来越透明化了，确实影响会蛮大的吧,0
6860a2aa000000001100f097,6860a139000000001100393a,,,6860a1aa00000000200305fe,[抱拳R][抱拳R],0,0,上海,0,1751163562000,2025-06-29T10:19:22,57538c206a6a696ff434ee73,leo的书架又满了,[抱拳R][抱拳R],0
68633df8000000000600605e,6860a139000000001100393a,,,68633c34000000002002f44d,扎心了,0,0,上海,0,1751334392000,2025-07-01T09:46:32,57538c206a6a696ff434ee73,leo的书架又满了,扎心了,0
6869b7a0000000000602def8,6860a139000000001100393a,,,68694a09000000002002244c,可以的,0,0,上海,0,1751758752000,2025-07-06T07:39:12,57538c206a6a696ff434ee73,leo的书架又满了,可以的,0
6864a0d0000000000602dba0,6860a139000000001100393a,,,68640f26000000001101b0b7,挺有壁垒的,0,0,上海,0,1751425233000,2025-07-02T11:00:33,57538c206a6a696ff434ee73,leo的书架又满了,挺有壁垒的,0
69154e00000000003100060f,6860a139000000001100393a,,,,"""学完UI设计课，没进大厂就退费！这种承诺让普通人也敢拼！""",0,0,北京,-2,1763003904000,2025-11-13T11:18:24,656c42120000000019011b99,净学新媒体短视频运营就业培训中心,"""学完UI设计课，没进大厂就退费！这种承诺让普通人也敢拼！""",0
686364eb0000000004018ac2,6860a139000000001100393a,,,,机械,0,1,黑龙江,-2,1751344364000,2025-07-01T12:32:44,5d7f7c500000000001004e43,momo,机械,0
686371a80000000006006ee1,6860a139000000001100393a,,,686364eb0000000004018ac2,机器人[doge],0,0,上海,0,1751347624000,2025-07-01T13:27:04,57538c206a6a696ff434ee73,leo的书架又满了,机器人[doge],0
6773c413000000000f039378,6773c3a3000000000901523a,,,,点点关注吧～主页实用帖持续更新中[派对R],3,1,江苏,4,1735640083000,2024-12-31T18:14:43,620b603e0000000010009adb,壹十一雨辰,点点关注吧～主页实用帖持续更新中[派对R],0
6851fcdd000000000900fa0c,6773c3a3000000000901523a,,,,感觉啥也不会啊，我才大二[哭惹R]好多没学过,3,2,四川,0,1750203614000,2025-06-18T07:40:14,62a6f6a600000000210212be,hahaha,感觉啥也不会啊，我才大二[哭惹R]好多没学过,0
683ed77b000000001c01ff35,6773c3a3000000000901523a,,,,求资料！！！,0,1,广东,0,1748948859000,2025-06-03T19:07:39,605c93090000000001004d51,Jane_691,求资料！！！,0
689b570b000000003001fd10,6773c3a3000000000901523a,,,,想问问一般问问题会问几个呀,0,2,山西,0,1755010827000,2025-08-12T23:00:27,6124bb710000000001009da6,Akira,想问问一般问问题会问几个呀,0
67f63e9a000000001e03b1dc,6773c3a3000000000901523a,,,,学姐好～想问一下第一份实习华创金融组（xcf入围）和国金农业组offer选哪个呢，前一个有实习证明，后一个无 对金融组比较感兴趣，但是国金会不会title高一点[哭惹R],1,2,江苏,0,1744191131000,2025-04-09T17:32:11,65afa9b7000000000e002a1b,爱吃芝士,学姐好～想问一下第一份实习华创金融组（xcf入围）和国金农业组offer选哪个呢，前一个有实习证明，后一个无 对金融组比较感兴趣，但是国金会不会title高一点[哭惹R],0
6794a7af000000002101d6a3,6773c3a3000000000901523a,,,,只看了这个👆🏻，博主好厉害，基本都是这个里面的问题。,8,0,江苏,3,1737795503000,2025-01-25T16:58:23,6104e3ba000000000101e82d,momo,只看了这个👆🏻，博主好厉害，基本都是这个里面的问题。,0
6801655e000000001e037538,6773c3a3000000000901523a,,,,求资料!!!,0,0,法国,0,1744921951000,2025-04-18T04:32:31,5fdee7470000000001006c43,Breeana,求资料!!!,0
684646ed000000000b01df15,6773c3a3000000000901523a,,,,谢谢宝～,1,0,湖南,0,1749436141000,2025-06-09T10:29:01,60e57383000000000100446b,火山岩雨,谢谢宝～,0
68d4aecd0000000030004251,6773c3a3000000000901523a,,,,学姐[皱眉R]我想问一下一般第一份实习投行研的投递渠道有些什么啊[捂脸R]看了不少公众号都是有hc的白工，感觉自己没有经验竞争不到这种岗位,0,0,北京,0,1758768846000,2025-09-25T10:54:06,5f4b6c450000000001007834,是诺不是糯,学姐[皱眉R]我想问一下一般第一份实习投行研的投递渠道有些什么啊[捂脸R]看了不少公众号都是有hc的白工，感觉自己没有经验竞争不到这种岗位,0
6773c5c9000000000e01c8a7,6773c3a3000000000901523a,,,,学姐好～打扰问一下，我目前行研第一份实习是在天风证券医药组找到的，感觉整体来说是腰部证券，想请教一下，再下一段实习如果还是想在行研岗位工作的话，可以关注哪些证券公司呢[抱拳R][抱拳R][抱拳R]我是觉得第一段是腰部的话 第二段是不是title最好稍大一点的颈部证券比较好 麻烦学姐指点一二[抱拳R][抱拳R][抱拳R],3,3,北京,-2,1735640521000,2024-12-31T18:22:01,654b8c22000000000301e599,小红薯654BF00E,学姐好～打扰问一下，我目前行研第一份实习是在天风证券医药组找到的，感觉整体来说是腰部证券，想请教一下，再下一段实习如果还是想在行研岗位工作的话，可以关注哪些证券公司呢[抱拳R][抱拳R][抱拳R]我是觉得第一段是腰部的话 第二段是不是title最好稍大一点的颈部证券比较好 麻烦学姐指点一二[抱拳R][抱拳R][抱拳R],0
67f86b97000000001f00f1d7,6773c3a3000000000901523a,,,6773c413000000000f039378,在这里放一个小评论区[派对R]大家还有什么想看的都可以留言哦（后面会更新滴）,1,0,上海,0,1744333720000,2025-04-11T09:08:40,620b603e0000000010009adb,壹十一雨辰,在这里放一个小评论区[派对R]大家还有什么想看的都可以留言哦（后面会更新滴）,0
6852b53e000000000a0346ae,6773c3a3000000000901523a,,,6851fcdd000000000900fa0c,呵呵，研究生也不会。。,25,0,美国,0,1750250814000,2025-06-18T20:46:54,5a7f893c4eacab04407346ee,momo,呵呵，研究生也不会。。,0
683fb71a000000001e0364ff,6773c3a3000000000901523a,,,683ed77b000000001c01ff35,宝子图片上已经是全的了哦~,0,0,上海,0,1749006106000,2025-06-04T11:01:46,620b603e0000000010009adb,壹十一雨辰,宝子图片上已经是全的了哦~,0
689b7d7e00000000300074bb,6773c3a3000000000901523a,,,689b570b000000003001fd10,看情况，四五个居多[赞R],0,0,江苏,0,1755020671000,2025-08-13T01:44:31,620b603e0000000010009adb,壹十一雨辰,看情况，四五个居多[赞R],0
67f68a54000000001f003bef,6773c3a3000000000901523a,,,67f63e9a000000001e03b1dc,bb其实你后面有往行研继续实习的打算的话，title大小其实没有那么那么重要，主要还是看这一段能学到的怎么样（实习体验也很重要，我之前打小黑工非常痛苦（也有人小黑工学到很多），总之这是我个人的一点感受，不绝对的，也可以多看看有没有这两个实习体验的帖子～,1,0,上海,0,1744210516000,2025-04-09T22:55:16,620b603e0000000010009adb,壹十一雨辰,bb其实你后面有往行研继续实习的打算的话，title大小其实没有那么那么重要，主要还是看这一段能学到的怎么样（实习体验也很重要，我之前打小黑工非常痛苦（也有人小黑工学到很多），总之这是我个人的一点感受，不绝对的，也可以多看看有没有这两个实习体验的帖子～,0
6773fe6b0000000010005c4d,6773c3a3000000000901523a,,,6773c5c9000000000e01c8a7,是的，Title大些的比较好，其实再往上都可以试试，比如说广发、国君、申万，有行研经验很加分的[赞R],6,0,江苏,0,1735655020000,2024-12-31T22:23:40,620b603e0000000010009adb,壹十一雨辰,是的，Title大些的比较好，其实再往上都可以试试，比如说广发、国君、申万，有行研经验很加分的[赞R],0
6937f9fc000000003803faf7,6773c3a3000000000901523a,,,,@百里,1,0,北京,-2,1765276157000,2025-12-09T18:29:17,6720c25c000000001d02f815,鼠来宝,@百里,0
