comment_id,note_id,root_comment_id,parent_comment_id,target_comment_id,content,like_count,sub_comment_count,ip_location,status,create_time,create_time_iso,user_id,nickname,clean_content,keyword_hits
69fe8898000000002b029aa0,69fddb1e000000001f002a5f,,,,补充一下，不招线上实习诶，这批同学和上一批留用实习内容是一样的，经常需要被合伙人/投资经理带着，或者是独立去企业进行考察。如果只是线上实习那我觉得体验感会差一大截[笑哭R],1,1,上海,4,1778288793000,2026-05-09T09:06:33,677d1ea7000000000801a760,材料人一枚,补充一下，不招线上实习诶，这批同学和上一批留用实习内容是一样的，经常需要被合伙人/投资经理带着，或者是独立去企业进行考察。如果只是线上实习那我觉得体验感会差一大截[笑哭R],0
69fe0a7f000000002800b9f2,69fddb1e000000001f002a5f,,,,有转正机会吗？,0,1,德国,0,1778256511000,2026-05-09T00:08:31,5a90282c4eacab532f2a1fc3,饼干夹心巧克力🍫,有转正机会吗？,0
6a00edec0000000029026627,69fddb1e000000001f002a5f,,,,已投求捞[哭惹R],0,0,美国,0,1778445804000,2026-05-11T04:43:24,5ffbfeff000000000100969d,CC,已投求捞[哭惹R],0
69fed6c2000000002702da86,69fddb1e000000001f002a5f,,,,理工科博士在读，日薪100[偷笑R],0,0,英国,0,1778308802000,2026-05-09T14:40:02,65fafa32000000000b00c871,Fy,理工科博士在读，日薪100[偷笑R],0
69fe34ff000000002803c4a2,69fddb1e000000001f002a5f,,,,已投递[萌萌哒R],0,0,英国,0,1778267392000,2026-05-09T03:09:52,5d26964300000000120361d8,paso,已投递[萌萌哒R],0
69fe1c5e000000002800adf7,69fddb1e000000001f002a5f,,,,这是IR GR还是投资我自有分辨[萌萌哒R]@Nnnnn_ @！？ @Vinicius @Evelyn_小博 @slash,2,1,上海,0,1778261086000,2026-05-09T01:24:46,62fc025d000000000f0058c8,炼金法师Austin,这是IR GR还是投资我自有分辨[萌萌哒R]@Nnnnn_ @！？ @Vinicius @Evelyn_小博 @slash,0
69fe9626000000002b026007,69fddb1e000000001f002a5f,,,,加油,1,0,英国,0,1778292262000,2026-05-09T10:04:22,5b9b7e51ca230500019f4e62,每天都在变自闭,加油,0
6a01f2ac0000000028039a7c,69fddb1e000000001f002a5f,,,,dd,0,0,新疆,0,1778512556000,2026-05-11T23:15:56,5b1b9ae211be1052978fa97f,尼格罗尼,dd,0
6a04660b000000002a02f552,69fddb1e000000001f002a5f,,,69fe8898000000002b029aa0,再补充，预计下周或下下周我约了我们投资经理来进行面试,0,0,上海,0,1778673163000,2026-05-13T19:52:43,677d1ea7000000000801a760,材料人一枚,再补充，预计下周或下下周我约了我们投资经理来进行面试,0
69fe110100000000290369a2,69fddb1e000000001f002a5f,,,69fe0a7f000000002800b9f2,如果表现优秀会有，但是我不能画大饼说一定有[笑哭R],0,0,上海,0,1778258177000,2026-05-09T00:36:17,677d1ea7000000000801a760,材料人一枚,如果表现优秀会有，但是我不能画大饼说一定有[笑哭R],0
69feae85000000002a0272d2,69fddb1e000000001f002a5f,,,69fe1c5e000000002800adf7,哈哈哈哈哈哈哈哈哈,0,0,四川,0,1778298502000,2026-05-09T11:48:22,6205f105000000000202623f,！？,哈哈哈哈哈哈哈哈哈,0
668cb33b000000002300d6c5,668cb1b900000000250012f6,,,,光收藏不点赞很过分的[哭惹R],0,0,湖北,4,1720496955000,2024-07-09T11:49:15,63158c740000000015014a9a,ᅠᅠᅠ泥潭,光收藏不点赞很过分的[哭惹R],0
6690d304000000000503b378,668cb1b900000000250012f6,,,,这是应届生刚毕业找工作吗？,0,2,上海,0,1720767236000,2024-07-12T14:53:56,55d34d28f5a2636ae9659e44,你你~,这是应届生刚毕业找工作吗？,0
668cb993000000002300d3e0,668cb1b900000000250012f6,,,,还真背调啊[捂脸R]晕菜,0,1,北京,0,1720498580000,2024-07-09T12:16:20,5fd8bb200000000001002695,小红薯68702AA3,还真背调啊[捂脸R]晕菜,0
668cefe3000000001303e5ad,668cb1b900000000250012f6,,,,看起来那么像国开头pe哈哈,0,1,美国,0,1720512484000,2024-07-09T16:08:04,5bce892535c11a00011e42ef,Theodore,看起来那么像国开头pe哈哈,0
6690b906000000002300c6b2,668cb1b900000000250012f6,,,,好羡慕，tech好简单[石化R]为什么问我的是都是DTL在buyout里怎么被影响啊,0,1,美国,0,1720760582000,2024-07-12T13:03:02,5b3474f311be101cf56725ac,EBITDA,好羡慕，tech好简单[石化R]为什么问我的是都是DTL在buyout里怎么被影响啊,0
66e47335000000000f00ec03,668cb1b900000000250012f6,,,,ccm嘛，有留用，但不多，加油💪,0,1,上海,0,1726247734000,2024-09-14T01:15:34,659a269c0000000022001e0c,阿拉斯咖,ccm嘛，有留用，但不多，加油💪,0
668cbda70000000017002cc1,668cb1b900000000250012f6,,,,这听着咋像新能源汽车换电[doge],1,1,上海,0,1720499624000,2024-07-09T12:33:44,610003440000000001009b52,Oliver_Liu,这听着咋像新能源汽车换电[doge],0
668d35140000000016027db8,668cb1b900000000250012f6,,,,实习还背调,1,0,上海,0,1720530196000,2024-07-09T21:03:16,5f58dee6000000000101c07e,次茨贝,实习还背调,0
6690d4d2000000001303c4da,668cb1b900000000250012f6,,,6690d304000000000503b378,不是哈哈 找实习,0,0,重庆,0,1720767699000,2024-07-12T15:01:39,63158c740000000015014a9a,ᅠᅠᅠ泥潭,不是哈哈 找实习,0
668ccbf4000000001500bb8a,668cb1b900000000250012f6,,,668cb993000000002300d3e0,真调，问了前mt叫啥[doge]面完就去调了,0,0,湖北,0,1720503285000,2024-07-09T13:34:45,63158c740000000015014a9a,ᅠᅠᅠ泥潭,真调，问了前mt叫啥[doge]面完就去调了,0
668cf5310000000015008e46,668cb1b900000000250012f6,,,668cefe3000000001303e5ad,哈哈哈哈应该不是,0,0,重庆,0,1720513841000,2024-07-09T16:30:41,63158c740000000015014a9a,ᅠᅠᅠ泥潭,哈哈哈哈应该不是,0
669272b8000000002300ea32,668cb1b900000000250012f6,,,6690b906000000002300c6b2,因为你面的是并购，会涉及到LBO，但国内几乎不做LBO，所以不会问这些，简单很多,3,0,越南,0,1720873656000,2024-07-13T20:27:36,5ea6ec8e000000000100a33e,摸鱼大作战,因为你面的是并购，会涉及到LBO，但国内几乎不做LBO，所以不会问这些，简单很多,0
66eae0f100000000200264cf,668cb1b900000000250012f6,,,66e47335000000000f00ec03,谢谢鼓励，尽管留用从没妄想哈哈,0,0,天津,0,1726669041000,2024-09-18T22:17:21,63158c740000000015014a9a,ᅠᅠᅠ泥潭,谢谢鼓励，尽管留用从没妄想哈哈,0
668ccbce0000000015010535,668cb1b900000000250012f6,,,668cbda70000000017002cc1,然鹅不是[doge],1,0,湖北,0,1720503246000,2024-07-09T13:34:06,63158c740000000015014a9a,ᅠᅠᅠ泥潭,然鹅不是[doge],0
668eb845000000002300cfe6,668e41f00000000025007d22,,,,继续更实习面经系列，欢迎踢踢我[飞吻R],1,0,四川,4,1720629317000,2024-07-11T00:35:17,5d3ace3f0000000010012c1a,Momo,继续更实习面经系列，欢迎踢踢我[飞吻R],0
668e5f34000000001b011937,668e41f00000000025007d22,,,,听说实习生也降薪了,0,5,河北,0,1720606517000,2024-07-10T18:15:17,63f4fed8000000000f0103c0,CyndiWants,听说实习生也降薪了,0
668e86260000000009015581,668e41f00000000025007d22,,,,中金资本有的组就不看tech吧，至少我面过的都没问过tech,8,3,江西,0,1720616487000,2024-07-10T21:01:27,65ba10a7000000000e026013,商科打工人（绝地求生版）,中金资本有的组就不看tech吧，至少我面过的都没问过tech,0
668e920f00000000090170bb,668e41f00000000025007d22,,,,是暑期还是日常呀,0,0,上海,0,1720619535000,2024-07-10T21:52:15,650a57d9000000001603b527,三火大都督,是暑期还是日常呀,0
684fd3a9000000001102c039,668e41f00000000025007d22,,,,求问投行三百问是什么呀？,0,0,湖南,0,1750061994000,2025-06-16T16:19:54,5b8d52c49d3e85000143343b,Jasmine_,求问投行三百问是什么呀？,0
668ea4820000000005030187,668e41f00000000025007d22,,,,这是base哪里的啊[笑哭R]其实组和组之间方差会比较大,1,0,江苏,0,1720624258000,2024-07-10T23:10:58,60f545bc00000000010043ba,嘿皮Heypi,这是base哪里的啊[笑哭R]其实组和组之间方差会比较大,0
668e9d580000000016027b6b,668e41f00000000025007d22,,,,董监高银行流水是什么鬼,0,0,北京,0,1720622424000,2024-07-10T22:40:24,5b422a144eacab7a1a4c3f81,好运连连,董监高银行流水是什么鬼,0
67cbccad000000001703025b,668e41f00000000025007d22,,,,请问可以有偿pe面试辅导吗？（英文为主）新能源/自动驾驶赛道。打招呼次数用完了[皱眉R][皱眉R][皱眉R],0,0,加拿大,0,1741409454000,2025-03-08T12:50:54,63c617140000000026010850,给我一块饼干,请问可以有偿pe面试辅导吗？（英文为主）新能源/自动驾驶赛道。打招呼次数用完了[皱眉R][皱眉R][皱眉R],0
668eb80e00000000230187a5,668e41f00000000025007d22,,,,这收藏量shock到我了[石化R],0,0,四川,0,1720629263000,2024-07-11T00:34:23,5d3ace3f0000000010012c1a,Momo,这收藏量shock到我了[石化R],0
668e97380000000005030e9b,668e41f00000000025007d22,,,,感觉这些问题还蛮基础的,0,0,上海,0,1720620856000,2024-07-10T22:14:16,5b4763cc4eacab0df9449ae5,哥谭市里我最狂,感觉这些问题还蛮基础的,0
668e861200000000050225b7,668e41f00000000025007d22,,,668e5f34000000001b011937,100一天[笑哭R],6,0,江西,0,1720616467000,2024-07-10T21:01:07,65ba10a7000000000e026013,商科打工人（绝地求生版）,100一天[笑哭R],0
66ed93b60000000004032ef1,668e41f00000000025007d22,,,668e86260000000009015581,大佬可以问下医疗组会问什么吗[皱眉R][皱眉R],0,0,北京,0,1726845878000,2024-09-20T23:24:38,64f39ccc0000000005000f9e,白门,大佬可以问下医疗组会问什么吗[皱眉R][皱眉R],0
686d2c900000000004008241,668e41f00000000025007d22,,,,博主，本科也是金融专业？,0,0,天津,0,1751985297000,2025-07-08T22:34:57,5d0c971e00000000160191d9,不靠谱的大叔🌴 🌴 🌴,博主，本科也是金融专业？,0
66a46866000000001b01107c,668e41f00000000025007d22,,,,投行三百问是什么？,0,0,辽宁,0,1722050663000,2024-07-27T11:24:23,5f94ac600000000001009e59,拿破仑之父,投行三百问是什么？,0
668f3c3f0000000015009e01,668e41f00000000025007d22,,,,都挺基础的,1,0,四川,0,1720663103000,2024-07-11T09:58:23,6532975f000000002a034b15,Kouign-Amann,都挺基础的,0
6750435300000000070149d9,668e41f00000000025007d22,,,,[哭惹R]有答案吗,1,0,广东,0,1733313364000,2024-12-04T19:56:04,5c5f96e00000000010013cc7,Echo,[哭惹R]有答案吗,0
68496718000000001c030e16,684922dc000000002102f6d0,,,,棒,0,1,北京,0,1749640984000,2025-06-11T19:23:04,6762f2670000000018016120,用户已注销,棒,0
684940c10000000009016ad9,684922dc000000002102f6d0,,,,还是买方好[哭惹R][哭惹R][哭惹R],1,1,上海,0,1749631169000,2025-06-11T16:39:29,611da736000000000100428f,chiikawaxmi,还是买方好[哭惹R][哭惹R][哭惹R],0
6944599c000000001403d39f,684922dc000000002102f6d0,,,,作为买方正职金融民工，很同意第二点。除了国资，PE基本上不会有太多的项目要跟进，可能也就年初的时候项目筛选会比较多（我个人是从来没加班过的[偷笑R]）。但是有一个问题，就是正职的话出差会很多，要进行各公司的尽调还有投后管理等，所以就还要看个人的出差接受程度（但我觉得现在年轻人应该都不排斥出差，一是基本没有家庭压力，二是公费旅游有什么不好[偷笑R]）,0,1,广东,0,1766087069000,2025-12-19T03:44:29,5cfce2f100000000160219fe,陆尧,作为买方正职金融民工，很同意第二点。除了国资，PE基本上不会有太多的项目要跟进，可能也就年初的时候项目筛选会比较多（我个人是从来没加班过的[偷笑R]）。但是有一个问题，就是正职的话出差会很多，要进行各公司的尽调还有投后管理等，所以就还要看个人的出差接受程度（但我觉得现在年轻人应该都不排斥出差，一是基本没有家庭压力，二是公费旅游有什么不好[偷笑R]）,0
684ba2c2000000002003089d,684922dc000000002102f6d0,,,,杨哥yyds[抱拳R],0,1,上海,0,1749787330000,2025-06-13T12:02:10,5aaf9928e8ac2b21c4023037,Stella甜辣市子,杨哥yyds[抱拳R],0
68492483000000000103e4e2,684922dc000000002102f6d0,,,,ku le[笑哭R][笑哭R][笑哭R],0,1,上海,0,1749623940000,2025-06-11T14:39:00,6485b130000000002a034e53,麻辣烫配宏宝莱,ku le[笑哭R][笑哭R][笑哭R],0
68496827000000000b01f7c2,684922dc000000002102f6d0,,,68496718000000001c030e16,[害羞R],0,0,上海,0,1749641256000,2025-06-11T19:27:36,60c93429000000000100588b,Ustinian,[害羞R],0
684940fe000000000b02c554,684922dc000000002102f6d0,,,684940c10000000009016ad9,买方可好了,0,0,上海,0,1749631230000,2025-06-11T16:40:30,60c93429000000000100588b,Ustinian,买方可好了,0
69451d9f0000000038032883,684922dc000000002102f6d0,,,6944599c000000001403d39f,原来如此～受教了[哇R][哇R],0,0,上海,0,1766137247000,2025-12-19T17:40:47,60c93429000000000100588b,Ustinian,原来如此～受教了[哇R][哇R],0
684ba3520000000004019294,684922dc000000002102f6d0,,,684ba2c2000000002003089d,今晚来拍照[哇R],0,0,上海,0,1749787474000,2025-06-13T12:04:34,60c93429000000000100588b,Ustinian,今晚来拍照[哇R],0
684924b2000000000a036dba,684922dc000000002102f6d0,,,68492483000000000103e4e2,你知道的我很舍不得的[哭惹R],0,0,上海,0,1749623987000,2025-06-11T14:39:47,60c93429000000000100588b,Ustinian,你知道的我很舍不得的[哭惹R],0
69feb44c000000002701666f,69c3f8bd000000002200e6a6,,,,老师请问一下做vcpe有没有什么比较推荐的前置实习[哭惹R]就普通的行研实习就行了吗[害羞R][害羞R]还是指向性比较强一点的宏观组这种[捂脸R]现在因为没法线下，有点想刷一段宏观组的线上行研来着还是直接去投pe？期待回复，万分感谢🙏🙏,0,2,广东,0,1778299980000,2026-05-09T12:13:00,67f470e4000000000e01efa6,momo,老师请问一下做vcpe有没有什么比较推荐的前置实习[哭惹R]就普通的行研实习就行了吗[害羞R][害羞R]还是指向性比较强一点的宏观组这种[捂脸R]现在因为没法线下，有点想刷一段宏观组的线上行研来着还是直接去投pe？期待回复，万分感谢🙏🙏,0
69c50a690000000014008b1a,69c3f8bd000000002200e6a6,,,,很有用的干货！向学长看齐[抓狂R],0,1,上海,0,1774520937000,2026-03-26T18:28:57,5cff6409000000002500e0e6,显然，我不是六神,很有用的干货！向学长看齐[抓狂R],0
69c4e11b000000000f0190b0,69c3f8bd000000002200e6a6,,,,博主未来会在上海吗[微笑R],0,3,江苏,0,1774510363000,2026-03-26T15:32:43,5f525f580000000001004b3e,伊地知虹夏,博主未来会在上海吗[微笑R],0
69c402250000000002036460,69c3f8bd000000002200e6a6,,,,说的很对,0,1,广东,0,1774453285000,2026-03-25T23:41:25,5b28a7b711be103872bffb0f,需要快乐勒,说的很对,0
69feb55600000000270157d9,69c3f8bd000000002200e6a6,,,69feb44c000000002701666f,宏观组实习对pevc没啥帮助，不建议去；tmt、电子、机械、通信之类的行研实习对pevc实习有帮助（国内目前pevc主要赛道就是投科技，如果你想看消费就另说）,2,0,上海,0,1778300246000,2026-05-09T12:17:26,65dd909e0000000005008c56,Hunter Y,宏观组实习对pevc没啥帮助，不建议去；tmt、电子、机械、通信之类的行研实习对pevc实习有帮助（国内目前pevc主要赛道就是投科技，如果你想看消费就另说）,0
69c50bc2000000000d034bf5,69c3f8bd000000002200e6a6,,,69c50a690000000014008b1a,投行banker也太谦虚了[doge],1,0,上海,0,1774521283000,2026-03-26T18:34:43,65dd909e0000000005008c56,Hunter Y,投行banker也太谦虚了[doge],0
69c5255c000000001500f911,69c3f8bd000000002200e6a6,,,69c4f31a000000000103fd1a,好耶！[微笑R]可以线下骚扰你吗,0,0,江苏,0,1774527837000,2026-03-26T20:23:57,5f525f580000000001004b3e,伊地知虹夏,好耶！[微笑R]可以线下骚扰你吗,0
69c48a550000000002035b08,69c3f8bd000000002200e6a6,,,69c402250000000002036460,谢谢🙏,0,0,上海,-2,1774488150000,2026-03-26T09:22:30,65dd909e0000000005008c56,Hunter Y,谢谢🙏,0
6964d4000000000008030602,6963b4a2000000002103c434,,,,我没想到会有这么多人看以及评论。本来是在近期招实习生的过程中想起自己以前在校找实习的经历，产生了一些共鸣，从而想做个记录并顺便提一些小的建议。但既然有很多同学关注到了这篇帖子我还是分段做一下补充。我看争议最大的就是关于专业背景，这条其实是一个记录而非建议，实际上最后筛选出来的也有一些商科背景的优秀同学，他们往往在后面几点做得比较好。实习生和正职的工作性质本身就有非常大的差异，对实习生的专业筛选其实有很多不可控因素，例如有的老板自己是产业背景，也喜欢用理工背景的人，或者团队全都是商科背景，用人时会更想要个不一样的，反之同理。,1,1,北京,4,1768215553000,2026-01-12T18:59:13,62cd83810000000002002c95,三尺秋霜,我没想到会有这么多人看以及评论。本来是在近期招实习生的过程中想起自己以前在校找实习的经历，产生了一些共鸣，从而想做个记录并顺便提一些小的建议。但既然有很多同学关注到了这篇帖子我还是分段做一下补充。我看争议最大的就是关于专业背景，这条其实是一个记录而非建议，实际上最后筛选出来的也有一些商科背景的优秀同学，他们往往在后面几点做得比较好。实习生和正职的工作性质本身就有非常大的差异，对实习生的专业筛选其实有很多不可控因素，例如有的老板自己是产业背景，也喜欢用理工背景的人，或者团队全都是商科背景，用人时会更想要个不一样的，反之同理。,0
6963bf5a0000000018022697,6963b4a2000000002103c434,,,,见过只要理工phd的机构，可能和机构文化有关，但如果是市场上随便一个机构就只prefer理工，那这个市场一定是病态的。,122,8,上海,0,1768144731000,2026-01-11T23:18:51,61d71d3d000000001000c871,DEVIANT,见过只要理工phd的机构，可能和机构文化有关，但如果是市场上随便一个机构就只prefer理工，那这个市场一定是病态的。,0
6963b86b000000000c00b913,6963b4a2000000002103c434,,,,but 一个实习生真的需要卡那么多专业要求吗 我也做硬科技纯金融本科 mentor越来越卡bg其实是投的人太多了肯定就想选一个不用教那么多概念的 但其实很多新概念mt自己都要和我一起做桌面整理,103,2,江苏,0,1768142956000,2026-01-11T22:49:16,5d4170f00000000010015484,Ask,but 一个实习生真的需要卡那么多专业要求吗 我也做硬科技纯金融本科 mentor越来越卡bg其实是投的人太多了肯定就想选一个不用教那么多概念的 但其实很多新概念mt自己都要和我一起做桌面整理,0
6963bbb9000000001d00cb38,6963b4a2000000002103c434,,,,“梳理文献xx篇”“”访谈企业xx家”“产出报告xx页”这种简历一看就是求职机构给改的，扣大分[doge],25,7,北京,0,1768143802000,2026-01-11T23:03:22,5b3881ab6b58b70697da6101,啊咯叻哒哒,“梳理文献xx篇”“”访谈企业xx家”“产出报告xx页”这种简历一看就是求职机构给改的，扣大分[doge],0
6963b8c50000000005033dd6,6963b4a2000000002103c434,,,,比较好奇里面正式员工的背景比例，也大部分都是理工背景的吗[doge],1,6,北京,0,1768143046000,2026-01-11T22:50:46,6636375f00000000070064de,momo,比较好奇里面正式员工的背景比例，也大部分都是理工背景的吗[doge],0
6963cc5c000000000b03791a,6963b4a2000000002103c434,,,,请问做过赛道头部fa的实习是加分项减分项呢,1,6,上海,0,1768148061000,2026-01-12T00:14:21,604f69e700000000010041aa,momo,请问做过赛道头部fa的实习是加分项减分项呢,0
6963cba100000000040024dd,6963b4a2000000002103c434,,,,请问国资pevc忙不忙呀，是朝九晚五吗,1,1,广东,3,1768147874000,2026-01-12T00:11:14,669e15e9000000002401e5c6,AC在,请问国资pevc忙不忙呀，是朝九晚五吗,0
69650811000000000f00f146,6963b4a2000000002103c434,,,,您好，请问在一级买的投后管理部门实习，对未来实习就业有帮助吗[害羞R],0,2,北京,0,1768228882000,2026-01-12T22:41:22,6367a9e3000000001f01e1e3,春笺信,您好，请问在一级买的投后管理部门实习，对未来实习就业有帮助吗[害羞R],0
6963bdb7000000000f02dad3,6963b4a2000000002103c434,,,,请问金融本港硕偏计算机有机会吗,1,1,四川,0,1768144312000,2026-01-11T23:11:52,622f63c10000000010009a97,Carry King,请问金融本港硕偏计算机有机会吗,0
6963c1b50000000006030234,6963b4a2000000002103c434,,,,为啥一级现在还能收到这么多简历[笑哭R],0,2,广东,0,1768145334000,2026-01-11T23:28:54,628114f8000000001501c605,momo,为啥一级现在还能收到这么多简历[笑哭R],0
6964d4260000000009022808,6963b4a2000000002103c434,,,6964d4000000000008030602,放到市场上那些成熟投资人来看，除非你是博士，不然专业背景并不能在这份工作中给你那么强的不可替代性，优秀的投资人各种背景都有，也有商科或者文科背景的投资人对技术和产业的理解超过很多科班生。但如果你已经是商科在读并且考虑清楚想做一级，我觉得多去尝试+展示自己在商业逻辑上的专业性+针对你所看的赛道补补基础总是没错的。先写这些，后面有想到的再写。,2,0,北京,0,1768215590000,2026-01-12T18:59:50,62cd83810000000002002c95,三尺秋霜,放到市场上那些成熟投资人来看，除非你是博士，不然专业背景并不能在这份工作中给你那么强的不可替代性，优秀的投资人各种背景都有，也有商科或者文科背景的投资人对技术和产业的理解超过很多科班生。但如果你已经是商科在读并且考虑清楚想做一级，我觉得多去尝试+展示自己在商业逻辑上的专业性+针对你所看的赛道补补基础总是没错的。先写这些，后面有想到的再写。,0
6963d6a3000000000600b7b0,6963b4a2000000002103c434,,,6963bf5a0000000018022697,"点了 
而且这种偏好极其不理性，土木专业也算是理工科呢，hr可喜欢招这种烂专业的人做毫不沾边的硬科技来替代商科人，美其名曰理工本[飞吻R]",45,0,北京,0,1768150691000,2026-01-12T00:58:11,64be2ec700000000140365af,élcia,点了 而且这种偏好极其不理性，土木专业也算是理工科呢，hr可喜欢招这种烂专业的人做毫不沾边的硬科技来替代商科人，美其名曰理工本[飞吻R],0
6963bbfb000000000f02bdb9,6963b4a2000000002103c434,,,6963b86b000000000c00b913,因为淋过雨 所以要把你的伞扯烂[doge],149,0,北京,0,1768143868000,2026-01-11T23:04:28,5b3881ab6b58b70697da6101,啊咯叻哒哒,因为淋过雨 所以要把你的伞扯烂[doge],0
6963bdcd00000000090223d9,6963b4a2000000002103c434,,,6963bbb9000000001d00cb38,只是举例，我也从没接触过求职机构，尽管都有美化的成分，但是有量化的数据会更容易让人抓住要点,5,0,北京,0,1768144334000,2026-01-11T23:12:14,62cd83810000000002002c95,三尺秋霜,只是举例，我也从没接触过求职机构，尽管都有美化的成分，但是有量化的数据会更容易让人抓住要点,0
6963beca000000001d00f560,6963b4a2000000002103c434,,,6963b8c50000000005033dd6,其他的感觉没毛病，但是专业这一块，我认为挑实习生跟你投Startup一样，本质上都在投资一个人，我见过很多优秀的创业者，他们的创业方向和学术方向并没有太大联系，如果一个人拥有较强的产业认知和对技术的学习，完全可以弥补非科班出身的不足，甚至比科班出身的还要强,8,0,河南,0,1768144586000,2026-01-11T23:16:26,66ad995f000000001d033d67,搞VC的克里斯,其他的感觉没毛病，但是专业这一块，我认为挑实习生跟你投Startup一样，本质上都在投资一个人，我见过很多优秀的创业者，他们的创业方向和学术方向并没有太大联系，如果一个人拥有较强的产业认知和对技术的学习，完全可以弥补非科班出身的不足，甚至比科班出身的还要强,0
6963cdc2000000000c016f91,6963b4a2000000002103c434,,,6963cc5c000000000b03791a,我觉得不是减分项，如果经历很相关的话加分,1,0,北京,0,1768148419000,2026-01-12T00:20:19,62cd83810000000002002c95,三尺秋霜,我觉得不是减分项，如果经历很相关的话加分,0
6963ce09000000000c00925d,6963b4a2000000002103c434,,,6963cba100000000040024dd,方差很大，同一机构不同部门也天差地别，整体感受比之前更卷,2,0,北京,0,1768148489000,2026-01-12T00:21:29,62cd83810000000002002c95,三尺秋霜,方差很大，同一机构不同部门也天差地别，整体感受比之前更卷,0
69650fad000000000b036caa,6963b4a2000000002103c434,,,69650811000000000f00f146,不同机构各种各样的投后管理都有，我觉得如果能和项目方打交道还是有收获的,1,0,北京,0,1768230830000,2026-01-12T23:13:50,62cd83810000000002002c95,三尺秋霜,不同机构各种各样的投后管理都有，我觉得如果能和项目方打交道还是有收获的,0
6963be05000000000c0095cd,6963b4a2000000002103c434,,,6963bdb7000000000f02dad3,肯定是有机会的，不同机构的偏好也不一样，具体问题得具体分析,0,0,北京,0,1768144390000,2026-01-11T23:13:10,62cd83810000000002002c95,三尺秋霜,肯定是有机会的，不同机构的偏好也不一样，具体问题得具体分析,0
6963c79e0000000004003c7d,6963b4a2000000002103c434,,,6963c1b50000000006030234,别说一级了，四大简历都筛不过来,3,0,陕西,0,1768146847000,2026-01-11T23:54:07,5f7548c90000000001001c22,雪拥蓝关,别说一级了，四大简历都筛不过来,0
6963b996000000000503b78f,6963b4a2000000002103c434,,,,纯金融本硕但看硬科技的实习加起来快一年，这种会给机会吗。。,0,1,上海,0,1768143255000,2026-01-11T22:54:15,61a4385a0000000010006df2,momo,纯金融本硕但看硬科技的实习加起来快一年，这种会给机会吗。。,0
69c1b166000000000f02b02d,6963b4a2000000002103c434,,,,老师，诚心求问，互联网的战投实习对-级有用吗,0,1,浙江,0,1774301542000,2026-03-24T05:32:22,5edabf530000000001004b2e,秋,老师，诚心求问，互联网的战投实习对-级有用吗,0
6963b5b50000000032003c65,6963b4a2000000002103c434,,,,收藏了，写简历的时候记录一下,1,3,日本,0,1768142261000,2026-01-11T22:37:41,630b003e000000000f007c93,momo,收藏了，写简历的时候记录一下,0
6963c31f0000000009020965,6963b4a2000000002103c434,,,,感觉一级对于马上入职很迫切[笑哭R]我接到面试的几个都希望能马上入职，然后我说要等个一两周就。。。。。,0,1,上海,0,1768145695000,2026-01-11T23:34:55,5d40156e0000000012037f69,碧宸,感觉一级对于马上入职很迫切[笑哭R]我接到面试的几个都希望能马上入职，然后我说要等个一两周就。。。。。,0
69648bc9000000000b0364b2,6963b4a2000000002103c434,,,,如果是社招从产业转pe vc建议吗？,0,1,北京,0,1768197065000,2026-01-12T13:51:05,59ecdb8f4eacab77b900cb4e,滑瓢,如果是社招从产业转pe vc建议吗？,0
6965ce36000000000f028762,6963b4a2000000002103c434,,,,还在招实习生吗，top2金融，对半导体/芯片非常感兴趣,0,1,北京,0,1768279606000,2026-01-13T12:46:46,5fb47c88000000000101ddb8,ac,还在招实习生吗，top2金融，对半导体/芯片非常感兴趣,0
696519ed000000000600faac,6963b4a2000000002103c434,,,,您好 一级市场校招吗[捂脸R] 实习了担心也找不到工作[哭惹R],1,1,北京,0,1768233453000,2026-01-12T23:57:33,5f12fb7e0000000001003a7d,明明白白白蘿蔔🥕（见过陈信宏的脚版）,您好 一级市场校招吗[捂脸R] 实习了担心也找不到工作[哭惹R],0
6963bb1500000000190032aa,6963b4a2000000002103c434,,,,所以纯金融的出路是什么[笑哭R],0,0,北京,0,1768143637000,2026-01-11T23:00:37,5d23ebd1000000001103b7cd,江南,所以纯金融的出路是什么[笑哭R],0
6964d87b00000000090353e7,6963b4a2000000002103c434,,,,院校不卡吗[石化R],0,0,美国,0,1768216699000,2026-01-12T19:18:19,64f6befb0000000004024159,孔孔的bos日记,院校不卡吗[石化R],0
6979dc4e000000001d00d593,6963b4a2000000002103c434,,,,金融本，AI硕可以吗？,0,0,广东,0,1769593935000,2026-01-28T17:52:15,63971e3f0000000026004627,慢慢来,金融本，AI硕可以吗？,0
6963bcfe000000000c0148bf,6963b4a2000000002103c434,,,6963b996000000000503b78f,肯定有机会的，找实习这东西本来就有很多随机因素在里面,0,0,北京,0,1768144127000,2026-01-11T23:08:47,62cd83810000000002002c95,三尺秋霜,肯定有机会的，找实习这东西本来就有很多随机因素在里面,0
69c29b5f0000000015007932,6963b4a2000000002103c434,,,69c1b166000000000f02b02d,或多或少有帮助,0,0,北京,0,1774361439000,2026-03-24T22:10:39,62cd83810000000002002c95,三尺秋霜,或多或少有帮助,0
6963b657000000000f01d0a6,6963b4a2000000002103c434,,,6963b5b50000000032003c65,你没收藏,10,0,贵州,0,1768142424000,2026-01-11T22:40:24,65bb8602000000000d01fa21,momo,你没收藏,0
6963c3f2000000000800c299,6963b4a2000000002103c434,,,6963c31f0000000009020965,找服从性高的牛马是这样的[笑哭R],0,0,北京,0,1768145907000,2026-01-11T23:38:27,62eddbbc000000001f016baf,奥利奥🍪,找服从性高的牛马是这样的[笑哭R],0
6964c916000000000c017cb4,6963b4a2000000002103c434,,,69648bc9000000000b0364b2,前几年pevc很喜欢带产业背景的人，这两年这种偏好确实变少了，而且进入以后会有一段明显的不适应期,0,0,北京,0,1768212759000,2026-01-12T18:12:39,62cd83810000000002002c95,三尺秋霜,前几年pevc很喜欢带产业背景的人，这两年这种偏好确实变少了，而且进入以后会有一段明显的不适应期,0
6968e22c0000000008030706,6963b4a2000000002103c434,,,6965ce36000000000f028762,不招了哈,0,0,北京,0,1768481325000,2026-01-15T20:48:45,62cd83810000000002002c95,三尺秋霜,不招了哈,0
6965c940000000000800f63d,6963b4a2000000002103c434,,,696519ed000000000600faac,校招是有的，26届我听说到有些大型央企国资扩招很多，还有的前几年没开校招今年也开了，纯市场化机构hc不确定性和各家差异非常大，给不出明确结论,1,0,北京,0,1768278336000,2026-01-13T12:25:36,62cd83810000000002002c95,三尺秋霜,校招是有的，26届我听说到有些大型央企国资扩招很多，还有的前几年没开校招今年也开了，纯市场化机构hc不确定性和各家差异非常大，给不出明确结论,0
6963c6be0000000005030a86,6963b4a2000000002103c434,,,,金融数学本科，研究生港硕学数学（大数据）可以吗,0,1,山东,0,1768146623000,2026-01-11T23:50:23,63bf58ea00000000270283be,黄梅时节雨,金融数学本科，研究生港硕学数学（大数据）可以吗,0
6964ec7a000000001d00f7b7,6963b4a2000000002103c434,,,,害，啥理工不理工的，脑子灵光，做事有责任心，能正常沟通就是可塑之才了,1,0,北京,0,1768221819000,2026-01-12T20:43:39,6270c1a00000000021023127,大猫猫猫猫,害，啥理工不理工的，脑子灵光，做事有责任心，能正常沟通就是可塑之才了,0
6963c4ac0000000008032c09,6963b4a2000000002103c434,,,,有hc吗老师,1,0,北京,0,1768146092000,2026-01-11T23:41:32,5c0aa07c0000000007003edc,透亮奔儿,有hc吗老师,0
6963d2a1000000000f02deb9,6963b4a2000000002103c434,,,,收个简历还给你整自豪上了[doge],10,0,福建,-2,1768149666000,2026-01-12T00:41:06,5e84274100000000010028c1,慕宇,收个简历还给你整自豪上了[doge],0
69867566000000000b037c18,6963b4a2000000002103c434,,,,理工背景说的太泛了 你除非定向招那个方向的博士，否则他的专业跟看的行业又不对口 有啥用啊,0,0,英国,-2,1770419559000,2026-02-07T07:12:39,5d54f84200000000120014e1,蛟腾海浪高,理工背景说的太泛了 你除非定向招那个方向的博士，否则他的专业跟看的行业又不对口 有啥用啊,0
6964bca600000000080313a7,6963b4a2000000002103c434,,,,"再一次唔理解[doge]每間公司都有唔同嘅招收準則同埋偏好，likewise industry knowhow 當然有對應背景比較好，但你都指出你們公司看比較hard tech, 如果我好明確只係想針對一個跑道咁當然合理，但你總結嘅簡歷模板明顯涵蓋極度狹窄行業知識。 你嘅結論極籠統概括商科同學背景。我相信一個有強學習能力> >任何背景，而單純指出理工科背景會有優勢亦極其以偏概全。亦唔見得呢個意見可以幾大程度上幫助大家[doge][doge] 都係嗰句睇多啲學多啲自然會係呢場比賽中勝出",3,1,中国香港,-2,1768209575000,2026-01-12T17:19:35,654148600000000006005182,大卡C,"再一次唔理解[doge]每間公司都有唔同嘅招收準則同埋偏好，likewise industry knowhow 當然有對應背景比較好，但你都指出你們公司看比較hard tech, 如果我好明確只係想針對一個跑道咁當然合理，但你總結嘅簡歷模板明顯涵蓋極度狹窄行業知識。 你嘅結論極籠統概括商科同學背景。我相信一個有強學習能力> >任何背景，而單純指出理工科背景會有優勢亦極其以偏概全。亦唔見得呢個意見可以幾大程度上幫助大家[doge][doge] 都係嗰句睇多啲學多啲自然會係呢場比賽中勝出",0
6963c966000000000c017ffc,6963b4a2000000002103c434,,,6963c6be0000000005030a86,机会肯定有，找实习的不确定性本来就很大，而且各家偏好也不一样,0,0,北京,0,1768147303000,2026-01-12T00:01:43,62cd83810000000002002c95,三尺秋霜,机会肯定有，找实习的不确定性本来就很大，而且各家偏好也不一样,0
6964c87b000000000c00959a,6963b4a2000000002103c434,,,6964bca600000000080313a7,确实，我现在也觉得把专业背景放第一条会给人唯背景论的感觉，实际上最后筛选出来的也有不少经管专业的优秀同学，理工科背景也没有全放进来，那些经管类同学往往是在后面几条做的比较好。对于在校同学，由于专业已经无法更改，这点对他们来说毫无帮助甚至制造焦虑，所以回过头来看应该把这一条放到最后面比较合适,1,0,北京,0,1768212603000,2026-01-12T18:10:03,62cd83810000000002002c95,三尺秋霜,确实，我现在也觉得把专业背景放第一条会给人唯背景论的感觉，实际上最后筛选出来的也有不少经管专业的优秀同学，理工科背景也没有全放进来，那些经管类同学往往是在后面几条做的比较好。对于在校同学，由于专业已经无法更改，这点对他们来说毫无帮助甚至制造焦虑，所以回过头来看应该把这一条放到最后面比较合适,0
69009f9a0000000039032421,690084e0000000000302395c,,,,现在第一步中，刚第二天[哭惹R]，看尽调材料堆材料中而且效率还特别慢，这个行业完全不熟悉，尽调材料不是特别完整，理得特别慢，要被自己蠢哭了[大便R][大便R],0,2,广东,0,1761648538000,2025-10-28T18:48:58,6303253f000000000f0046c3,骑着🐫去南极,现在第一步中，刚第二天[哭惹R]，看尽调材料堆材料中而且效率还特别慢，这个行业完全不熟悉，尽调材料不是特别完整，理得特别慢，要被自己蠢哭了[大便R][大便R],0
6900a3c2000000003901ea87,690084e0000000000302395c,,,,太牛了七惠姐姐,1,4,天津,0,1761649602000,2025-10-28T19:06:42,5ba5c49109da980001e4ea11,小红薯CB31299B,太牛了七惠姐姐,0
69024747000000003302177b,690084e0000000000302395c,,,,对于新人来说 这些工作感觉都挺好玩的[笑哭R] 我刚来看各种bp，参加尽调感觉老有意思了[笑哭R],2,1,江苏,0,1761757000000,2025-10-30T00:56:40,628b19cb0000000021022a8a,困到起飞,对于新人来说 这些工作感觉都挺好玩的[笑哭R] 我刚来看各种bp，参加尽调感觉老有意思了[笑哭R],0
690088cc0000000039007feb,690084e0000000000302395c,,,,女神永远是女神[飞吻R],1,1,河北,0,1761642700000,2025-10-28T17:11:40,62a340520000000019029d0d,💕,女神永远是女神[飞吻R],0
69008cc4000000003300c082,690084e0000000000302395c,,,,转眼在一起也三个月了[萌萌哒R],1,1,上海,0,1761643716000,2025-10-28T17:28:36,5f7d47af0000000001009e3f,Warren,转眼在一起也三个月了[萌萌哒R],0
690393f70000000039001a9e,690084e0000000000302395c,,,,写得好,0,0,美国,0,1761842168000,2025-10-31T00:36:08,5a8b33a44eacab7a403f0a0f,Seacloud,写得好,0
6900e645000000003801727c,690084e0000000000302395c,,,,好厉害[赞R],0,0,广东,0,1761666629000,2025-10-28T23:50:29,6249d541000000001000aeaa,jomono,好厉害[赞R],0
691c4ca8000000003803fe41,690084e0000000000302395c,,,,请问没有纪要 尽调 bp这些正常吗[石化R] 来了三天 让我测算行业细分板块2025年的营收规模[石化R],0,1,北京,0,1763462313000,2025-11-18T18:38:33,5c2afef60000000006010267,-泠泠v,请问没有纪要 尽调 bp这些正常吗[石化R] 来了三天 让我测算行业细分板块2025年的营收规模[石化R],0
6902f84d000000003902fdf4,690084e0000000000302395c,,,,主要看哪个方向？,0,0,上海,0,1761802318000,2025-10-30T13:31:58,610dfb90000000000100246e,Stanis,主要看哪个方向？,0
690098930000000039022e91,690084e0000000000302395c,,,,堆信息到看逻辑——同样的感受！,1,0,中国香港,0,1761646740000,2025-10-28T18:19:00,60c9db680000000001004131,多多,堆信息到看逻辑——同样的感受！,0
6900a0700000000033007b63,690084e0000000000302395c,,,69009f9a0000000039032421,可以借助ai工具一点点拆解材料或研报中不懂的概念或逻辑，刚开始不熟悉很正常，加油～[萌萌哒R],0,0,上海,0,1761648752000,2025-10-28T18:52:32,62b59376000000001902cbae,Vera七惠🐬,可以借助ai工具一点点拆解材料或研报中不懂的概念或逻辑，刚开始不熟悉很正常，加油～[萌萌哒R],0
6900a45a0000000033023fff,690084e0000000000302395c,,,6900a3c2000000003901ea87,🦉也为我zhuo迷吗[得意R],0,0,上海,0,1761649754000,2025-10-28T19:09:14,62b59376000000001902cbae,Vera七惠🐬,🦉也为我zhuo迷吗[得意R],0
6902a3360000000037012094,690084e0000000000302395c,,,69024747000000003302177b,哈哈哈是的[笑哭R],0,0,上海,0,1761780535000,2025-10-30T07:28:55,62b59376000000001902cbae,Vera七惠🐬,哈哈哈是的[笑哭R],0
6900892c000000003300f98e,690084e0000000000302395c,,,690088cc0000000039007feb,姐妹永远是姐妹[扯脸H],1,0,上海,0,1761642796000,2025-10-28T17:13:16,62b59376000000001902cbae,Vera七惠🐬,姐妹永远是姐妹[扯脸H],0
69008cf800000000370122f8,690084e0000000000302395c,,,69008cc4000000003300c082,素耶,1,0,上海,0,1761643769000,2025-10-28T17:29:29,62b59376000000001902cbae,Vera七惠🐬,素耶,0
697c5176000000000c016c29,690084e0000000000302395c,,,691c4ca8000000003803fe41,岗位不同吧,0,0,河南,0,1769754998000,2026-01-30T14:36:38,648d89db00000000120357b5,阿白,岗位不同吧,0
69009472000000003901dc28,690084e0000000000302395c,,,,一级二级吗呀,0,1,广东,-2,1761645682000,2025-10-28T18:01:22,5bba6f5e72a0e300016f5ff4,气泡水是没问题,一级二级吗呀,0
690094d40000000033004309,690084e0000000000302395c,,,69009472000000003901dc28,一级,0,0,上海,0,1761645780000,2025-10-28T18:03:00,62b59376000000001902cbae,Vera七惠🐬,一级,0
69160df0000000003900a536,6915e7b60000000005033a5d,,,,哪家美元呀？现在能经常出手且让实习生自己source的机构真不多了[扶额R][扶额R],1,4,北京,0,1763053041000,2025-11-14T00:57:21,65ba10a7000000000e026013,商科打工人（绝地求生版）,哪家美元呀？现在能经常出手且让实习生自己source的机构真不多了[扶额R][扶额R],0
6915f9f20000000039003093,6915e7b60000000005033a5d,,,,师妹加油！以后给我漏点内幕消息[害羞R],2,1,广东,0,1763047922000,2025-11-13T23:32:02,63f8384e000000000f010aa0,经管牛马自救指南,师妹加油！以后给我漏点内幕消息[害羞R],0
691629d6000000003300ea1d,6915e7b60000000005033a5d,,,,怎么感觉有点反，感觉rmb pe都是天天在外面跑，美元vc/growth都是学院派做paperwork感觉居多[捂脸R],13,1,浙江,0,1763060183000,2025-11-14T02:56:23,5fa913a90000000001001637,小红薯5FA9AEC6,怎么感觉有点反，感觉rmb pe都是天天在外面跑，美元vc/growth都是学院派做paperwork感觉居多[捂脸R],0
69160005000000003900376c,6915e7b60000000005033a5d,,,,尤其国资lp 就是行政,1,0,四川,0,1763049478000,2025-11-13T23:57:58,5f16ecfd000000000101fa62,Coldplay Fan,尤其国资lp 就是行政,0
6916ba5600000000380322e5,6915e7b60000000005033a5d,,,,很中肯了,0,0,广西,0,1763097175000,2025-11-14T13:12:55,5a7e97a6e8ac2b06dfea6f99,小鼠鸭鸭,很中肯了,0
6916d3870000000033021775,6915e7b60000000005033a5d,,,69160df0000000003900a536,现在美元VC还活跃嘛,0,0,广东,0,1763103624000,2025-11-14T15:00:24,6315cfaf000000000f0059b7,坚韧阿尔法,现在美元VC还活跃嘛,0
6915fa29000000003802c1bc,6915e7b60000000005033a5d,,,6915f9f20000000039003093,[偷笑R][偷笑R],0,0,上海,0,1763047978000,2025-11-13T23:32:58,5b290d324eacab7ca0eba2b4,小lin在前进,[偷笑R][偷笑R],0
691679bb000000003802c161,6915e7b60000000005033a5d,,,691629d6000000003300ea1d,是的 统计口径还是太大了,1,0,江苏,0,1763080635000,2025-11-14T08:37:15,593a5aea6a6a6966005209ad,shimengmo,是的 统计口径还是太大了,0
68a4146d00000000270094f8,68a41046000000001d026616,,,,本科是哪个学校呢,2,2,浙江,0,1755583597000,2025-08-19T14:06:37,66ac4ccf000000001d0321b2,阿美丽卡不相信眼泪（藤梦工坊）,本科是哪个学校呢,0
68a41e4c000000003001c353,68a41046000000001d026616,,,,哎你们base在这蛮好的[doge]之前录我那个组base在ifc里说没食堂[doge],2,1,新加坡,0,1755586124000,2025-08-19T14:48:44,6232d1020000000021021347,cura,哎你们base在这蛮好的[doge]之前录我那个组base在ifc里说没食堂[doge],0
68a41472000000003002ece0,68a41046000000001d026616,,,,来看都市丽人[哇R],2,1,上海,0,1755583603000,2025-08-19T14:06:43,5f7d47af0000000001009e3f,Warren,来看都市丽人[哇R],0
68bb20f8000000000b027dbb,68a41046000000001d026616,,,,宝宝方便私信求一个具体bg嘛,0,0,北京,0,1757094137000,2025-09-06T01:42:17,64d4a26b0000000001031847,Coco🥥,宝宝方便私信求一个具体bg嘛,0
68e227f0000000003902c2ef,68a41046000000001d026616,,,,请问还在吗？他们找我了,0,0,广东,0,1759651824000,2025-10-05T16:10:24,5ebdce9a000000000101fc46,Vincent Cassel,请问还在吗？他们找我了,0
68a41697000000002700947a,68a41046000000001d026616,,,,哈哈刷到前司了,1,0,上海,0,1755584152000,2025-08-19T14:15:52,5f5b56d2000000000101cf6f,吟游诗人Minstrel,哈哈刷到前司了,0
68a52fe00000000027005f71,68a41046000000001d026616,,,,这是锐正还是创富[doge],0,1,北京,0,1755656161000,2025-08-20T10:16:01,631bcc330000000023039ae4,好大一猪头,这是锐正还是创富[doge],0
68a414f900000000300301ca,68a41046000000001d026616,,,,p7的饮料好喝吗，一直没买过[害羞R],0,0,上海,3,1755583737000,2025-08-19T14:08:57,5d405587000000001001aeab,野马浜狱卒,p7的饮料好喝吗，一直没买过[害羞R],0
68a54426000000003001e466,68a41046000000001d026616,,,,哈哈哈哈刷到前司了[偷笑R]@Bicameralism,0,0,湖北,0,1755661350000,2025-08-20T11:42:30,6203c9be000000001000b67b,氟气萌萌,哈哈哈哈刷到前司了[偷笑R]@Bicameralism,0
68a430a1000000002601bfd0,68a41046000000001d026616,,,, @中意饮柠檬茶 我们的继任,1,3,美国,0,1755590818000,2025-08-19T16:06:58,63ee6415000000000f01266e,H.,@中意饮柠檬茶 我们的继任,0
68a414c1000000003002428b,68a41046000000001d026616,,,68a4146d00000000270094f8,末9,1,0,上海,0,1755583682000,2025-08-19T14:08:02,62b59376000000001902cbae,Vera七惠🐬,末9,0
68a41ec70000000030023307,68a41046000000001d026616,,,68a41e4c000000003001c353,尊嘟[棒R]楼下的商场好吃的也蛮多～,0,0,上海,0,1755586247000,2025-08-19T14:50:47,62b59376000000001902cbae,Vera七惠🐬,尊嘟[棒R]楼下的商场好吃的也蛮多～,0
68a414b4000000003001ff2c,68a41046000000001d026616,,,68a41472000000003002ece0,欢迎您来[嘻嘻R],0,0,上海,0,1755583668000,2025-08-19T14:07:48,62b59376000000001902cbae,Vera七惠🐬,欢迎您来[嘻嘻R],0
690090cd000000003800bf9f,68a41046000000001d026616,,,68a52fe00000000027005f71,这是vc吧,0,0,上海,0,1761644749000,2025-10-28T17:45:49,631dbb1a0000000023026f27,momo（秋招版）,这是vc吧,0
68a43fef0000000030009457,68a41046000000001d026616,,,68a430a1000000002601bfd0,坏了，真在bfc实习过，怀念市场好的时候[哭惹R],0,0,广东,0,1755594736000,2025-08-19T17:12:16,5c91756700000000160188d2,中意饮柠檬茶,坏了，真在bfc实习过，怀念市场好的时候[哭惹R],0
69eb2d37000000001401ac05,69eb25e0000000001b0223bc,,,,这几家好像性价比很高，看过一个工资表都70个了[暗中观察R],0,7,湖北,0,1777020215000,2026-04-24T16:43:35,5c2094e80000000005016e7a,不是curry不是维子,这几家好像性价比很高，看过一个工资表都70个了[暗中观察R],0
69eb39e90000000014019420,69eb25e0000000001b0223bc,,,,实习吗？,0,1,上海,0,1777023466000,2026-04-24T17:37:46,5eb343330000000001001ecf,把我推荐给认识的人！！,实习吗？,0
69eb9b99000000002803a1d3,69eb25e0000000001b0223bc,,,,医药背景，没有金融背景，好转行进去吗？,0,1,上海,0,1777048473000,2026-04-25T00:34:33,5b645f3bb7f08200016193fe,不不要点我,医药背景，没有金融背景，好转行进去吗？,0
69eb2cee000000001401c009,69eb25e0000000001b0223bc,,,,上海国投？,2,0,天津,0,1777020142000,2026-04-24T16:42:22,5ab5693c4eacab68876a471e,屋昂晚,上海国投？,0
69eb5545000000002b003155,69eb25e0000000001b0223bc,,,,应该是先导吧,3,0,上海,0,1777030470000,2026-04-24T19:34:30,610f5344000000002002cc88,Mr.成蹊,应该是先导吧,0
69f0de47000000000d023000,69eb25e0000000001b0223bc,,,,第二个问题你怎么展示motivation的啊,0,0,美国,0,1777393223000,2026-04-29T00:20:23,68299a4b000000000a03d994,小红薯682B1147,第二个问题你怎么展示motivation的啊,0
69eb30d3000000001401b00a,69eb25e0000000001b0223bc,,,,FT？,0,0,中国香港,0,1777021139000,2026-04-24T16:58:59,599cdc8950c4b430b7d66949,芝士抹茶奶盖,FT？,0
69eb5e48000000002902dc43,69eb25e0000000001b0223bc,,,,应该是先导吧[偷笑R],0,0,北京,0,1777032776000,2026-04-24T20:12:56,55fd673c62a60c3e024e1052,superwus,应该是先导吧[偷笑R],0
69eb6618000000002803cc53,69eb25e0000000001b0223bc,,,,热爱面试！,0,0,广东,0,1777034776000,2026-04-24T20:46:16,5db6524b0000000001009bb2,momo,热爱面试！,0
69eb78cd000000002701de09,69eb25e0000000001b0223bc,,,69eb2d37000000001401ac05,孚腾 最高,0,0,上海,0,1777039565000,2026-04-24T22:06:05,6028d5dc000000000100bd7d,Yyy,孚腾 最高,0
69f0b838000000002a02720f,69eb25e0000000001b0223bc,,,69eb39e90000000014019420,对,0,0,广东,-2,1777383481000,2026-04-28T21:38:01,64b52aeb000000002a036305,霸气的肉,对,0
69ec0eb2000000002a0306b6,69eb25e0000000001b0223bc,,,69eb9b99000000002803a1d3,可以的 很匹配这种岗位,1,0,广东,0,1777077939000,2026-04-25T08:45:39,64b52aeb000000002a036305,霸气的肉,可以的 很匹配这种岗位,0
681cc40b000000000400d205,65fd78a1000000001203c160,,,,现在才刷到这篇 可以问问这种私募实习一般要笔试嘛 如果要的话笔试会很难嘛,0,6,上海,0,1746715660000,2025-05-08T22:47:40,61e97079000000001000b08f,酩酊天使,现在才刷到这篇 可以问问这种私募实习一般要笔试嘛 如果要的话笔试会很难嘛,0
65fd8708000000000b022cca,65fd78a1000000001203c160,,,,PE做Bp是要卖老股吗,0,3,上海,0,1711113992000,2024-03-22T21:26:32,5e506e0f000000000100a0df,Oli,PE做Bp是要卖老股吗,0
65fe2728000000000b021245,65fd78a1000000001203c160,,,,隔行如隔山，工程人要想看懂金融人的专业术语还得专心学习[偷笑R],1,1,内蒙古,0,1711154984000,2024-03-23T08:49:44,5e3fd01f000000000100707f,倔强的 70后大姐,隔行如隔山，工程人要想看懂金融人的专业术语还得专心学习[偷笑R],0
65fe49cc000000000b0212d4,65fd78a1000000001203c160,,,,牛🐮,0,1,内蒙古,0,1711163853000,2024-03-23T11:17:33,65b39304000000000d01d3cc,聚鑫一品小红薯65B4525D,牛🐮,0
6616c3640000000015003098,65fd78a1000000001203c160,,,,你面试的时候他问了很专业的问题嘛,0,1,福建,0,1712767844000,2024-04-11T00:50:44,5b97c3bdfcfe8500018dc3de,cookie,你面试的时候他问了很专业的问题嘛,0
65fd8201000000000b023404,65fd78a1000000001203c160,,,,博主最后一张图是用什么软件做的项目bp呢,0,1,贵州,0,1711112705000,2024-03-22T21:05:05,6256fad0000000000d033f8a,等你下课,博主最后一张图是用什么软件做的项目bp呢,0
66e92b5d000000000200470b,65fd78a1000000001203c160,,,,想问问博主如果接到了从没有研究过的领域要写研究报告 具体怎么去查数据呀,0,1,上海,0,1726557022000,2024-09-17T15:10:22,5ef5b4ff000000000101ded2,king of momo,想问问博主如果接到了从没有研究过的领域要写研究报告 具体怎么去查数据呀,0
6610112700000000190303c5,65fd78a1000000001203c160,,,,博主好棒[蹲后续H],0,0,浙江,0,1712329000000,2024-04-05T22:56:40,5f114f6e00000000010078df,无滤镜骨头,博主好棒[蹲后续H],0
681cca29000000000b01d7f5,65fd78a1000000001203c160,,,681cc40b000000000400d205,顶级私募是会的，大概考一些搭模型、财务计算方面的知识～,0,0,陕西,0,1746717226000,2025-05-08T23:13:46,657ae7d70000000020033d5f,再打一针内啡肽,顶级私募是会的，大概考一些搭模型、财务计算方面的知识～,0
65fd8873000000000b021de7,65fd78a1000000001203c160,,,65fd8708000000000b022cca,是对接来的新项目，要换成公司自己的模版以及内容～,0,0,福建,0,1711114355000,2024-03-22T21:32:35,657ae7d70000000020033d5f,再打一针内啡肽,是对接来的新项目，要换成公司自己的模版以及内容～,0
65fe2b61000000000b023254,65fd78a1000000001203c160,,,65fe2728000000000b021245,[笑哭R][笑哭R][笑哭R],0,0,福建,0,1711156065000,2024-03-23T09:07:45,657ae7d70000000020033d5f,再打一针内啡肽,[笑哭R][笑哭R][笑哭R],0
65fe49e6000000000b022712,65fd78a1000000001203c160,,,65fe49cc000000000b0212d4,哈哈[害羞R],0,0,福建,0,1711163878000,2024-03-23T11:17:58,657ae7d70000000020033d5f,再打一针内啡肽,哈哈[害羞R],0
6617225500000000090256b3,65fd78a1000000001203c160,,,6616c3640000000015003098,问了企业融资的几个阶段以及股权融资的退出路径～,2,0,福建,0,1712792149000,2024-04-11T07:35:49,657ae7d70000000020033d5f,再打一针内啡肽,问了企业融资的几个阶段以及股权融资的退出路径～,0
65fd83d900000000160075d4,65fd78a1000000001203c160,,,65fd8201000000000b023404,是wps的ppt啦，只不过我把主题颜色调整成黑色啦[害羞R],0,0,福建,0,1711113177000,2024-03-22T21:12:57,657ae7d70000000020033d5f,再打一针内啡肽,是wps的ppt啦，只不过我把主题颜色调整成黑色啦[害羞R],0
66f109140000000012026525,65fd78a1000000001203c160,,,66e92b5d000000000200470b,抱歉，刚看到你的评论~各个行业的数据来源不一样，现在我做行研大部分是从专门的数据库里面调，或者从一些官网平台、公众号里面找。如果实在不行的话也可以看其他公司的研报，看看他们的数据都是哪里来的，然后进行溯源~,2,0,广东,0,1727072533000,2024-09-23T14:22:13,657ae7d70000000020033d5f,再打一针内啡肽,抱歉，刚看到你的评论~各个行业的数据来源不一样，现在我做行研大部分是从专门的数据库里面调，或者从一些官网平台、公众号里面找。如果实在不行的话也可以看其他公司的研报，看看他们的数据都是哪里来的，然后进行溯源~,0
68db809e0000000039025e52,68d7b170000000001203fd24,,,,看争议比较大，统一回复下，国内buyout pe就是这种现状，实习生就要bb行或者top pe干过的，这样招来直接可以搭model画deck，全职基本只社招。所谓不培养人只筛选人，意思是招聘标准很严格，宁可不招也不能招一个不靠谱的。这样的文化固然有毒，但作为金融甲方，人才供给大于需求导致这个现象也无可厚非，实习工资确实不高，大几千或者万把块最多，但来这实习大多不是为了这个工资，而是为了申请外资行的全职,22,2,浙江,4,1759215775000,2025-09-30T15:02:55,617f860f000000001f03f0ca,商科小状元,看争议比较大，统一回复下，国内buyout pe就是这种现状，实习生就要bb行或者top pe干过的，这样招来直接可以搭model画deck，全职基本只社招。所谓不培养人只筛选人，意思是招聘标准很严格，宁可不招也不能招一个不靠谱的。这样的文化固然有毒，但作为金融甲方，人才供给大于需求导致这个现象也无可厚非，实习工资确实不高，大几千或者万把块最多，但来这实习大多不是为了这个工资，而是为了申请外资行的全职,0
68d7f1f30000000001004ecc,68d7b170000000001203fd24,,,,“不培养人，只筛选人。”这个价值观就是畸形的,479,6,江苏,0,1758982644000,2025-09-27T22:17:24,63ee6415000000000f01266e,H.,“不培养人，只筛选人。”这个价值观就是畸形的,0
68d7db91000000000903be8a,68d7b170000000001203fd24,,,,😄招进来一天一百五,296,11,北京,0,1758976914000,2025-09-27T20:41:54,5a6157e9b1da145e2e268ae8,bksw0212,😄招进来一天一百五,0
68d7e2e3000000001903f4a7,68d7b170000000001203fd24,,,,这么缺人的话怎么不社招呢，是发不起工资吗[大笑R],367,4,广东,0,1758978788000,2025-09-27T21:13:08,5d1f402b00000000160055c6,我是一杯苹果汁,这么缺人的话怎么不社招呢，是发不起工资吗[大笑R],0
68d849a7000000000800f9f9,68d7b170000000001203fd24,,,,PE是什么，位置编码吗,5,5,广东,0,1759005096000,2025-09-28T04:31:36,66cabe55000000001d031b0d,口圭口圭口圭,PE是什么，位置编码吗,0
68d8d52c000000001903e8ab,68d7b170000000001203fd24,,,,工资150，要求造航母，还得是高大上的金融行业,88,1,北京,0,1759040813000,2025-09-28T14:26:53,5f30d21d000000000100262d,小芒斯特,工资150，要求造航母，还得是高大上的金融行业,0
68d7e41e000000000201705c,68d7b170000000001203fd24,,,,自命清高和自我认知错配的典型,63,0,上海,0,1758979103000,2025-09-27T21:18:23,6534a03b0000000004008529,一氧,自命清高和自我认知错配的典型,0
68d7cdae000000000b02a79b,68d7b170000000001203fd24,,,,因为大家都知道我们这行不挣钱了[笑哭R]所以很多优秀学生都转去互联网实习了,35,2,北京,0,1758973359000,2025-09-27T19:42:39,624f906a00000000210234a0,momoer,因为大家都知道我们这行不挣钱了[笑哭R]所以很多优秀学生都转去互联网实习了,0
68d8a6ce000000002301e51a,68d7b170000000001203fd24,,,,如此toxic的文化没人愿意去,49,0,上海,0,1759028942000,2025-09-28T11:09:02,61e57cf0000000000201ba41,鱼啊鱼啊鱼,如此toxic的文化没人愿意去,0
68d8982d000000000a00f508,68d7b170000000001203fd24,,,,给那么点钱，要求挑剔的不得了，随便找一个一周就能上手，投资没那么复杂,17,0,江苏,0,1759025197000,2025-09-28T10:06:37,675e674300000000180168bf,杨斓先生,给那么点钱，要求挑剔的不得了，随便找一个一周就能上手，投资没那么复杂,0
6900060b000000003803d8cb,68d7b170000000001203fd24,,,68db809e0000000039025e52,那实习生啥都能干啥都会为什么不来应聘你们社招？是喜欢一天一百的工资吗,4,0,上海,-2,1761609228000,2025-10-28T07:53:48,5d11f7ab0000000012013c80,momo,那实习生啥都能干啥都会为什么不来应聘你们社招？是喜欢一天一百的工资吗,0
68d802a8000000000b024586,68d7b170000000001203fd24,,,68d7f1f30000000001004ecc,PE是金融行业甲方机构，确实不需要培养人，直接从投行挖就好,54,0,北京,0,1758986920000,2025-09-27T23:28:40,5b4f87816b58b72b00facab8,Schredd,PE是金融行业甲方机构，确实不需要培养人，直接从投行挖就好,0
68d7ed4d0000000004012a47,68d7b170000000001203fd24,,,68d7db91000000000903be8a,没这么多,220,0,上海,0,1758981453000,2025-09-27T21:57:33,5f8b1542000000000101e314,kiuuu,没这么多,0
68d81c7c000000000801cf0b,68d7b170000000001203fd24,,,68d7e2e3000000001903f4a7,就爱校园招聘多招点实习生 实习生招10个说不定中一个大奖 就像从小盘股里买好几个便宜的希望出一个英伟达哈哈哈,135,0,美国,0,1758993533000,2025-09-28T01:18:53,5fe0a7660000000001008395,Braylon Yuan,就爱校园招聘多招点实习生 实习生招10个说不定中一个大奖 就像从小盘股里买好几个便宜的希望出一个英伟达哈哈哈,0
68d86c880000000002024057,68d7b170000000001203fd24,,,68d849a7000000000800f9f9,Positional embedding是吧[doge],13,0,上海,0,1759014024000,2025-09-28T07:00:24,62d1785400000000020024c1,念念不忘必有回响,Positional embedding是吧[doge],0
68e3d7190000000038027a88,68d7b170000000001203fd24,,,68d8d52c000000001903e8ab,哈哈哈哈笑喷了,3,0,江苏,0,1759762201000,2025-10-06T22:50:01,5bb1edf118e5970001bef4ff,猴年马月,哈哈哈哈笑喷了,0
68e8c26c000000003802f7b1,68d7b170000000001203fd24,,,68d7cdae000000000b02a79b,不挣钱也就算了，行业周期还短，稳定性和职业寿命甚至远不如互联网。,0,0,上海,0,1760084588000,2025-10-10T16:23:08,57965a9d6a6a691bc47b6ffa,wdfmph,不挣钱也就算了，行业周期还短，稳定性和职业寿命甚至远不如互联网。,0
68d8035a000000000902ac38,68d7b170000000001203fd24,,,,头部PE光清北+BB背景的还面不完呢，看啥985。。。只能说自己机构啥段位都不清楚，还非要招头部的实习生,29,0,北京,0,1758987098000,2025-09-27T23:31:38,5b4f87816b58b72b00facab8,Schredd,头部PE光清北+BB背景的还面不完呢，看啥985。。。只能说自己机构啥段位都不清楚，还非要招头部的实习生,0
68d94f8f000000000b02b26e,68d7b170000000001203fd24,,,,不培养就去招社招，社招你可以要求即插即用不好用淘汰。实习还要求有基础很好笑，无非就是想白嫖实习生的劳动力,74,0,湖南,0,1759072143000,2025-09-28T23:09:03,5d2227b200000000100033fb,PP,不培养就去招社招，社招你可以要求即插即用不好用淘汰。实习还要求有基础很好笑，无非就是想白嫖实习生的劳动力,0
68d8c2fe000000000801f9b4,68d7b170000000001203fd24,,,,属于是拿正式员工的要求来要求实习生了，贵司从投行挖人也给一天150的价吗[吃瓜R],58,0,江苏,0,1759036158000,2025-09-28T13:09:18,65d2f6a2000000000503211a,公考小Y,属于是拿正式员工的要求来要求实习生了，贵司从投行挖人也给一天150的价吗[吃瓜R],0
68d7ed94000000001a024e40,68d7b170000000001203fd24,,,,“实习生”中的“习”说明他们是来学习东西的，不是直接能用的，想直接用招正式员工呗,105,0,美国,0,1758981525000,2025-09-27T21:58:45,54e4af07e77989466a86fd9d,Dannielle,“实习生”中的“习”说明他们是来学习东西的，不是直接能用的，想直接用招正式员工呗,0
68e343190000000039030968,68d7b170000000001203fd24,,,,起号是有了，但户口本呢？[偷笑R],5,0,北京,0,1759724314000,2025-10-06T12:18:34,5fccba6500000000010003c5,枫燃,起号是有了，但户口本呢？[偷笑R],0
68d80691000000001a02c21c,68d7b170000000001203fd24,,,,要求高的岗位就别找实习生啦,10,0,福建,0,1758987922000,2025-09-27T23:45:22,6018f7850000000001008c97,MoMoi,要求高的岗位就别找实习生啦,0
68d8c4c8000000001a025030,68d7b170000000001203fd24,,,,薪资和福利是实习生水平的，要求是正式员工水平的,19,0,福建,0,1759036617000,2025-09-28T13:16:57,61284fe80000000001000639,momo,薪资和福利是实习生水平的，要求是正式员工水平的,0
68e016b2000000003902a34b,68d7b170000000001203fd24,,,,一样，不是头部但是简历也都很漂亮，面试问买一栋楼怎么影响三张表答不上来[笑哭R],1,0,荷兰,0,1759516339000,2025-10-04T02:32:19,60a396ab0000000001009752,Bryan,一样，不是头部但是简历也都很漂亮，面试问买一栋楼怎么影响三张表答不上来[笑哭R],0
68e34429000000003901e3d4,68d7b170000000001203fd24,,,,补充一个互联网里面腰部大厂的实习薪资：对商科来说门槛较低的产品还有数分，大概硕士的话一天实习300块，本科大概250；如果是技术类的研发算法的话，大概能到400一天，特招那种博士来合作研究课题的，单独谈，上不封顶[偷笑R],5,0,北京,0,1759724585000,2025-10-06T12:23:05,5fccba6500000000010003c5,枫燃,补充一个互联网里面腰部大厂的实习薪资：对商科来说门槛较低的产品还有数分，大概硕士的话一天实习300块，本科大概250；如果是技术类的研发算法的话，大概能到400一天，特招那种博士来合作研究课题的，单独谈，上不封顶[偷笑R],0
68d92149000000001903aacb,68d7b170000000001203fd24,,,,海选,0,0,江苏,0,1759060297000,2025-09-28T19:51:37,67867c02000000000803c228,火花,海选,0
68dd16990000000038031ee8,68d7b170000000001203fd24,,,,行业分析行、财务行也不影响最后退不出啊，那么问题在哪,1,0,上海,0,1759319705000,2025-10-01T19:55:05,5ef8c5ab000000000101c5f3,Edward,行业分析行、财务行也不影响最后退不出啊，那么问题在哪,0
68d94b9c000000001a025a07,68d7b170000000001203fd24,,,,买香蕉的钱只能请来猴子,13,0,北京,0,1759071132000,2025-09-28T22:52:12,62c6ca50000000000303d92d,是小麻鸭,买香蕉的钱只能请来猴子,0
68d8002b000000000b014f6c,68d7b170000000001203fd24,,,,说到底招到的都是只看到行业的光环，而不一定真的喜欢做这一行的人，如果真的喜欢做这一行，里面提到的很多候选人的问题都不存在。自驱力会胜过一切！,3,0,浙江,0,1758986283000,2025-09-27T23:18:03,5ff9b1d3000000000100b38d,天地为何物,说到底招到的都是只看到行业的光环，而不一定真的喜欢做这一行的人，如果真的喜欢做这一行，里面提到的很多候选人的问题都不存在。自驱力会胜过一切！,0
68d7f4f1000000001a0253d8,68d7b170000000001203fd24,,,,又想起了当年雪湖月薪六万的实习生，现在人都撤出大陆了,5,0,上海,0,1758983410000,2025-09-27T22:30:10,5ec5cce30000000001006a94,Capital J,又想起了当年雪湖月薪六万的实习生，现在人都撤出大陆了,0
68d82686000000001903892a,68d7b170000000001203fd24,,,,hh么,0,0,美国,0,1758996102000,2025-09-28T02:01:42,5c9b12ba000000001203c991,Yan,hh么,0
68dd78e60000000033021757,68d7b170000000001203fd24,,,,35+有经验的你们又嫌不够牛马了,7,0,广东,0,1759344871000,2025-10-02T02:54:31,650ac14100000000160385b3,ᅠᅠᅠ,35+有经验的你们又嫌不够牛马了,0
68e88af0000000003802a0e5,68d7b170000000001203fd24,,,,@Skye 能力,0,0,天津,0,1760070384000,2025-10-10T12:26:24,64d596680000000001032509,陳墨的咸鱼,@Skye 能力,0
68d7bb64000000001a02c605,68d7b170000000001203fd24,,,,主要现在吸引力降低了，学生中的顶级人才不来了[笑哭R],47,3,上海,-2,1758968676000,2025-09-27T18:24:36,603894f60000000001008829,brokeboyE,主要现在吸引力降低了，学生中的顶级人才不来了[笑哭R],0
68d7d4b3000000000200070b,68d7b170000000001203fd24,,,,“PE向来是不培养人，只筛选人”  说什么呢，那现在谁在培养人呢？之所以来打苦工，不就是来培养的吗，不然打苦工干嘛？,27,2,浙江,-2,1758975155000,2025-09-27T20:12:35,62a756a8000000001902a5e9,柔情的黑,“PE向来是不培养人，只筛选人” 说什么呢，那现在谁在培养人呢？之所以来打苦工，不就是来培养的吗，不然打苦工干嘛？,0
68d7bc58000000000800c36a,68d7b170000000001203fd24,,,,没前途的工作谁干[偷笑R],14,0,中国香港,-2,1758968921000,2025-09-27T18:28:41,67047495000000001d0304ab,Hi,没前途的工作谁干[偷笑R],0
68d7bbc4000000000800e0f4,68d7b170000000001203fd24,,,68d7bb64000000001a02c605,正解 好多去互联网了,11,0,广西,0,1758968772000,2025-09-27T18:26:12,6470415a000000000f004ece,鼠鼠请上岸,正解 好多去互联网了,0
68d7d91c00000000010059f4,68d7b170000000001203fd24,,,68d7d4b3000000000200070b,为什么pe喜欢从投行社招就是这个道理,1,0,浙江,0,1758976284000,2025-09-27T20:31:24,617f860f000000001f03f0ca,商科小状元,为什么pe喜欢从投行社招就是这个道理,0
68d8122d000000001a032ca3,68d7b170000000001203fd24,,,,一级都这么惨了还在高贵啥[笑哭R],10,0,美国,-2,1758990894000,2025-09-28T00:34:54,612ca2700000000001000e14,不想熬夜,一级都这么惨了还在高贵啥[笑哭R],0
68d8b185000000001903ec30,68d7b170000000001203fd24,,,,别尬黑我们pe！你这啥朋友啊，是正经pe吗？pe很少给实习生上强度，我们从来都是用正式的an，asso，毕竟我们这不是ib不是一锤子买卖收取中介费，我们的实习生一般都是业界大佬们的小孩儿来这里学习一下的好吧，哪有你说的这么夸张好像我们压榨免费劳动力似的...[捂脸R],9,0,广东,-2,1759031686000,2025-09-28T11:54:46,5b4aa63311be1005c29489eb,David妈妈要加油,别尬黑我们pe！你这啥朋友啊，是正经pe吗？pe很少给实习生上强度，我们从来都是用正式的an，asso，毕竟我们这不是ib不是一锤子买卖收取中介费，我们的实习生一般都是业界大佬们的小孩儿来这里学习一下的好吧，哪有你说的这么夸张好像我们压榨免费劳动力似的...[捂脸R],0
68d90bd9000000001a0325de,68d7b170000000001203fd24,,,,说你妈呢，一问一天一百块，什么价格做什么事[石化R],8,0,广东,-2,1759054810000,2025-09-28T18:20:10,65a4a9d4000000000302444a,10987,说你妈呢，一问一天一百块，什么价格做什么事[石化R],0
68d8e7f2000000001903cbcf,68d7b170000000001203fd24,,,,看现在毕业生多，把你们给惯的,8,0,上海,-2,1759045619000,2025-09-28T15:46:59,5d25ee9400000000120087ee,日出东方 好运相随,看现在毕业生多，把你们给惯的,0
68d8086f0000000001000f9b,68d7b170000000001203fd24,,,,笑死了实习生p事这么多能干活不就行了,8,0,美国,-2,1758988399000,2025-09-27T23:53:19,5ba1273329605b0001fdacc0,樱桃大球子,笑死了实习生p事这么多能干活不就行了,0
68d93ef700000000010139cb,68d7b170000000001203fd24,,,,掌印太监别把自己当皇上，送你一句话，认清自己的地位[大笑R],7,0,新加坡,-2,1759067895000,2025-09-28T21:58:15,65ea85b3000000000500e4e9,pinky,掌印太监别把自己当皇上，送你一句话，认清自己的地位[大笑R],0
68d93fcf00000000010058f4,68d7b170000000001203fd24,,,,财务基础不solid。。。扎实两个字是手机输入法不支持吗？ 你应该反思下你给的money不够more[失望R],6,0,西班牙,-2,1759068112000,2025-09-28T22:01:52,5a5a3c09e8ac2b19baefaf76,simon,财务基础不solid。。。扎实两个字是手机输入法不支持吗？ 你应该反思下你给的money不够more[失望R],0
68d87212000000000b02b4b2,68d7b170000000001203fd24,,,,国内PE啊？差点就被你装到了 问问自己退出了多少 还有工资发没,5,0,美国,-2,1759015443000,2025-09-28T07:24:03,5827e0f950c4b441674db77a,小红薯124BOA23,国内PE啊？差点就被你装到了 问问自己退出了多少 还有工资发没,0
68df64560000000038025262,68d7b170000000001203fd24,,,,照照镜子，咱们行业都惨成啥样了，都还想着这些有毒的文化。正式岗位又不招，抽奖都没机会，谁来给你实习....还搁这高贵呢，比得上隔壁互联网吗,4,0,湖北,-2,1759470679000,2025-10-03T13:51:19,5e2c50b1000000000100bd4a,Jerry,照照镜子，咱们行业都惨成啥样了，都还想着这些有毒的文化。正式岗位又不招，抽奖都没机会，谁来给你实习....还搁这高贵呢，比得上隔壁互联网吗,0
68e071d50000000037025aae,68d7b170000000001203fd24,,,,就你们那点intern工资还要什么自行车啊[汗颜R]也就是如今本科毕业生供过于求才让你们有了挑拣的机会,2,0,河南,-2,1759539669000,2025-10-04T09:01:09,563f0e18b7ba224a639186ac,虐女作者不准在女频,就你们那点intern工资还要什么自行车啊[汗颜R]也就是如今本科毕业生供过于求才让你们有了挑拣的机会,0
68e8c34f000000003900590c,68d7b170000000001203fd24,,,,这行业现在堕落成这德性了[笑哭R]。,1,0,上海,-2,1760084816000,2025-10-10T16:26:56,57965a9d6a6a691bc47b6ffa,wdfmph,这行业现在堕落成这德性了[笑哭R]。,0
68e8c0eb0000000038015550,68d7b170000000001203fd24,,,,不培养人，只筛选人可以理解。但请走社招。你要拿来就立刻好用，那你从一堆一天100-300块的学生里捞什么?,1,0,上海,-2,1760084203000,2025-10-10T16:16:43,57965a9d6a6a691bc47b6ffa,wdfmph,不培养人，只筛选人可以理解。但请走社招。你要拿来就立刻好用，那你从一堆一天100-300块的学生里捞什么?,0
68e343460000000039027ecd,68d7b170000000001203fd24,,,,你这头部PE搞到最后居然还得让从业人员上网卖课赚吆喝，你这也不够头部啊[偷笑R][偷笑R],0,0,北京,-2,1759724359000,2025-10-06T12:19:19,5fccba6500000000010003c5,枫燃,你这头部PE搞到最后居然还得让从业人员上网卖课赚吆喝，你这也不够头部啊[偷笑R][偷笑R],0
68dbf2a9000000003901db84,68d7b170000000001203fd24,,,,不是我就没太懂，那些说实习工资低的，你们是为了赚钱才去实习吗？难道不是为了把某b某k某t某w写在你简历里然后去拿hk的bbib的offer吗？你要是都有top985的实力了，你完全可以把业余时间拿去做家教，赚的肯定比你去任何地方实习都多呀。,1,0,澳大利亚,-2,1759244970000,2025-09-30T23:09:30,56197c5541a2b3234adfe6b2,沃来溪霹雳马,不是我就没太懂，那些说实习工资低的，你们是为了赚钱才去实习吗？难道不是为了把某b某k某t某w写在你简历里然后去拿hk的bbib的offer吗？你要是都有top985的实力了，你完全可以把业余时间拿去做家教，赚的肯定比你去任何地方实习都多呀。,0
68dbe88c000000003800f354,68d7b170000000001203fd24,,,,笔试搭dcf说不定还可以用我们的产品[偷笑R],0,0,上海,-2,1759242380000,2025-09-30T22:26:20,659a55e7000000001f012ed0,飞小猫AI助手,笔试搭dcf说不定还可以用我们的产品[偷笑R],0
68e1339a0000000033007569,68d7b170000000001203fd24,,,,@我都要離去不留戀到八時 [捂嘴笑R],0,0,江苏,-2,1759589275000,2025-10-04T22:47:55,60e470e4000000000101d702,香烤坚果拿铁,@我都要離去不留戀到八時 [捂嘴笑R],0
666fdec3000000002101dccd,65e589840000000001029058,,,,请问立项报告，尽调报告和投资建议书还有投决报告有什么区别呀,0,2,浙江,0,1718607556000,2024-06-17T14:59:16,5f6ecce1000000000101c13d,Nefelibata,请问立项报告，尽调报告和投资建议书还有投决报告有什么区别呀,0
6605a0b8000000001902f1e5,65e589840000000001029058,,,,写得好棒，期待更新[大笑R],0,1,北京,0,1711644856000,2024-03-29T00:54:16,5f6627db000000000100248d,Kuromoiio,写得好棒，期待更新[大笑R],0
65e5a87d000000000c02689e,65e589840000000001029058,,,,想问一下尽调报告有可能是由第三方出具嘛，因为实习中发现接触的尽调报告都是专门的审计机构和律所出具的，好像不用公司自己写,3,2,北京,0,1709549693000,2024-03-04T18:54:53,5ff6ebc0000000000101cf68,Miraitowa,想问一下尽调报告有可能是由第三方出具嘛，因为实习中发现接触的尽调报告都是专门的审计机构和律所出具的，好像不用公司自己写,0
65e596fa00000000040350b9,65e589840000000001029058,,,,写的真好，期待能把里面细节写的更细，新人想看[微笑R],0,1,浙江,0,1709545210000,2024-03-04T17:40:10,609fe6e00000000001000a6f,涅瓦河畔的城市,写的真好，期待能把里面细节写的更细，新人想看[微笑R],0
685530650000000020031674,65e589840000000001029058,,,,实习生要动手分析吗？感觉这些内容都还挺重要的，我以为不会让实习生干[捂脸R]请问您对未了解过这方面的实习生有什么建议吗🥺从哪里开始入手比较好呢？已经包括医药新能源这些热点，商科生有哪些了解方向呢？,0,1,上海,0,1750413414000,2025-06-20T17:56:54,6667ec680000000003030904,极目楚天舒碧河,实习生要动手分析吗？感觉这些内容都还挺重要的，我以为不会让实习生干[捂脸R]请问您对未了解过这方面的实习生有什么建议吗🥺从哪里开始入手比较好呢？已经包括医药新能源这些热点，商科生有哪些了解方向呢？,0
65e5980c0000000004028b64,65e589840000000001029058,,,,写的真好，期待能把里面细节写的更细，新人想看[微笑R],1,1,广东,0,1709545484000,2024-03-04T17:44:44,5c0ca4dff7e8b949cfec9dad,吃巧克力派吗,写的真好，期待能把里面细节写的更细，新人想看[微笑R],0
66bf1bab000000000f006f73,65e589840000000001029058,,,,DD是啥,0,0,江苏,3,1723800492000,2024-08-16T17:28:12,652d79d7000000000200f7db,Steph,DD是啥,0
65e5a7310000000004037e34,65e589840000000001029058,,,,写的真好，期待能把里面细节写的更细，新人想看[微笑R],1,0,浙江,0,1709549361000,2024-03-04T18:49:21,5b4418b9e8ac2b1dd9d3643f,别看啦！,写的真好，期待能把里面细节写的更细，新人想看[微笑R],0
65e92ada000000000402b0fb,65e589840000000001029058,,,,写的真好，期待能把里面细节写的更细，新人想看[微笑R]多谢爱看,3,1,北京,0,1709779674000,2024-03-07T10:47:54,5c07f19400000000070151ac,福楼拜的小鹦鹉,写的真好，期待能把里面细节写的更细，新人想看[微笑R]多谢爱看,0
674eeae5000000000c024281,65e589840000000001029058,,,,想问一下证券投资部的投资助理也是得写立项报告和尽职调查吗？,1,0,贵州,0,1733225189000,2024-12-03T19:26:29,65eda383000000000500bdec,小猪起飞,想问一下证券投资部的投资助理也是得写立项报告和尽职调查吗？,0
666fdecd000000002101e29c,65e589840000000001029058,,,666fdec3000000002101dccd,后面两个是一个东西吗,0,0,浙江,0,1718607566000,2024-06-17T14:59:26,5f6ecce1000000000101c13d,Nefelibata,后面两个是一个东西吗,0
6605a38a00000000050005cf,65e589840000000001029058,,,6605a0b8000000001902f1e5,哈哈哈哈好哦,0,0,浙江,0,1711645578000,2024-03-29T01:06:18,5bc3613ca6d7650001317ba4,暖墟,哈哈哈哈好哦,0
65e5f89c000000000402a4bc,65e589840000000001029058,,,65e5a87d000000000c02689e,哈哈哈哈哈现在确实很多机构都会请第三方做，但是那样的情况下也会有内审报告，内审报告要说服内部的投委的。像财务和法务大机构可能都会请第三方，然后业务尽调一般是团队自己做的[微笑R],2,0,浙江,0,1709570204000,2024-03-05T00:36:44,5bc3613ca6d7650001317ba4,暖墟,哈哈哈哈哈现在确实很多机构都会请第三方做，但是那样的情况下也会有内审报告，内审报告要说服内部的投委的。像财务和法务大机构可能都会请第三方，然后业务尽调一般是团队自己做的[微笑R],0
65e5f8b40000000004014d72,65e589840000000001029058,,,65e596fa00000000040350b9,[微笑R][微笑R][微笑R]以后慢慢写,0,0,浙江,0,1709570228000,2024-03-05T00:37:08,5bc3613ca6d7650001317ba4,暖墟,[微笑R][微笑R][微笑R]以后慢慢写,0
687edf06000000001901c4b9,65e589840000000001029058,,,685530650000000020031674,建议找公司内部过往的立项书学习框架，不会的问＋1,0,0,广东,0,1753145094000,2025-07-22T08:44:54,61acb95c0000000010004308,哎哎哎,建议找公司内部过往的立项书学习框架，不会的问＋1,0
65e5f8b70000000004014eaa,65e589840000000001029058,,,65e5980c0000000004028b64,[微笑R][微笑R][微笑R]以后慢慢写,0,0,浙江,0,1709570231000,2024-03-05T00:37:11,5bc3613ca6d7650001317ba4,暖墟,[微笑R][微笑R][微笑R]以后慢慢写,0
65e92da8000000000401794d,65e589840000000001029058,,,65e92ada000000000402b0fb,[色色R][色色R],0,0,浙江,0,1709780392000,2024-03-07T10:59:52,5bc3613ca6d7650001317ba4,暖墟,[色色R][色色R],0
66d961df000000000b02090f,65e589840000000001029058,,,,请问股权投资实习在校招的时候能投递的方向有哪些哇(感觉这种不太有校招hc[哭惹R][哭惹R]),1,0,四川,0,1725522400000,2024-09-05T15:46:40,6396e8240000000027035208,英子,请问股权投资实习在校招的时候能投递的方向有哪些哇(感觉这种不太有校招hc[哭惹R][哭惹R]),0
667bb311000000000d00fcd7,65e98d1b00000000030316a3,,,,请问信达资本怎么样呀（收到结构融资部的日常实习offer来着[蹲后续H][蹲后续H],1,1,北京,0,1719382801000,2024-06-26T14:20:01,62bd799d000000001b02a793,momo,请问信达资本怎么样呀（收到结构融资部的日常实习offer来着[蹲后续H][蹲后续H],0
6644f18a0000000002000e35,65e98d1b00000000030316a3,,,,兄弟，我现在也在一家国资pe实习，做的也是投研的工作。 但我现在每天的工作内容就是写会议纪要，一篇接一篇，无休止的写。并且吧，会议纪要中公司所处的行业也不一样，有AI+落地场景相关的，有低空经济相关的，有半导体，有量子点等等，总之就是涉及很多行业但每一个行业都研究的不深。所以现在就是很苦恼，在这边实习一个多月了，感觉没有学到真东西，每天只在写会议纪要，但对一个具体行业又没有细致了解。 请问这种情况下，该怎么办呀？,9,1,北京,0,1715794314000,2024-05-16T01:31:54,65193b8e00000000240153fd,momo-工作版,兄弟，我现在也在一家国资pe实习，做的也是投研的工作。 但我现在每天的工作内容就是写会议纪要，一篇接一篇，无休止的写。并且吧，会议纪要中公司所处的行业也不一样，有AI+落地场景相关的，有低空经济相关的，有半导体，有量子点等等，总之就是涉及很多行业但每一个行业都研究的不深。所以现在就是很苦恼，在这边实习一个多月了，感觉没有学到真东西，每天只在写会议纪要，但对一个具体行业又没有细致了解。 请问这种情况下，该怎么办呀？,0
65ebca000000000006027f29,65e98d1b00000000030316a3,,,,请问这种国企PE实习在实习僧上具体岗位名称是啥呀,4,2,湖北,0,1709951489000,2024-03-09T10:31:29,5d00486d00000000180032cc,快乐游,请问这种国企PE实习在实习僧上具体岗位名称是啥呀,0
65e996cd000000000c024c8e,65e98d1b00000000030316a3,,,,请问像这种国企投资类的实习在哪找比较好呀,1,4,上海,0,1709807309000,2024-03-07T18:28:29,6331c017000000002303b869,4nn,请问像这种国企投资类的实习在哪找比较好呀,0
68264188000000001c03217f,65e98d1b00000000030316a3,,,,你好呀，请问现在回看的话，觉得国资pe实习值得去吗[哭惹R]因为我也收到了一个实习offer，在考虑去不去[哭惹R]害怕学不到东西/秋招被市场化单位质疑去国央企实习[哭惹R],0,1,中国香港,0,1747337608000,2025-05-16T03:33:28,678f2c4d000000000d00b09f,info,你好呀，请问现在回看的话，觉得国资pe实习值得去吗[哭惹R]因为我也收到了一个实习offer，在考虑去不去[哭惹R]害怕学不到东西/秋招被市场化单位质疑去国央企实习[哭惹R],0
675451870000000007007dc4,65e98d1b00000000030316a3,,,,天啊，这就是梦想中的实习,0,1,江苏,0,1733579144000,2024-12-07T21:45:44,5f2f54050000000001004022,树懒,天啊，这就是梦想中的实习,0
65e9f49f0000000004036e00,65e98d1b00000000030316a3,,,,请问是哪家呀[doge],1,1,广东,0,1709831327000,2024-03-08T01:08:47,611d200a0000000001001fda,momo,请问是哪家呀[doge],0
65eb4625000000000200f8a2,65e98d1b00000000030316a3,,,,国资pe比起市场化机构真算得上养老院了，怀念[哭惹R],7,1,北京,0,1709917733000,2024-03-09T01:08:53,6101690b0000000001003552,momo,国资pe比起市场化机构真算得上养老院了，怀念[哭惹R],0
65e9d7db0000000004016da1,65e98d1b00000000030316a3,,,,开工红包这么大，我十几个红包加起来才有你两张这么的钱多,0,1,广东,0,1709823963000,2024-03-07T23:06:03,5fd5ad3400000000010038ad,Richardiss,开工红包这么大，我十几个红包加起来才有你两张这么的钱多,0
689056c6000000002902fc98,65e98d1b00000000030316a3,,,,您好，请问姐姐这段实习实习了多久呢？同在国资pe实习，但是工作内容都是会议纪要，想要混个title，不确定要坚持多久[哭惹R],1,0,广东,0,1754289863000,2025-08-04T14:44:23,5f656518000000000101f990,馄饨不是云吞,您好，请问姐姐这段实习实习了多久呢？同在国资pe实习，但是工作内容都是会议纪要，想要混个title，不确定要坚持多久[哭惹R],0
680ddba30000000012020d35,65e98d1b00000000030316a3,,,667bb311000000000d00fcd7,想问下这个日常实习在哪里投呀,0,0,浙江,0,1745738660000,2025-04-27T15:24:20,5c836675000000001603aafd,aeri酱是我老婆,想问下这个日常实习在哪里投呀,0
6645629d000000001002aac2,65e98d1b00000000030316a3,,,6644f18a0000000002000e35,看你的实习目的咯。如果是为了踏踏实实学东西，那可以换一份更扎实有含金量的。如果只是为了有段实习经历（需要实习证明之类的），或者目前处在比较繁忙的阶段（投秋招，暑期等等），那呆着起码是段履历。,7,0,北京,0,1715823261000,2024-05-16T09:34:21,61f61900000000000202746f,雪格奥📒,看你的实习目的咯。如果是为了踏踏实实学东西，那可以换一份更扎实有含金量的。如果只是为了有段实习经历（需要实习证明之类的），或者目前处在比较繁忙的阶段（投秋招，暑期等等），那呆着起码是段履历。,0
65ec71230000000004034d20,65e98d1b00000000030316a3,,,65ebca000000000006027f29,私募股权投资部,8,0,广东,0,1709994275000,2024-03-09T22:24:35,61f61900000000000202746f,雪格奥📒,私募股权投资部,0
65e99bf900000000040352cc,65e98d1b00000000030316a3,,,65e996cd000000000c024c8e,有国资小新这种专业的公众号吧。不过可能确实比较少，我是在sxs上投的,1,0,广东,0,1709808633000,2024-03-07T18:50:33,61f61900000000000202746f,雪格奥📒,有国资小新这种专业的公众号吧。不过可能确实比较少，我是在sxs上投的,0
6937951b0000000038030256,65e98d1b00000000030316a3,,,68264188000000001c03217f,pe能学到的东西都挺多的,0,0,福建,0,1765250332000,2025-12-09T11:18:52,5f44c35e000000000100becb,祈.,pe能学到的东西都挺多的,0
675452150000000007003ce3,65e98d1b00000000030316a3,,,675451870000000007007dc4,不用想着留任，就给自己一个体制外的工作体验，然后安心考公。,1,0,江苏,0,1733579286000,2024-12-07T21:48:06,5f2f54050000000001004022,树懒,不用想着留任，就给自己一个体制外的工作体验，然后安心考公。,0
65eb17ad000000000200d3f4,65e98d1b00000000030316a3,,,65e9f49f0000000004036e00,我蹲蹲,0,0,北京,3,1709905837000,2024-03-08T21:50:37,6082a7e1000000000100a0a6,乐意栗🌰,我蹲蹲,0
65ed15e000000000040344be,65e98d1b00000000030316a3,,,65eb4625000000000200f8a2,真的是[哭惹R],0,0,广东,0,1710036448000,2024-03-10T10:07:28,61f61900000000000202746f,雪格奥📒,真的是[哭惹R],0
65ea54da0000000004034e08,65e98d1b00000000030316a3,,,65e9d7db0000000004016da1,[害羞R],0,0,广东,0,1709855962000,2024-03-08T07:59:22,61f61900000000000202746f,雪格奥📒,[害羞R],0
668640d70000000018028758,65e98d1b00000000030316a3,,,,同国企pe实习，餐盘一样[捂脸R],0,0,山东,0,1720074456000,2024-07-04T14:27:36,6295d321000000002102070c,momo六,同国企pe实习，餐盘一样[捂脸R],0
65eca6950000000006026ef9,65e98d1b00000000030316a3,,,,你好uu，能不能看一下我笔记第一篇，所以这个情况是正常的对吧[哭惹R],0,0,北京,0,1710007957000,2024-03-10T02:12:37,63ca98cd0000000026005b1e,风平浪静,你好uu，能不能看一下我笔记第一篇，所以这个情况是正常的对吧[哭惹R],0
65e9bd880000000004017926,65e98d1b00000000030316a3,,,,想问下当时面试问什么了？,0,0,北京,0,1709817224000,2024-03-07T21:13:44,5bdd8b996ac71800016aeeb0,ohhoo,想问下当时面试问什么了？,0
66644ba0000000001c02740f,65e98d1b00000000030316a3,,,,@一颗橘 涂鸦版 别认识我,0,0,四川,0,1717848992000,2024-06-08T20:16:32,65235aab000000002a019d41,peach cobbler,@一颗橘 涂鸦版 别认识我,0
692656cb000000001403f840,6926542c000000001e00b0b0,,,,国企央企银行企业其实也没那么看重实习经历…要看你具体想去什么细分赛道，比如去投行有投行实习、去研究有研究实习,15,7,广东,0,1764120267000,2025-11-26T09:24:27,5c1393a57979810001b5c49a,哈基米嗡嗡嗡,国企央企银行企业其实也没那么看重实习经历…要看你具体想去什么细分赛道，比如去投行有投行实习、去研究有研究实习,0
69275670000000001403fcb5,6926542c000000001e00b0b0,,,,去国央企银行是不是不太看实习哇…,0,1,英国,0,1764185712000,2025-11-27T03:35:12,6242882000000000020247aa,果酱乌龙茶🍃,去国央企银行是不是不太看实习哇…,0
693556e1000000003800cef6,6926542c000000001e00b0b0,,,,2为什么啊……感觉是有点怪,2,1,湖北,0,1765103330000,2025-12-07T18:28:50,5af8475d11be101c1e00b5ca,洋鸟消夏录,2为什么啊……感觉是有点怪,0
692c6931000000001702fff6,6926542c000000001e00b0b0,,,,个人感觉 主包要找到自己真正喜欢的工作内容 然后好好做一段实习去深耕 让那段经历成为你简历上可以大写特写回答起来也特别有热情和自信的经历,12,1,上海,0,1764518194000,2025-11-30T23:56:34,65c193fb000000001101892f,日在丙子,个人感觉 主包要找到自己真正喜欢的工作内容 然后好好做一段实习去深耕 让那段经历成为你简历上可以大写特写回答起来也特别有热情和自信的经历,0
693fdca0000000001601fe43,6926542c000000001e00b0b0,,,,求问pe和战投的实习怎么找啊，感觉没有行研只有ibd经验根本找不到[哭惹R],1,1,北京,0,1765792929000,2025-12-15T18:02:09,6516ca9600000000240148a5,小红薯6516F66A,求问pe和战投的实习怎么找啊，感觉没有行研只有ibd经验根本找不到[哭惹R],0
6943d1e60000000038014670,6926542c000000001e00b0b0,,,,找数据不是基操吗[微笑R],1,0,广东,0,1766052327000,2025-12-18T18:05:27,5cf7ad32000000001802e539,momo,找数据不是基操吗[微笑R],0
6926a2ac0000000038011ce1,6926542c000000001e00b0b0,,,,互联网战略怎么投哎,0,0,浙江,0,1764139692000,2025-11-26T14:48:12,630077ad0000000012002bc7,Razum,互联网战略怎么投哎,0
692658c0000000001d01d30f,6926542c000000001e00b0b0,,,,现在也不留用吧 不行就混着算了,2,0,天津,0,1764120769000,2025-11-26T09:32:49,5f2d50a80000000001000c95,rr,现在也不留用吧 不行就混着算了,0
69265f5a000000000601ad6b,6926542c000000001e00b0b0,,,,没项目的pe不要去 脏简历,6,0,新加坡,0,1764122459000,2025-11-26T10:00:59,64ac95ac000000000b01628c,Lexie,没项目的pe不要去 脏简历,0
69265f5d00000000140354a3,6926542c000000001e00b0b0,,,,要多沟通，有问题就反馈，再反馈，不要卡住了[笑哭R],2,0,四川,0,1764122462000,2025-11-26T10:01:02,5df60c7c0000000001001b51,ME,要多沟通，有问题就反馈，再反馈，不要卡住了[笑哭R],0
6926ee82000000000e036011,6926542c000000001e00b0b0,,,692656cb000000001403f840,投行和研究所不都是市场化嘛 那如果投银行的话应该做啥实习呢[萌萌哒R],0,0,北京,0,1764159107000,2025-11-26T20:11:47,5b6f86c8f7e8b968a33fb40f,-璃。,投行和研究所不都是市场化嘛 那如果投银行的话应该做啥实习呢[萌萌哒R],0
692756e0000000001403fef6,6926542c000000001e00b0b0,,,69275670000000001403fcb5,以及我觉得行研做的认真的话还挺锻炼人的（可能也看带教） 可以选自己感兴趣的组 做起来会比较有意思,0,0,英国,0,1764185825000,2025-11-27T03:37:05,6242882000000000020247aa,果酱乌龙茶🍃,以及我觉得行研做的认真的话还挺锻炼人的（可能也看带教） 可以选自己感兴趣的组 做起来会比较有意思,0
6937793f000000001403f518,6926542c000000001e00b0b0,,,693556e1000000003800cef6,工作内容2还是困惑点2[笑哭R],0,0,北京,0,1765243200000,2025-12-09T09:20:00,5b6f86c8f7e8b968a33fb40f,-璃。,工作内容2还是困惑点2[笑哭R],0
692c69500000000016026ec0,6926542c000000001e00b0b0,,,692c6931000000001702fff6,自觉自己也踩了类似的坑 工作后才有所领悟,2,0,上海,0,1764518224000,2025-11-30T23:57:04,65c193fb000000001101892f,日在丙子,自觉自己也踩了类似的坑 工作后才有所领悟,0
693fdce2000000001d025eff,6926542c000000001e00b0b0,,,693fdca0000000001601fe43,感觉最近pe的jd还蛮多的哎,0,0,北京,0,1765792995000,2025-12-15T18:03:15,5b6f86c8f7e8b968a33fb40f,-璃。,感觉最近pe的jd还蛮多的哎,0
69266083000000003803d12a,6926542c000000001e00b0b0,,,,央国企和银行做啥市场化实习[笑哭R]  到时候又质疑你求职动机了,8,2,上海,-2,1764122755000,2025-11-26T10:05:55,62ceabf40000000002000e20,momo,央国企和银行做啥市场化实习[笑哭R] 到时候又质疑你求职动机了,0
693856f2000000001d01fb38,6926542c000000001e00b0b0,,,69266083000000003803d12a,那请问应该做什么实习呢[哭惹R],0,0,江苏,0,1765299955000,2025-12-10T01:05:55,62a1f28a0000000021025e03,企鹅cc,那请问应该做什么实习呢[哭惹R],0
65d89f34000000000c026e2f,65d6091400000000070078c9,,,,三个月可能还没入门哈哈哈，我个人计较喜欢实习4个月以上[哇R],0,3,福建,0,1708695348000,2024-02-23T21:35:48,62f22a71000000001f016043,帝都翘课王,三个月可能还没入门哈哈哈，我个人计较喜欢实习4个月以上[哇R],0
65d638b5000000000d00c4d0,65d6091400000000070078c9,,,,面试300+实习生[笑哭R],1,1,北京,0,1708538037000,2024-02-22T01:53:57,64f43561000000000402493f,饽饽消费零售观察,面试300+实习生[笑哭R],0
65ddd6e1000000000d00c553,65d6091400000000070078c9,,,,之前面实习生 都五六份大公司的实习 不知道咋刷的 震惊➕佩服,0,1,北京,0,1709037281000,2024-02-27T20:34:41,5fb5d76c0000000001001a1c,zzzzz,之前面实习生 都五六份大公司的实习 不知道咋刷的 震惊➕佩服,0
65ddd2440000000004015b68,65d6091400000000070078c9,,,,哈哈什么不都是小朋友们只做三个月然后狂刷经验吗,0,1,北京,0,1709036100000,2024-02-27T20:15:00,555de9e0b7ba22407e4b6b68,sine,哈哈什么不都是小朋友们只做三个月然后狂刷经验吗,0
65d76b6a000000000d00c1ae,65d6091400000000070078c9,,,,为何最多做三个月就走呢,0,1,北京,0,1708616554000,2024-02-22T23:42:34,587f3d6b6a6a69087f1f67eb,一只毒妇,为何最多做三个月就走呢,0
65d8abf20000000003004c68,65d6091400000000070078c9,,,65d89f34000000000c026e2f,是的呀 我喜欢6个月以上的,2,0,广东,0,1708698610000,2024-02-23T22:30:10,598bb25733594a5b49704eb4,W学长聊求职,是的呀 我喜欢6个月以上的,0
665c71b6000000000e033665,65d6091400000000070078c9,,,65d638b5000000000d00c4d0,算少了？现在忙起来都没时间面了,1,0,广东,0,1717334455000,2024-06-02T21:20:55,598bb25733594a5b49704eb4,W学长聊求职,算少了？现在忙起来都没时间面了,0
65ddd7b90000000004029ba2,65d6091400000000070078c9,,,65ddd6e1000000000d00c553,刷的不一定就厉害 我的学弟学妹也有第一份就cicc的,1,0,广东,0,1709037497000,2024-02-27T20:38:17,598bb25733594a5b49704eb4,W学长聊求职,刷的不一定就厉害 我的学弟学妹也有第一份就cicc的,0
65ddd792000000000402bfea,65d6091400000000070078c9,,,65ddd2440000000004015b68,都是过来人 我们肯定懂几斤几两嘛哈哈,1,0,广东,0,1709037458000,2024-02-27T20:37:38,598bb25733594a5b49704eb4,W学长聊求职,都是过来人 我们肯定懂几斤几两嘛哈哈,0
65d7d7d4000000000503a60c,65d6091400000000070078c9,,,65d76b6a000000000d00c1ae,目前部门规定实习期只能3个月呢 不知道后面会不会改,1,0,广东,0,1708644308000,2024-02-23T07:25:08,598bb25733594a5b49704eb4,W学长聊求职,目前部门规定实习期只能3个月呢 不知道后面会不会改,0
691477b2000000003902ce56,691476040000000007016fe3,,,,好久不发了不知道还会不会有人看到[爆炸R]看完的朋友来评个111,1,0,北京,4,1762949043000,2025-11-12T20:04:03,60eaec870000000001001f10,乔溪_flow,好久不发了不知道还会不会有人看到[爆炸R]看完的朋友来评个111,0
69147f9a000000003100017c,691476040000000007016fe3,,,,一级买虽工作内容不错，但hc太少了哈哈哈,0,4,北京,0,1762951066000,2025-11-12T20:37:46,5e5500b5000000000100ad8e,Cys💫,一级买虽工作内容不错，但hc太少了哈哈哈,0
69148fa4000000003901c908,691476040000000007016fe3,,,,好棒啊s老师[赞R],0,7,天津,0,1762955173000,2025-11-12T21:46:13,64b48c6a000000001001cb6a,风可以,好棒啊s老师[赞R],0
69147d4b0000000033020cf5,691476040000000007016fe3,,,,想蹲一个继任[害羞R][害羞R],0,3,四川,0,1762950476000,2025-11-12T20:27:56,5ef8606f000000000101d18a,Veronica🦄🦄,想蹲一个继任[害羞R][害羞R],0
691e0bf7000000000601b8c5,691476040000000007016fe3,,,,一买近年行情不好感觉主要还是IPO收紧后缺少了很好的退出路径,1,4,北京,0,1763576824000,2025-11-20T02:27:04,63c92dd9000000002501cc6d,不喝拿铁,一买近年行情不好感觉主要还是IPO收紧后缺少了很好的退出路径,0
69148aaa0000000039025f4f,691476040000000007016fe3,,,,姐姐好厉害[哇R],0,2,北京,0,1762953898000,2025-11-12T21:24:58,5b6f80a365e8cd0001ef9eaf,Feiio,姐姐好厉害[哇R],0
69148d2f0000000038017b49,691476040000000007016fe3,,,,111欢迎博主回归[doge],0,1,上海,0,1762954543000,2025-11-12T21:35:43,62b710e3000000001b029c63,Jack的生活日记,111欢迎博主回归[doge],0
69182bb000000000390205d8,691476040000000007016fe3,,,,会有最帅的人看到的111,0,1,天津,0,1763191728000,2025-11-15T15:28:48,6552f38a0000000008002b51,原子running,会有最帅的人看到的111,0
6914a94900000000330242c7,691476040000000007016fe3,,,,姐姐好牛[哇R],0,1,北京,0,1762961737000,2025-11-12T23:35:37,5b43565011be107303622658,旧梦浅眠,姐姐好牛[哇R],0
69147d3700000000330206c3,691476040000000007016fe3,,,,好厉害！,1,0,四川,0,1762950455000,2025-11-12T20:27:35,5ef8606f000000000101d18a,Veronica🦄🦄,好厉害！,0
69148114000000003902e813,691476040000000007016fe3,,,69147f9a000000003100017c,姐姐好牛！一级买一直hc很少还是市场不好才这样啊,0,0,北京,0,1762951445000,2025-11-12T20:44:05,60eaec870000000001001f10,乔溪_flow,姐姐好牛！一级买一直hc很少还是市场不好才这样啊,0
691497060000000039030062,691476040000000007016fe3,,,69148fa4000000003901c908,挺文艺,0,0,北京,0,1762957063000,2025-11-12T22:17:43,60eaec870000000001001f10,乔溪_flow,挺文艺,0
69147e61000000003901d559,691476040000000007016fe3,,,69147d4b0000000033020cf5,欢迎来看！但我这个没有继任jd都是官网投，可以多去公众号看看投递机会💗,0,0,北京,0,1762950754000,2025-11-12T20:32:34,60eaec870000000001001f10,乔溪_flow,欢迎来看！但我这个没有继任jd都是官网投，可以多去公众号看看投递机会💗,0
691f102f0000000031033a30,691476040000000007016fe3,,,691e0bf7000000000601b8c5,收紧了就很难变回去了[哭惹R],0,0,北京,0,1763643439000,2025-11-20T20:57:19,60eaec870000000001001f10,乔溪_flow,收紧了就很难变回去了[哭惹R],0
69148bf00000000039027a3a,691476040000000007016fe3,,,69148aaa0000000039025f4f,什么,0,0,北京,0,1762954224000,2025-11-12T21:30:24,60eaec870000000001001f10,乔溪_flow,什么,0
691496e4000000003902ccb6,691476040000000007016fe3,,,69148d2f0000000038017b49,#沉淀,1,0,北京,0,1762957028000,2025-11-12T22:17:08,60eaec870000000001001f10,乔溪_flow,#沉淀,0
69188797000000003200063f,691476040000000007016fe3,,,69182bb000000000390205d8,笑晕了,0,0,北京,0,1763215256000,2025-11-15T22:00:56,60eaec870000000001001f10,乔溪_flow,笑晕了,0
6914a9c2000000003901e15f,691476040000000007016fe3,,,6914a94900000000330242c7,,0,0,北京,0,1762961858000,2025-11-12T23:37:38,60eaec870000000001001f10,乔溪_flow,,0
69f56ca3000000002900ecba,691476040000000007016fe3,,,,111,0,0,天津,0,1777691812000,2026-05-02T11:16:52,63822428000000001f016ed6,之贻,111,0
691e7b5e000000003800930e,69180282000000000d03d1b1,,,,现在国资私募还有得做，市场化的太难了。募难，退难[笑哭R]。还得是国家队。,3,1,法国,0,1763605342000,2025-11-20T10:22:22,68476632000000001d00a9bc,小红薯6848AB1C,现在国资私募还有得做，市场化的太难了。募难，退难[笑哭R]。还得是国家队。,0
691a90cf0000000039005b6b,69180282000000000d03d1b1,,,,一级博士能做吗？对国内的技术岗位快绝望了,0,7,上海,0,1763348688000,2025-11-17T11:04:48,61dcd03e000000001000d2cc,Moss,一级博士能做吗？对国内的技术岗位快绝望了,0
691d9971000000001403625d,69180282000000000d03d1b1,,,,你好，211工科本，英国金融硕，能去vc实习吗[笑哭R],0,2,英国,0,1763547505000,2025-11-19T18:18:25,63be8f2b0000000026010fe3,不理智风险厌恶者,你好，211工科本，英国金融硕，能去vc实习吗[笑哭R],0
691824bb0000000039007860,69180282000000000d03d1b1,,,,对的 fa倒是没那么卡学校,3,1,上海,0,1763189948000,2025-11-15T14:59:08,65e9b4f9000000000500f6c3,Laurence,对的 fa倒是没那么卡学校,0
691b02e40000000039025471,69180282000000000d03d1b1,,,,VC实习的门槛高嘛？,0,1,上海,0,1763377893000,2025-11-17T19:11:33,5c6ac3ce0000000012019b1a,洋葱骑士Wayne,VC实习的门槛高嘛？,0
69e965fc0000000014018814,69180282000000000d03d1b1,,,,欢迎关注,0,0,上海,0,1776903677000,2026-04-23T08:21:17,55731927c2bdeb4d2d090365,徐Caro🎀,欢迎关注,0
691af14a000000003902d1e0,69180282000000000d03d1b1,,,,别49年进国军了,0,2,北京,-2,1763373387000,2025-11-17T17:56:27,61813db20000000010004882,座山观海,别49年进国军了,0
691e9541000000001600c5c5,69180282000000000d03d1b1,,,691e7b5e000000003800930e,是这样的,0,0,江苏,0,1763611970000,2025-11-20T12:12:50,66869dae000000000f037ad2,andrew,是这样的,0
691af66d00000000370266d1,69180282000000000d03d1b1,,,691a90cf0000000039005b6b,能做 但现在行情不建议,1,0,江苏,0,1763374701000,2025-11-17T18:18:21,66869dae000000000f037ad2,andrew,能做 但现在行情不建议,0
691d99b7000000001702eef6,69180282000000000d03d1b1,,,691d9971000000001403625d,可以多投投看。我觉的如果是牛剑肯定没问题。每家VC招人的taste不太一样。,0,0,江苏,0,1763547576000,2025-11-19T18:19:36,66869dae000000000f037ad2,andrew,可以多投投看。我觉的如果是牛剑肯定没问题。每家VC招人的taste不太一样。,0
691828d20000000033023684,69180282000000000d03d1b1,,,691824bb0000000039007860,是的 fa好点,0,0,江苏,0,1763190994000,2025-11-15T15:16:34,66869dae000000000f037ad2,andrew,是的 fa好点,0
691b0791000000003300411f,69180282000000000d03d1b1,,,691b02e40000000039025471,高,0,0,江苏,0,1763379089000,2025-11-17T19:31:29,66869dae000000000f037ad2,andrew,高,0
691af6530000000033027719,69180282000000000d03d1b1,,,691af14a000000003902d1e0,是的[偷笑R]读博去了,1,0,江苏,0,1763374676000,2025-11-17T18:17:56,66869dae000000000f037ad2,andrew,是的[偷笑R]读博去了,0
689c9c37000000003002effe,689c7ec0000000001b03341d,,,,怎么去上海了[doge],0,2,河南,0,1755094071000,2025-08-13T22:07:51,5b9ba21edb5cf00001c1736e,momo19,怎么去上海了[doge],0
689c7f9e0000000030007762,689c7ec0000000001b03341d,,,,恭喜酸菜老师自由！,0,1,北京,0,1755086750000,2025-08-13T20:05:50,5d5aa2450000000001001fd6,lifealwayslikethat,恭喜酸菜老师自由！,0
68f9ef8100000000300247af,689c7ec0000000001b03341d,,,,蹲法律尽调！,0,0,广东,0,1761210242000,2025-10-23T17:04:02,659759d5000000001f012329,momo,蹲法律尽调！,0
689c7fe50000000030015f23,689c7ec0000000001b03341d,,,,其实全篇重点是已经不是实习生[萌萌哒R],1,1,北京,0,1755086821000,2025-08-13T20:07:01,5cf9e65d00000000180208bd,贡菜牛筋丸,其实全篇重点是已经不是实习生[萌萌哒R],0
68a5743b0000000027007eed,689c7ec0000000001b03341d,,,,写的太好了[赞R],0,0,北京,0,1755673660000,2025-08-20T15:07:40,5e38337600000000010020b3,奋斗不止,写的太好了[赞R],0
689dd9a40000000027000d97,689c7ec0000000001b03341d,,,,好活，跟我的方法一模一样哈哈[鼓掌R],1,0,四川,0,1755175332000,2025-08-14T20:42:12,5b9d1d1ef7e8b97b00b7c999,普通狨,好活，跟我的方法一模一样哈哈[鼓掌R],0
69c679ab000000000203742b,689c7ec0000000001b03341d,,,,借楼：国企投资平台（一级市场）寻法务经理，希望律所金融非诉经验，95后优先[斜眼R],0,0,贵州,0,1774614955000,2026-03-27T20:35:55,6818fdbb000000000a03f6a8,William不减肥,借楼：国企投资平台（一级市场）寻法务经理，希望律所金融非诉经验，95后优先[斜眼R],0
692a7127000000003800f717,689c7ec0000000001b03341d,,,,感谢 太受用了[皱眉R][皱眉R],0,0,美国,0,1764389160000,2025-11-29T12:06:00,618aa55100000000210290cc,人类总会冬眠,感谢 太受用了[皱眉R][皱眉R],0
689d37820000000030010070,689c7ec0000000001b03341d,,,,师兄去哪个律所高就了[doge],0,0,北京,0,1755133826000,2025-08-14T09:10:26,5f4e42c20000000001002ee2,momo,师兄去哪个律所高就了[doge],0
689e1ce9000000003003049a,689c7ec0000000001b03341d,,,,学习,0,0,浙江,0,1755192554000,2025-08-15T01:29:14,5a29d4784eacab26c2b12cae,桥也银河,学习,0
689c9e65000000003002cac2,689c7ec0000000001b03341d,,,689c9c37000000003002effe,换base地啦,1,0,上海,0,1755094629000,2025-08-13T22:17:09,60f03e3a0000000001009029,酸菜牛肉面-少面多菜,换base地啦,0
689ca759000000003001c6ce,689c7ec0000000001b03341d,,,689c7f9e0000000030007762,哈哈哈现在每天都很开心 上班贼有劲儿,0,0,上海,0,1755096921000,2025-08-13T22:55:21,60f03e3a0000000001009029,酸菜牛肉面-少面多菜,哈哈哈现在每天都很开心 上班贼有劲儿,0
689c7ffe0000000030026dc5,689c7ec0000000001b03341d,,,689c7fe50000000030015f23,是前一句[萌萌哒R],0,0,上海,0,1755086847000,2025-08-13T20:07:27,60f03e3a0000000001009029,酸菜牛肉面-少面多菜,是前一句[萌萌哒R],0
689c7f89000000002700e5be,689c7ec0000000001b03341d,,,,全记下来了！,0,0,上海,-2,1755086729000,2025-08-13T20:05:29,6219af1e000000001000c458,爆辣王子,全记下来了！,0
67c6ea860000000018011537,67c584d50000000029015415,,,,就是20亿的私募，也学不到太多东西。除非是头部的那些私募，其他的都是老板自己说了算。什么投研，研究，都是花架子。,92,11,广东,0,1741089415000,2025-03-04T19:56:55,6226137a000000001000d417,我什么都不知道,就是20亿的私募，也学不到太多东西。除非是头部的那些私募，其他的都是老板自己说了算。什么投研，研究，都是花架子。,0
67c7e14b0000000012016c06,67c584d50000000029015415,,,,因为就是实习生才便宜啊 小私募都是实习生人数大于正职的,9,5,辽宁,0,1741152588000,2025-03-05T13:29:48,5f33a57c0000000001009207,子涵妈妈sja,因为就是实习生才便宜啊 小私募都是实习生人数大于正职的,0
67c7e6de00000000180098d8,67c584d50000000029015415,,,,5e小私募？？[笑哭R]5e还看不上，1e以上就是行业前50%，5e应该在30%甚至更靠前。职场不是学校，学什么看你自己吧，偷师偷师，看你自己怎么偷，话糙理不糙，另外管理人本身就不需要太多人，协会要求5人以上，主观多头的话，5人如果人效比高可以应对15e+的规模。大多老板是基金经理，当然老板说了算，因为老板做产品，做出超额就是话语权，市场就认能力，二级就这么公平，也很现实。,52,5,江苏,0,1741154014000,2025-03-05T13:53:34,60d1c6fc000000000100b061,momo,5e小私募？？[笑哭R]5e还看不上，1e以上就是行业前50%，5e应该在30%甚至更靠前。职场不是学校，学什么看你自己吧，偷师偷师，看你自己怎么偷，话糙理不糙，另外管理人本身就不需要太多人，协会要求5人以上，主观多头的话，5人如果人效比高可以应对15e+的规模。大多老板是基金经理，当然老板说了算，因为老板做产品，做出超额就是话语权，市场就认能力，二级就这么公平，也很现实。,0
67c7cae3000000001802cbf6,67c584d50000000029015415,,,,我觉得小私募比券商好吧，行研小黑工纯纯dirty work[哭惹R][哭惹R],10,3,北京,0,1741146851000,2025-03-05T11:54:11,64cdb52d000000000b0097f8,小红薯64CDC6D5,我觉得小私募比券商好吧，行研小黑工纯纯dirty work[哭惹R][哭惹R],0
67c6438f000000001502bb4b,67c584d50000000029015415,,,,五亿规模是市场标准规模。,2,2,北京,0,1741046672000,2025-03-04T08:04:32,6518591f0000000023024c47,过河的卒子,五亿规模是市场标准规模。,0
67c6240a00000000180093ca,67c584d50000000029015415,,,,我只知道vc的行情是真的差[哭惹R],1,2,英国,0,1741038603000,2025-03-04T05:50:03,67431b71000000001d02dcc5,Stanley,我只知道vc的行情是真的差[哭惹R],0
67c64e18000000001902d4e6,67c584d50000000029015415,,,,私募标准是能租便宜地方就便宜，能不招人就自己干。,5,2,北京,0,1741049368000,2025-03-04T08:49:28,5ed48f0b000000000101fbce,喜乐要思蜀,私募标准是能租便宜地方就便宜，能不招人就自己干。,0
67c86b810000000017031094,67c584d50000000029015415,,,,我司在管就20e啊，办公室是自有的，挺好。,2,3,北京,0,1741187970000,2025-03-05T23:19:30,66e2c5d2000000001d021e4f,深海鱼片,我司在管就20e啊，办公室是自有的，挺好。,0
67c85be70000000018008f85,67c584d50000000029015415,,,,分一二级。在实缴超500亿的私募一级 也不敢说公司厉害[doge],3,2,北京,0,1741183975000,2025-03-05T22:12:55,5faf2d49000000000101cb75,Vien,分一二级。在实缴超500亿的私募一级 也不敢说公司厉害[doge],0
67c75dce0000000018018711,67c584d50000000029015415,,,,我上个东家跟你的情况类似 5e左右规模基本都是自有 其实市面上小私募基本都没有什么培养体系 属于上桌就要产出 想学到什么东西基本靠个人悟性,10,0,英国,0,1741118927000,2025-03-05T04:08:47,5df4f06d00000000010035e3,Gasch,我上个东家跟你的情况类似 5e左右规模基本都是自有 其实市面上小私募基本都没有什么培养体系 属于上桌就要产出 想学到什么东西基本靠个人悟性,0
67c6eb1e000000000f03ba59,67c584d50000000029015415,,,67c6ea860000000018011537,嗯嗯就是[捂脸R],4,0,天津,0,1741089566000,2025-03-04T19:59:26,5f12985000000000010046d1,栗栗不辛苦,嗯嗯就是[捂脸R],0
67c7e1a5000000000f032df5,67c584d50000000029015415,,,67c7e14b0000000012016c06,而且为啥我了解的券商遍地都是小黑工啊[笑哭R] 哪家券商招不到实习生啊,9,0,辽宁,0,1741152677000,2025-03-05T13:31:17,5f33a57c0000000001009207,子涵妈妈sja,而且为啥我了解的券商遍地都是小黑工啊[笑哭R] 哪家券商招不到实习生啊,0
67c7e6fe0000000018005b4c,67c584d50000000029015415,,,67c7e6de00000000180098d8,加油吧，如果你爱这一行，废墟上也能建高楼。,2,0,江苏,0,1741154046000,2025-03-05T13:54:06,60d1c6fc000000000100b061,momo,加油吧，如果你爱这一行，废墟上也能建高楼。,0
67c814dc0000000017033943,67c584d50000000029015415,,,67c7cae3000000001802cbf6,哈哈哈哈哈，主要是要一段实习经验[笑哭R],2,0,上海,0,1741165789000,2025-03-05T17:09:49,61ce8e1a000000001000fdb3,想吃宵夜,哈哈哈哈哈，主要是要一段实习经验[笑哭R],0
67c658380000000012015957,67c584d50000000029015415,,,67c6438f000000001502bb4b,只能说大部分是这种规模[失望R],2,0,天津,0,1741051961000,2025-03-04T09:32:41,5f12985000000000010046d1,栗栗不辛苦,只能说大部分是这种规模[失望R],0
67c6abea000000001802ba95,67c584d50000000029015415,,,67c6240a00000000180093ca,真的[哭惹R],0,0,新加坡,0,1741073386000,2025-03-04T15:29:46,5cb4a8f30000000010002c14,一颗土豆,真的[哭惹R],0
67c6830b00000000120162e8,67c584d50000000029015415,,,67c64e18000000001902d4e6,管理费用不完[笑哭R],0,0,湖南,0,1741062924000,2025-03-04T12:35:24,5fe06f4c0000000001009bf0,momo,管理费用不完[笑哭R],0
67ce89190000000018009a56,67c584d50000000029015415,,,67c86b810000000017031094,私募学历要求怎么样呀 双一流本科可以吗,1,0,浙江,0,1741588762000,2025-03-10T14:39:22,6725b507000000001c019a6a,雷霆啵啵,私募学历要求怎么样呀 双一流本科可以吗,0
67c9ab15000000001802e990,67c584d50000000029015415,,,67c85be70000000018008f85,牛🐮,0,0,北京,0,1741269782000,2025-03-06T22:03:02,62f3373b000000001e01ce8d,用户已注销,牛🐮,0
67dbb3a50000000015015783,67c584d50000000029015415,,,,好不好也得招人干活，家里亲戚开私募，核心业务这些不从外面人都是朋友间互相弄，还一个看规模,0,0,北京,3,1742451622000,2025-03-20T14:20:22,584c148250c4b41b1d6eeb9e,hdcvhhg,好不好也得招人干活，家里亲戚开私募，核心业务这些不从外面人都是朋友间互相弄，还一个看规模,0
67d467a90000000015001b63,67c584d50000000029015415,,,,面的不会是ynzy吧？s策略？？？,1,0,北京,0,1741973418000,2025-03-15T01:30:18,5a8ba66811be102581484ef3,嘟嘟,面的不会是ynzy吧？s策略？？？,0
67c7162f000000000f03360e,67c584d50000000029015415,,,,公募一样没人带的,0,0,山东,0,1741100592000,2025-03-04T23:03:12,5e35658b0000000001008266,戒慎,公募一样没人带的,0
67e95df1000000001f004568,67c584d50000000029015415,,,,在哪里找私募,0,0,广东,0,1743347186000,2025-03-30T23:06:26,652dcb8d000000002a03560f,恋f,在哪里找私募,0
67cbb02c00000000180117c7,67c584d50000000029015415,,,,因为喷的人还比较少[doge],0,0,山东,0,1741402156000,2025-03-08T10:49:16,5bb0f152dc30da000169fce9,umm...,因为喷的人还比较少[doge],0
683684e6000000001c0165a3,67c584d50000000029015415,,,,私募真是全凭运气,0,0,上海,0,1748403430000,2025-05-28T11:37:10,5578276fe4b1cf03ab0405d5,飞舞的可可,私募真是全凭运气,0
67c6e12e000000001703b50f,67c584d50000000029015415,,,,我面过一家一亿的[doge]三面[doge]事贼多,0,0,山东,0,1741087022000,2025-03-04T19:17:02,61e82003000000001000ac25,一只马喽,我面过一家一亿的[doge]三面[doge]事贼多,0
67cad116000000001801570a,67c584d50000000029015415,,,,私募的合规 想去,1,0,浙江,0,1741345046000,2025-03-07T18:57:26,61234d130000000001005a05,娜彼小猪,私募的合规 想去,0
67cad224000000001702aae5,67c584d50000000029015415,,,,百亿私募实习也是dirty work[笑哭R],0,0,北京,0,1741345316000,2025-03-07T19:01:56,6798f2ec000000000a03d698,🍃,百亿私募实习也是dirty work[笑哭R],0
67c99cfe0000000018008279,67c584d50000000029015415,,,,小私募的销售实习咋样 跑上市公司的,0,0,上海,0,1741266175000,2025-03-06T21:02:55,6149a75b000000000202432b,rayray,小私募的销售实习咋样 跑上市公司的,0
67c7db35000000001802805a,67c584d50000000029015415,,,,5e aum做prop shop很舒服了,0,0,江苏,0,1741151029000,2025-03-05T13:03:49,5b227f00f7e8b93c5a49f35c,momo,5e aum做prop shop很舒服了,0
67c8236100000000180132bc,67c584d50000000029015415,,,,学不学得到 全看自己，坑也是教训,0,0,上海,0,1741169505000,2025-03-05T18:11:45,6447dd64000000001002a7f9,小红叔9524,学不学得到 全看自己，坑也是教训,0
67de24bd000000001f00da85,67c584d50000000029015415,,,,主要是供大于求。没人去，面试一堆二本的就老实了。,0,0,甘肃,0,1742611645000,2025-03-22T10:47:25,64006372000000001f033dea,James_732,主要是供大于求。没人去，面试一堆二本的就老实了。,0
67c6bd3100000000180095b5,67c584d50000000029015415,,,,两面不算多吧[微笑R]，研究员一面，pm二面,1,0,上海,0,1741077810000,2025-03-04T16:43:30,632ec875000000001b000d64,旧梦,两面不算多吧[微笑R]，研究员一面，pm二面,0
68fb4f19000000003900683a,67c584d50000000029015415,,,,请教一下，现在在腰部券商自营，有猎头给我推了一个50e左右的私募，我本来是完全不考虑私募的但是最近发生的一些事情也改变了想法，请教一下各位前辈的建议,1,0,广东,0,1761300249000,2025-10-24T18:04:09,5bfe5ee244363b526a02e57c,mad[hjmncsss],请教一下，现在在腰部券商自营，有猎头给我推了一个50e左右的私募，我本来是完全不考虑私募的但是最近发生的一些事情也改变了想法，请教一下各位前辈的建议,0
67c82c260000000018011afe,67c584d50000000029015415,,,,香橙不就是几年从1亿发展到20亿么,0,0,广东,0,1741171750000,2025-03-05T18:49:10,5fc58368000000000101e67a,maihm3,香橙不就是几年从1亿发展到20亿么,0
66d661620000000016013b96,66d65126000000001d03a164,,,,怎么现在啥专业都转PM[石化R][石化R][石化R]导致现在没有几段经验实习都很难找[哭惹R]一个原本专业对口的小女孩轻轻地碎掉了…,20,11,北京,0,1725325667000,2024-09-03T09:07:47,5bf8acb97e12500001ed640d,一只芸豆,怎么现在啥专业都转PM[石化R][石化R][石化R]导致现在没有几段经验实习都很难找[哭惹R]一个原本专业对口的小女孩轻轻地碎掉了…,0
66d655cd00000000170185bf,66d65126000000001d03a164,,,,好牛，查老师,0,1,辽宁,0,1725322702000,2024-09-03T08:18:22,605b25e00000000001006fec,叫我春卷,好牛，查老师,0
66d66f330000000016012aca,66d65126000000001d03a164,,,,怎么0经验找到pm工作的啊,0,1,广东,0,1725329204000,2024-09-03T10:06:44,61c5ca6000000000100041ef,momo,怎么0经验找到pm工作的啊,0
66d657dc0000000020022705,66d65126000000001d03a164,,,,真的好后悔大学没有学医 医学生是越老越值钱，那群老东西就不用担心失业...,13,3,北京,0,1725323229000,2024-09-03T08:27:09,66d192a0000000000d02623d,用户已注销,真的好后悔大学没有学医 医学生是越老越值钱，那群老东西就不用担心失业...,0
66d659f30000000020025114,66d65126000000001d03a164,,,,好家伙 这是转互联网了吗[扶墙R],0,1,北京,0,1725323764000,2024-09-03T08:36:04,604f5fd300000000010027e3,佐佐大佐,好家伙 这是转互联网了吗[扶墙R],0
66d65559000000000d01e2e3,66d65126000000001d03a164,,,,所以失业后要干什么工作谋生养家糊口啊....[汗颜R]真的去开抄手店嘛,1,1,北京,0,1725322586000,2024-09-03T08:16:26,66d192a0000000000d02623d,用户已注销,所以失业后要干什么工作谋生养家糊口啊....[汗颜R]真的去开抄手店嘛,0
66d69ac80000000002004923,66d65126000000001d03a164,,,,图1到2 气质一下子村了咋😂,0,1,上海,0,1725340361000,2024-09-03T13:12:41,6327473a0000000023038910,Tracyyyy,图1到2 气质一下子村了咋😂,0
66d669f4000000000f005db9,66d65126000000001d03a164,,,,太帅啦查老师[喝奶茶R],0,1,北京,0,1725327860000,2024-09-03T09:44:20,5eb4ea4a0000000001002831,终南,太帅啦查老师[喝奶茶R],0
66d6a106000000000b0239cc,66d65126000000001d03a164,,,,查老师是已经工作了🐴,0,1,天津,0,1725341958000,2024-09-03T13:39:18,5eabd8df000000000100282d,茉莉雪梨茶（享受阳光版）,查老师是已经工作了🐴,0
66d7e7fe000000000f00e2b0,66d65126000000001d03a164,,,,啊你怎么也跑去做产品了,0,1,北京,0,1725425663000,2024-09-04T12:54:23,5f33b1c600000000010013e1,Kkkkk.,啊你怎么也跑去做产品了,0
66d66f510000000017019011,66d65126000000001d03a164,,,66d661620000000016013b96,pm本来也不限制专业呀,19,0,广东,0,1725329234000,2024-09-03T10:07:14,61c5ca6000000000100041ef,momo,pm本来也不限制专业呀,0
66d65dab0000000020021042,66d65126000000001d03a164,,,66d655cd00000000170185bf,牛在[哭惹R]打工牛马吗,2,0,上海,0,1725324716000,2024-09-03T08:51:56,5bfd5ecc51783a522d1aa5cc,查不多,牛在[哭惹R]打工牛马吗,0
66d69ecd000000000d00c961,66d65126000000001d03a164,,,66d66f330000000016012aca,说来话长[皱眉R],0,0,上海,0,1725341389000,2024-09-03T13:29:49,5bfd5ecc51783a522d1aa5cc,查不多,说来话长[皱眉R],0
66d65d8e0000000020020c4f,66d65126000000001d03a164,,,66d657dc0000000020022705,本身是考虑学医的[doge]但是我晕血啊,8,0,上海,0,1725324686000,2024-09-03T08:51:26,5bfd5ecc51783a522d1aa5cc,查不多,本身是考虑学医的[doge]但是我晕血啊,0
66d65a1d000000000f004695,66d65126000000001d03a164,,,66d659f30000000020025114,kind of[doge],2,0,上海,0,1725323806000,2024-09-03T08:36:46,5bfd5ecc51783a522d1aa5cc,查不多,kind of[doge],0
66d6560e000000000d00ebac,66d65126000000001d03a164,,,66d65559000000000d01e2e3,还有十年呢 急什么,10,0,上海,0,1725322766000,2024-09-03T08:19:26,5bfd5ecc51783a522d1aa5cc,查不多,还有十年呢 急什么,0
66d69ec1000000000f004b9d,66d65126000000001d03a164,,,66d69ac80000000002004923,因为我本来就不适合上海[皱眉R],0,0,上海,0,1725341378000,2024-09-03T13:29:38,5bfd5ecc51783a522d1aa5cc,查不多,因为我本来就不适合上海[皱眉R],0
66d69ed90000000020027e37,66d65126000000001d03a164,,,66d669f4000000000f005db9,原来是你小子,0,0,上海,0,1725341402000,2024-09-03T13:30:02,5bfd5ecc51783a522d1aa5cc,查不多,原来是你小子,0
66d6a17a0000000020021764,66d65126000000001d03a164,,,66d6a106000000000b0239cc,是的[doge],0,0,上海,0,1725342074000,2024-09-03T13:41:14,5bfd5ecc51783a522d1aa5cc,查不多,是的[doge],0
66d7e8bf000000000d00f088,66d65126000000001d03a164,,,66d7e7fe000000000f00e2b0,笑死..,0,0,上海,0,1725425856000,2024-09-04T12:57:36,5bfd5ecc51783a522d1aa5cc,查不多,笑死..,0
66d854ce000000000b0229df,66d65126000000001d03a164,,,,衬衫是哪家的呀？[暗中观察R],0,0,福建,0,1725453519000,2024-09-04T20:38:39,6021343f000000000100a1e9,星舰指挥官,衬衫是哪家的呀？[暗中观察R],0
66d6a79c00000000020050c5,66d65126000000001d03a164,,,,是金融转到项目管理了吗,0,0,广东,0,1725343645000,2024-09-03T14:07:25,5bfe481844363b02d6cf4747,努力搞钱住别墅养🐶,是金融转到项目管理了吗,0
66e7f96e0000000002005051,66d65126000000001d03a164,,,,查老师入职了吗,0,0,四川,0,1726478703000,2024-09-16T17:25:03,5f7da77500000000010055c6,无事不登三明治,查老师入职了吗,0
66e8af4e00000000240042a7,66d65126000000001d03a164,,,,做pm[笑哭R]掉档了啊,1,0,广东,0,1726525262000,2024-09-17T06:21:02,65faa7da000000000b00e661,吐水的泡泡,做pm[笑哭R]掉档了啊,0
66d6b000000000001701843a,66d65126000000001d03a164,,,,但是p1帅的 不油腻[赞R],2,0,天津,0,1725345793000,2024-09-03T14:43:13,5cb6aabb0000000012003059,桥边,但是p1帅的 不油腻[赞R],0
66d88cbe000000000c015ef8,66d65126000000001d03a164,,,,图二帅炸[赞R][赞R][赞R][赞R]可以逃离公司转行做模特,0,0,浙江,0,1725467839000,2024-09-05T00:37:19,5d3c1c93000000001200d18e,人舛木,图二帅炸[赞R][赞R][赞R][赞R]可以逃离公司转行做模特,0
6700f8e3000000002a02c31d,66d65126000000001d03a164,,,,求眼镜链接[皱眉R],0,0,北京,0,1728116963000,2024-10-05T16:29:23,5bb5a494aa1ebf00015fde25,焦糖三文鱼寿司,求眼镜链接[皱眉R],0
66f374ea00000000240125cb,66d65126000000001d03a164,,,,会计也来卷产品了[石化R],0,0,四川,0,1727231211000,2024-09-25T10:26:51,5d2559b90000000010014c2c,17,会计也来卷产品了[石化R],0
66d6eabe000000000d00d07a,66d65126000000001d03a164,,,,中9金融在读 看看毕业生的就业报告再看看金融今年的招生情况 开始思考当时为什么非要报金融[扯脸H][扯脸H],0,0,天津,0,1725360831000,2024-09-03T18:53:51,63176779000000000f00512c,21hhui🐰,中9金融在读 看看毕业生的就业报告再看看金融今年的招生情况 开始思考当时为什么非要报金融[扯脸H][扯脸H],0
66d6545b0000000020020b87,66d65126000000001d03a164,,,,但是感觉工作好充实，肯定能学到很多。[黄金薯R],0,0,吉林,0,1725322331000,2024-09-03T08:12:11,62696d1600000000210263b5,Charles.Han,但是感觉工作好充实，肯定能学到很多。[黄金薯R],0
66d70a2c000000001601120a,66d65126000000001d03a164,,,,社招好转吗[哭惹R] 投的简历感觉都是秒拒或者看完没动静了,0,0,上海,0,1725368876000,2024-09-03T21:07:56,64b5ff2f000000001403ca41,小鱼干一号,社招好转吗[哭惹R] 投的简历感觉都是秒拒或者看完没动静了,0
66d65263000000000f007f8b,66d65126000000001d03a164,,,,看来查老师今年并没有顺从大趋势去央国企[偷笑R],5,0,陕西,0,1725321827000,2024-09-03T08:03:47,605c4870000000000101fa6d,梅子酱🍧,看来查老师今年并没有顺从大趋势去央国企[偷笑R],0
66da6988000000001203dc83,66d65126000000001d03a164,,,,居然是师兄哈哈哈,0,0,北京,0,1725589896000,2024-09-06T10:31:36,5f44e3c00000000001002598,天猫精灵机灵版,居然是师兄哈哈哈,0
66d6c8b00000000002004397,66d65126000000001d03a164,,,,眼镜是哪个噶 好好看[害羞R],0,0,广东,0,1725352113000,2024-09-03T16:28:33,5f775c6d000000000101cb6e,Hakubunn,眼镜是哪个噶 好好看[害羞R],0
66e5a5f200000000240090b6,66d65126000000001d03a164,,,,求个图1ootd链接hhhh,0,0,安徽,0,1726326258000,2024-09-14T23:04:18,5f00252f000000000100601c,独行者,求个图1ootd链接hhhh,0
66efa7210000000024012797,66d65126000000001d03a164,,,,查老师[哭惹R]金融研究生要不要考证啊[哭惹R],0,0,上海,0,1726981922000,2024-09-22T13:12:02,5d5fe0cf00000000010096e1,momo,查老师[哭惹R]金融研究生要不要考证啊[哭惹R],0
66da021e00000000020056e5,66d65126000000001d03a164,,,,一定会越来越好,0,0,山东,0,1725563422000,2024-09-06T03:10:22,5be7aa899ca16b000176680a,未时灶,一定会越来越好,0
66d6a295000000000b023260,66d65126000000001d03a164,,,,都很帅[色色R],0,0,新加坡,0,1725342358000,2024-09-03T13:45:58,5c56ec410000000011012bd3,要不要喝拿铁,都很帅[色色R],0
66d6a230000000000b02138d,66d65126000000001d03a164,,,,图一衬衫好好看求推荐,0,0,广东,0,1725342257000,2024-09-03T13:44:17,6325a802000000002303fce2,momo,图一衬衫好好看求推荐,0
66ebd809000000002400c9ec,66d65126000000001d03a164,,,,妥妥男大[派对R],0,0,云南,0,1726732297000,2024-09-19T15:51:37,60db036800000000010026ae,一只小小羊🐑,妥妥男大[派对R],0
66d6540e000000000d00fbcc,66d65126000000001d03a164,,,,十八籽[doge],0,0,贵州,-2,1725322254000,2024-09-03T08:10:54,5970a50e82ec39297068ac86,Linnn,十八籽[doge],0
682e88db000000000d0141f6,682dae7b0000000022006df9,,,,感觉这么好的exposure真的可遇不可求啊[哭惹R],0,8,北京,0,1747880155000,2025-05-22T10:15:55,5d3c06ff0000000012006be6,比格大战小猫崽,感觉这么好的exposure真的可遇不可求啊[哭惹R],0
682e8c74000000000a034965,682dae7b0000000022006df9,,,682e88db000000000d0141f6,是的！！！,0,0,上海,0,1747881076000,2025-05-22T10:31:16,60c93429000000000100588b,Ustinian,是的！！！,0
694b4f300000000031033a38,66dfa41e000000000c01b6cc,,,,请教一下，国资PE和市场化小PE的实习比较推荐哪个呀？看了网上一篇帖子比较推荐市场PE，而且我这个国资PE实习一天工资只有60，市场PE月薪3000,1,5,广东,0,1766543153000,2025-12-24T10:25:53,63ae45ee00000000270297f5,献给你的罗曼蒂克,请教一下，国资PE和市场化小PE的实习比较推荐哪个呀？看了网上一篇帖子比较推荐市场PE，而且我这个国资PE实习一天工资只有60，市场PE月薪3000,0
67f7a7e4000000001e03e227,66dfa41e000000000c01b6cc,,,,请问国资pe岗位现在卡92本嘛[皱眉R],0,8,江苏,0,1744283620000,2025-04-10T19:13:40,5bfb707f0ddfda0001b2c098,Booi,请问国资pe岗位现在卡92本嘛[皱眉R],0
6963446c000000000e03531f,66dfa41e000000000c01b6cc,,,,请问这家国资pe上班节奏怎么样呀，朝九晚五吗？有午休吗,0,5,广东,0,1768113261000,2026-01-11T14:34:21,63febf0900000000140115d9,Day up,请问这家国资pe上班节奏怎么样呀，朝九晚五吗？有午休吗,0
66dfb371000000000d00cd66,66dfa41e000000000c01b6cc,,,,卡本吗,1,2,浙江,0,1725936498000,2024-09-10T10:48:18,5d862c140000000001008cac,bear,卡本吗,0
699ecefd000000000600d21d,66dfa41e000000000c01b6cc,,,,请问一下在哪里投递的呢，谢谢[皱眉R],0,6,辽宁,0,1772015357000,2026-02-25T18:29:17,6697b50c0000000003030f52,etoile,请问一下在哪里投递的呢，谢谢[皱眉R],0
6729f19f000000001b004a81,66dfa41e000000000c01b6cc,,,,想问一下如果直接校招拿offer 还需要提前实习吗[笑哭R],0,1,中国香港,0,1730802080000,2024-11-05T18:21:20,60843008000000000100990e,momo,想问一下如果直接校招拿offer 还需要提前实习吗[笑哭R],0
66f82ae2000000000f006679,66dfa41e000000000c01b6cc,,,,请问本科211的话，国资pe对硕士学历的要求偏好qs排名吗[哭惹R],0,0,四川,3,1727539939000,2024-09-29T00:12:19,60f6efce000000000101c0d1,吹出个泡泡,请问本科211的话，国资pe对硕士学历的要求偏好qs排名吗[哭惹R],0
694b5b13000000001d0094a7,66dfa41e000000000c01b6cc,,,694b4f300000000031033a38,需要title去国资，如果国资没项目可做，但是市场化能有项目的话还是去市场化的。如果两边都有项目那还是国资，国资是行业趋势,2,0,广东,0,1766546195000,2025-12-24T11:16:35,66842625000000000f036bdb,图南,需要title去国资，如果国资没项目可做，但是市场化能有项目的话还是去市场化的。如果两边都有项目那还是国资，国资是行业趋势,0
67f7cfb100000000120234a5,66dfa41e000000000c01b6cc,,,67f7a7e4000000001e03e227,看机构级别咖位吧，感觉一般的市级区级pe不太会这么卡本,0,0,广东,0,1744293809000,2025-04-10T22:03:29,66842625000000000f036bdb,图南,看机构级别咖位吧，感觉一般的市级区级pe不太会这么卡本,0
696359a0000000001900333b,66dfa41e000000000c01b6cc,,,6963446c000000000e03531f,差不多吧，有午休,0,0,广东,0,1768118689000,2026-01-11T16:04:49,66842625000000000f036bdb,图南,差不多吧，有午休,0
66dfb6a50000000004032475,66dfa41e000000000c01b6cc,,,66dfb371000000000d00cd66,肯定是超级无敌非常卡，这年头难得很,1,0,广东,0,1725937318000,2024-09-10T11:01:58,66842625000000000f036bdb,图南,肯定是超级无敌非常卡，这年头难得很,0
699ef8550000000018023dde,66dfa41e000000000c01b6cc,,,699ecefd000000000600d21d,sorry哈，暂时没hc了,0,0,广东,0,1772025941000,2026-02-25T21:25:41,66842625000000000f036bdb,图南,sorry哈，暂时没hc了,0
6729f36d00000000020065e2,66dfa41e000000000c01b6cc,,,6729f19f000000001b004a81,都拿到offer了还提前实习个啥，直接开玩啊哈哈哈哈哈,1,0,广东,0,1730802541000,2024-11-05T18:29:01,66842625000000000f036bdb,图南,都拿到offer了还提前实习个啥，直接开玩啊哈哈哈哈哈,0
6804e8fb0000000020017b80,6804c2de000000001d022326,,,,想毕业进VC/PE，但现在连一段相关实习都找不到[哭惹R],1,7,浙江,0,1745152251000,2025-04-20T20:30:51,62052bc1000000001000958e,一天要睡25个小时,想毕业进VC/PE，但现在连一段相关实习都找不到[哭惹R],0
68408b4f000000000b02c042,6804c2de000000001d022326,,,,应届生未来想做一级买，可目前行情很不好，好劝退[哭惹R][哭惹R],1,6,上海,0,1749060432000,2025-06-05T02:07:12,605eedbf0000000001002237,momo,应届生未来想做一级买，可目前行情很不好，好劝退[哭惹R][哭惹R],0
686ac6de000000000c0158e8,6804c2de000000001d022326,,,,新加坡top2的ai phd能进这种pe vc吗？受欢迎吗[玫瑰R],0,1,陕西,0,1751828190000,2025-07-07T02:56:30,5bf828c0e4840900010bb866,净礼,新加坡top2的ai phd能进这种pe vc吗？受欢迎吗[玫瑰R],0
6804e97c000000001e03dbfc,6804c2de000000001d022326,,,6804e8fb0000000020017b80,可以留意公众号招聘信息或者学长学姐内推，机会还是很多滴,0,0,江苏,0,1745152381000,2025-04-20T20:33:01,62da307c000000000e00c184,小白也是梦想家,可以留意公众号招聘信息或者学长学姐内推，机会还是很多滴,0
6840e278000000000103ca7c,6804c2de000000001d022326,,,68408b4f000000000b02c042,是的 理性来讲确实很劝退，凭热爱穿越周期需谨慎,0,0,江苏,0,1749082744000,2025-06-05T08:19:04,62da307c000000000e00c184,小白也是梦想家,是的 理性来讲确实很劝退，凭热爱穿越周期需谨慎,0
686b16550000000004016eed,6804c2de000000001d022326,,,686ac6de000000000c0158e8,本科仙交吗？bg应该OK的，看实习和运气[吃瓜R],0,0,江苏,0,1751848534000,2025-07-07T08:35:34,62da307c000000000e00c184,小白也是梦想家,本科仙交吗？bg应该OK的，看实习和运气[吃瓜R],0
674fd2a8000000000b03d3d8,674ecae80000000007035a3d,,,,感觉就是pevc 的日常工作及知识内容吧，不能说难,0,3,江西,0,1733284520000,2024-12-04T11:55:20,566647c60bf90c75c9fe98c2,Scarlett,感觉就是pevc 的日常工作及知识内容吧，不能说难,0
674ecc2400000000070043fa,674ecae80000000007035a3d,,,,求问uu他家实习薪资大概多少呀[皱眉R],0,2,北京,0,1733217317000,2024-12-03T17:15:17,5c95a69900000000110388a9,芝士麻薯脑袋,求问uu他家实习薪资大概多少呀[皱眉R],0
674ecdcb0000000007001168,674ecae80000000007035a3d,,,,确实背景颇深[偷笑R],1,1,山西,0,1733217739000,2024-12-03T17:22:19,5b610b9c6b58b722ef771ce1,我骑个乐头吧,确实背景颇深[偷笑R],0
69afd5b00000000019003d51,674ecae80000000007035a3d,,,,待过，实习体验和薪资都很nice，但强度对比3c rs肯定不算低，个人认为expo很好。,0,0,山东,0,1773131184000,2026-03-10T16:26:24,61d71d3d000000001000c871,DEVIANT,待过，实习体验和薪资都很nice，但强度对比3c rs肯定不算低，个人认为expo很好。,0
674fdfe5000000001a033d9b,674ecae80000000007035a3d,,,,穿黑丝面试加分,0,0,广东,0,1733287910000,2024-12-04T12:51:50,618bb2b8000000001000cbe7,阿巴阿巴阿巴,穿黑丝面试加分,0
674eef2e0000000007004526,674ecae80000000007035a3d,,,,很忙。量力而行,0,0,北京,0,1733226286000,2024-12-03T19:44:46,62159ae3000000001000a0d2,Harril,很忙。量力而行,0
674f7c39000000001b000881,674ecae80000000007035a3d,,,,试试美元的,0,0,英国,0,1733262394000,2024-12-04T05:46:34,5b3f33c64eacab0d1cb5506b,小A要早睡,试试美元的,0
674ed90e000000000803c104,674ecae80000000007035a3d,,,,属于Avg的笔试水平,1,0,北京,0,1733220623000,2024-12-03T18:10:23,5c7270080000000011039e6f,Leo今天要早睡,属于Avg的笔试水平,0
674edd26000000000d001a60,674ecae80000000007035a3d,,,,trivial,0,0,法国,0,1733221670000,2024-12-03T18:27:50,5d54fdf50000000011036c92,momo,trivial,0
674f0f07000000000d001e4f,674ecae80000000007035a3d,,,,人民币没难的。。。。,3,0,北京,3,1733234439000,2024-12-03T22:00:39,5b4f87816b58b72b00facab8,Schredd,人民币没难的。。。。,0
674fd7af000000000702235c,674ecae80000000007035a3d,,,674fd2a8000000000b03d3d8,因为是实习，没有过相关工作经验还是很难的，我是不大明白学生有什么项目材料需要脱敏给mt……,0,0,北京,0,1733285807000,2024-12-04T12:16:47,5db281280000000001007f51,嘻嘻XOXO,因为是实习，没有过相关工作经验还是很难的，我是不大明白学生有什么项目材料需要脱敏给mt……,0
674eccd0000000001a011e79,674ecae80000000007035a3d,,,674ecc2400000000070043fa,和jwct一样,1,0,北京,0,1733217489000,2024-12-03T17:18:09,5f3654f6000000000101dea7,澈,和jwct一样,0
674eeacb0000000007022a16,674ecae80000000007035a3d,,,674ecdcb0000000007001168,感觉自诩低调在如今这个pr为先的时代很难了吧,1,0,广东,0,1733225163000,2024-12-03T19:26:03,60ad18b8000000000101d3c2,zzzz,感觉自诩低调在如今这个pr为先的时代很难了吧,0
674fbad6000000000d00254c,674ecae80000000007035a3d,,,,今年出手的多吗,0,0,江苏,0,1733278422000,2024-12-04T10:13:42,6421a6b900000000120112eb,cvggfcdgvvcdfg,今年出手的多吗,0
67dc0884000000001e039407,67dbde20000000001203ef7e,,,,一买也要自己写行研报告吗,0,8,北京,0,1742473349000,2025-03-20T20:22:29,5f870ad9000000000100950a,Charlton,一买也要自己写行研报告吗,0
67dc02690000000012023621,67dbde20000000001203ef7e,,,,杨总推我点实习[哭惹R],0,6,上海,0,1742471785000,2025-03-20T19:56:25,5f242c9b000000000101dcd2,问渠,杨总推我点实习[哭惹R],0
67dc191d000000001f02a7b1,67dbde20000000001203ef7e,,,,想问一下研究报告是完全用自己的话写吗还是各种研报信息汇总呀,0,4,上海,0,1742477597000,2025-03-20T21:33:17,5f217a3a0000000001005f5a,cassiel,想问一下研究报告是完全用自己的话写吗还是各种研报信息汇总呀,0
67dc05ea000000001f02ab11,67dbde20000000001203ef7e,,,,hello可以交流一下搭dcf模型的事情吗[哭惹R],0,2,北京,0,1742472683000,2025-03-20T20:11:23,6533bc02000000000400af39,心安勿梦,hello可以交流一下搭dcf模型的事情吗[哭惹R],0
67dbf949000000000f0338a4,67dbde20000000001203ef7e,,,,我司就我一个实习生[哭惹R],0,2,上海,0,1742469449000,2025-03-20T19:17:29,5d39adb4000000001100074f,✅c,我司就我一个实习生[哭惹R],0
6936d8ad0000000039005484,67dbde20000000001203ef7e,,,,我也在做，根据给的资料自己输出的话总感觉不够好，用ai筛选的信息虽然说网站研报或者财经新闻上有，但总觉得不知真假，觉得判断信息可靠性这一点也好重要，但我也不太会判断[笑哭R]想问问uu都是通过哪些平台获取资料，以及判断信息可靠性的呢[萌萌哒R],1,1,北京,0,1765202093000,2025-12-08T21:54:53,62a67b46000000001501712d,✨✨,我也在做，根据给的资料自己输出的话总感觉不够好，用ai筛选的信息虽然说网站研报或者财经新闻上有，但总觉得不知真假，觉得判断信息可靠性这一点也好重要，但我也不太会判断[笑哭R]想问问uu都是通过哪些平台获取资料，以及判断信息可靠性的呢[萌萌哒R],0
67dc1d91000000001e00ec7a,67dbde20000000001203ef7e,,,,友友实习结束招继任吗？之前 VC IB FA 都实习过，看过封装检测设备、封装材料和光刻胶赛道,0,1,广东,0,1742478738000,2025-03-20T21:52:18,60b1efa60000000001004266,无敌迅猛龙,友友实习结束招继任吗？之前 VC IB FA 都实习过，看过封装检测设备、封装材料和光刻胶赛道,0
67dc00d1000000001e00f8cb,67dbde20000000001203ef7e,,,,上汽的那家吗,0,1,上海,0,1742471378000,2025-03-20T19:49:38,6113afd3000000002002c67d,做假账蹲麦当牢,上汽的那家吗,0
67dd04a9000000001f00aab3,67dbde20000000001203ef7e,,,,看看你的dcf,0,0,上海,3,1742537897000,2025-03-21T14:18:17,5dd6b0950000000001002158,alex,看看你的dcf,0
67dc1a4c000000001e012fe4,67dbde20000000001203ef7e,,,,hello可以交流一下复赛辩题吗,0,1,上海,0,1742477901000,2025-03-20T21:38:21,5e943ae400000000010028f0,彭海博,hello可以交流一下复赛辩题吗,0
67dc090b000000001200929b,67dbde20000000001203ef7e,,,67dc0884000000001e039407,和券商的行研报告不一样，更细致更深,0,0,上海,0,1742473484000,2025-03-20T20:24:44,60c93429000000000100588b,Ustinian,和券商的行研报告不一样，更细致更深,0
67dc0604000000001f0060a2,67dbde20000000001203ef7e,,,67dc02690000000012023621,你不是在干呢嘛,0,0,上海,0,1742472709000,2025-03-20T20:11:49,60c93429000000000100588b,Ustinian,你不是在干呢嘛,0
67dc1a11000000001200bbb0,67dbde20000000001203ef7e,,,67dc191d000000001f02a7b1,肯定不是嫖二级券商研报，写报告的时候我都不怎么看那些研报,0,0,江西,0,1742477842000,2025-03-20T21:37:22,60c93429000000000100588b,Ustinian,肯定不是嫖二级券商研报，写报告的时候我都不怎么看那些研报,0
67dc060a0000000012012e02,67dbde20000000001203ef7e,,,67dc05ea000000001f02ab11,可以呀,0,0,上海,0,1742472714000,2025-03-20T20:11:54,60c93429000000000100588b,Ustinian,可以呀,0
67dbff20000000001f0092b3,67dbde20000000001203ef7e,,,67dbf949000000000f0338a4,我司确实实习生人比较多哈哈哈,1,0,上海,0,1742470944000,2025-03-20T19:42:24,60c93429000000000100588b,Ustinian,我司确实实习生人比较多哈哈哈,0
693966a90000000038010cdd,67dbde20000000001203ef7e,,,6936d8ad0000000039005484,技术原理在微信公众号多一点，行业信息除了研报等公开信息，要么就是白皮书什么的，要不就是访谈得知的内部信息,1,0,上海,0,1765369514000,2025-12-10T20:25:14,60c93429000000000100588b,Ustinian,技术原理在微信公众号多一点，行业信息除了研报等公开信息，要么就是白皮书什么的，要不就是访谈得知的内部信息,0
67dc1dc80000000012002c89,67dbde20000000001203ef7e,,,67dc1d91000000001e00ec7a,还要实习很久呢[笑哭R],0,0,上海,0,1742478792000,2025-03-20T21:53:12,60c93429000000000100588b,Ustinian,还要实习很久呢[笑哭R],0
67dc00f30000000012012cfb,67dbde20000000001203ef7e,,,67dc00d1000000001e00f8cb,不是,0,0,上海,0,1742471411000,2025-03-20T19:50:11,60c93429000000000100588b,Ustinian,不是,0
67fce650000000001f000f7b,67dbde20000000001203ef7e,,,67dc1a4c000000001e012fe4,hello可以交流一下复赛辩题吗,0,0,上海,0,1744627281000,2025-04-14T18:41:21,61f39a58000000001000b0cb,啦啦啦,hello可以交流一下复赛辩题吗,0
69b4f24d0000000019003e8e,67dbde20000000001203ef7e,,,,兄弟你好呀～我也私聊您了，我想请教一下，您是怎么找到一级市场这些非公开资料的呀～我感觉跨度确实有点大，[哭惹R]这两天一直在wx、各大引擎、研报平台等都没有找到比较相符的权威资料，请问一下，兄弟[哭惹R][哭惹R]能不能指点一点我如何高效获取信息来源呢？如果能得到您的指点和帮我，真的感激不尽[拔草R][拔草R][拔草R][拔草R],0,0,江苏,0,1773466190000,2026-03-14T13:29:50,601a834c0000000001005ffa,for u,兄弟你好呀～我也私聊您了，我想请教一下，您是怎么找到一级市场这些非公开资料的呀～我感觉跨度确实有点大，[哭惹R]这两天一直在wx、各大引擎、研报平台等都没有找到比较相符的权威资料，请问一下，兄弟[哭惹R][哭惹R]能不能指点一点我如何高效获取信息来源呢？如果能得到您的指点和帮我，真的感激不尽[拔草R][拔草R][拔草R][拔草R],0
67dd15ea000000001e00d9de,67dbde20000000001203ef7e,,,,[点赞R][点赞R][点赞R],0,0,湖北,0,1742542314000,2025-03-21T15:31:54,66dac1ab000000001c002743,天使投寻项目,[点赞R][点赞R][点赞R],0
67dd0499000000001e03c150,67dbde20000000001203ef7e,,,,👍,0,0,上海,3,1742537882000,2025-03-21T14:18:02,5dd6b0950000000001002158,alex,👍,0
67dbe6a2000000001800a304,67dbde20000000001203ef7e,,,,同问pe是哪家[皱眉R][皱眉R][皱眉R],0,0,北京,0,1742464675000,2025-03-20T17:57:55,6037bb63000000000101c2ad,小小七,同问pe是哪家[皱眉R][皱眉R][皱眉R],0
67dbe395000000001801f224,67dbde20000000001203ef7e,,,,方便问问是哪家pe莫，非常需要exposure好的实习[笑哭R],0,0,浙江,0,1742463893000,2025-03-20T17:44:53,621cf4f0000000002102790e,suxiee,方便问问是哪家pe莫，非常需要exposure好的实习[笑哭R],0
67dbe302000000001702919d,67dbde20000000001203ef7e,,,,@REMwakeup 我什么时候能有这个exposure,0,0,浙江,0,1742463746000,2025-03-20T17:42:26,600abbfe000000000101dae5,不会劈叉,@REMwakeup 我什么时候能有这个exposure,0
67dbe0680000000015017a18,67dbde20000000001203ef7e,,,,@嗷呜啊呜儿 学习一下,0,0,上海,0,1742463081000,2025-03-20T17:31:21,62c70e4a000000000e00fa1d,wwwww,@嗷呜啊呜儿 学习一下,0
68a333fb0000000030007c57,67dbde20000000001203ef7e,,,,接接接好运，expouse好好[皱眉R][皱眉R]我之前干的国资pe两个月没干什么[捂脸R][捂脸R][捂脸R],0,1,广东,-2,1755526139000,2025-08-18T22:08:59,5d28a2ab0000000010009ec0,Jenny,接接接好运，expouse好好[皱眉R][皱眉R]我之前干的国资pe两个月没干什么[捂脸R][捂脸R][捂脸R],0
6804538d000000001f00f9a4,67dbde20000000001203ef7e,,,,[萌萌哒R][萌萌哒R],0,0,安徽,-2,1745113997000,2025-04-20T09:53:17,611da736000000000100428f,chiikawaxmi,[萌萌哒R][萌萌哒R],0
68a3527b000000002700ab97,67dbde20000000001203ef7e,,,68a333fb0000000030007c57,接！,0,0,上海,-2,1755533947000,2025-08-19T00:19:07,60c93429000000000100588b,Ustinian,接！,0
6a05da75000000002803e640,69ba13a00000000022029184,,,,老师，诚通混改基金怎么样[吧唧R],1,4,上海,0,1778768502000,2026-05-14T22:21:42,58ba38a95e87e73770e47abd,Kyle X,老师，诚通混改基金怎么样[吧唧R],0
69c0e20800000000150009d0,69ba13a00000000022029184,,,,那top3本top2硕可以尝试一下吗 之前做过一段感觉并不排斥给领导的箭画靶子的生活[笑哭R],2,8,上海,0,1774248456000,2026-03-23T14:47:36,62cd3ac70000000002001de3,momo,那top3本top2硕可以尝试一下吗 之前做过一段感觉并不排斥给领导的箭画靶子的生活[笑哭R],0
69caaab1000000000c0336f5,69ba13a00000000022029184,,,,国央企管培大概率也是定岗到投融资，和国资pe有什么区别，建议去哪个呢，感觉商科生去国企的归宿就是投资岗[捂脸R]，要么就做财务和销售,1,3,江苏,0,1774889649000,2026-03-31T00:54:09,6029c8b6000000000101e84f,Jessy,国央企管培大概率也是定岗到投融资，和国资pe有什么区别，建议去哪个呢，感觉商科生去国企的归宿就是投资岗[捂脸R]，要么就做财务和销售,0
69d3e2ee000000000c030f64,69ba13a00000000022029184,,,,哥，aic和国资pe的区别大吗，wlb会好一些吗,0,4,山东,0,1775493871000,2026-04-07T00:44:31,68c868a20000000019012c29,Con.,哥，aic和国资pe的区别大吗，wlb会好一些吗,0
69e067e500000000350163f4,69ba13a00000000022029184,,,,哥，粤科母基金能去吗，目前研 0,0,4,北京,0,1776314341000,2026-04-16T12:39:01,67a85a5d000000000d00893d,丙午,哥，粤科母基金能去吗，目前研 0,0
69c4dc2a000000000f02881d,69ba13a00000000022029184,,,,请问按这样划分的话，zt算是国资PE还是央国企呢？,1,5,上海,0,1774509098000,2026-03-26T15:11:38,65d60fa2000000000401c512,Galaxy,请问按这样划分的话，zt算是国资PE还是央国企呢？,0
69bf96bd0000000002035807,69ba13a00000000022029184,,,,国资VC呢,0,2,海南,0,1774163645000,2026-03-22T15:14:05,5c6ac3ce0000000012019b1a,洋葱骑士Wayne,国资VC呢,0
69f36334000000002803e75d,69ba13a00000000022029184,,,,广投投资集团下面的广投资本呢？这种待遇发展如何，貌似排名能上国内前50,0,2,广西,0,1777558324000,2026-04-30T22:12:04,5a8844a8b1da146e10a9678b,西红柿炒鸡蛋,广投投资集团下面的广投资本呢？这种待遇发展如何，貌似排名能上国内前50,0
69ce4c7000000000310025ee,69ba13a00000000022029184,,,,球球主包帮我选个offer，帖子置顶第二个就是小果子的建议吗,0,3,上海,0,1775127664000,2026-04-02T19:01:04,6283b2c1000000002102b58f,R&B之神,球球主包帮我选个offer，帖子置顶第二个就是小果子的建议吗,0
69e0eaf7000000001401cc22,69ba13a00000000022029184,,,,老师，恒旭资本风控推荐去吗？,0,1,上海,0,1776347896000,2026-04-16T21:58:16,62d0dd44000000000e00c5a5,花之君子者也,老师，恒旭资本风控推荐去吗？,0
6a05db78000000002900c389,69ba13a00000000022029184,,,6a05da75000000002803e640,另请教下投中总榜多少以上能算比较头部，多少到多少算腰部[笑哭R],0,0,上海,0,1778768761000,2026-05-14T22:26:01,58ba38a95e87e73770e47abd,Kyle X,另请教下投中总榜多少以上能算比较头部，多少到多少算腰部[笑哭R],0
69c0e5090000000015011eac,69ba13a00000000022029184,,,69c0e20800000000150009d0,那感觉也不如去总行或国央企总部管培吧，毕竟泛体制的管培hc比国资PE还是多不少的，而且也更成体系一些,2,0,北京,0,1774249226000,2026-03-23T15:00:26,65ba10a7000000000e026013,商科打工人（绝地求生版）,那感觉也不如去总行或国央企总部管培吧，毕竟泛体制的管培hc比国资PE还是多不少的，而且也更成体系一些,0
69caaf1400000000150173bb,69ba13a00000000022029184,,,69caaab1000000000c0336f5,那得看是什么国央企和什么国资PE了,0,0,北京,0,1774890772000,2026-03-31T01:12:52,65ba10a7000000000e026013,商科打工人（绝地求生版）,那得看是什么国央企和什么国资PE了,0
69d3e461000000000503888b,69ba13a00000000022029184,,,69d3e2ee000000000c030f64,aic本身也是一种国资PE，wlb都差不太多吧,0,0,北京,0,1775494241000,2026-04-07T00:50:41,65ba10a7000000000e026013,商科打工人（绝地求生版）,aic本身也是一种国资PE，wlb都差不太多吧,0
69e06dda000000003501ca15,69ba13a00000000022029184,,,69e067e500000000350163f4,还行吧,0,0,北京,0,1776315866000,2026-04-16T13:04:26,65ba10a7000000000e026013,商科打工人（绝地求生版）,还行吧,0
69c4dd0a0000000015013faa,69ba13a00000000022029184,,,69c4dc2a000000000f02881d,个人认为更像国央企一些，而且我印象里他们主要做二级/非标/战略业务和zyhj等下属机构的管理，不会像传统意义上的PEVC一样投很多初创公司。你可以去他们官网上再看看,0,0,北京,0,1774509323000,2026-03-26T15:15:23,65ba10a7000000000e026013,商科打工人（绝地求生版）,个人认为更像国央企一些，而且我印象里他们主要做二级/非标/战略业务和zyhj等下属机构的管理，不会像传统意义上的PEVC一样投很多初创公司。你可以去他们官网上再看看,0
69bfa5f4000000000503a065,69ba13a00000000022029184,,,69bf96bd0000000002035807,都差不多,0,0,北京,0,1774167540000,2026-03-22T16:19:00,65ba10a7000000000e026013,商科打工人（绝地求生版）,都差不多,0
69f363d9000000002b0249c1,69ba13a00000000022029184,,,69f36334000000002803e75d,一般吧，听着像个地方招商引资平台,0,0,北京,0,1777558490000,2026-04-30T22:14:50,65ba10a7000000000e026013,商科打工人（绝地求生版）,一般吧，听着像个地方招商引资平台,0
69ce55ee000000000f01a088,69ba13a00000000022029184,,,69ce4c7000000000310025ee,排除3，1和2的区别很明显，看你想要什么,0,0,北京,0,1775130094000,2026-04-02T19:41:34,65ba10a7000000000e026013,商科打工人（绝地求生版）,排除3，1和2的区别很明显，看你想要什么,0
69e0edda000000001401882b,69ba13a00000000022029184,,,69e0eaf7000000001401cc22,没必要做风控，如果做PEVC还是尽量做投前岗,0,0,北京,0,1776348635000,2026-04-16T22:10:35,65ba10a7000000000e026013,商科打工人（绝地求生版）,没必要做风控，如果做PEVC还是尽量做投前岗,0
69e0c6bd0000000014013806,69ba13a00000000022029184,,,,想请教一下杭州产投的国资PE岗怎么样呢,0,1,浙江,0,1776338622000,2026-04-16T19:23:42,62b706a900000000190287bb,半眠,想请教一下杭州产投的国资PE岗怎么样呢,0
69dc7f02000000001500254e,69ba13a00000000022029184,,,,bar没那么夸张，中上9本qs20水硕去年拿了超级top的果子pe，但是确实看着就累，没去[笑哭R],0,2,北京,0,1776058115000,2026-04-13T13:28:35,6714e506000000001d021920,momo,bar没那么夸张，中上9本qs20水硕去年拿了超级top的果子pe，但是确实看着就累，没去[笑哭R],0
69f050c0000000002702a956,69ba13a00000000022029184,,,,无锡产投的PE怎么样呢？,1,0,江苏,0,1777356993000,2026-04-28T14:16:33,5e5bb8b00000000001009a9f,melo,无锡产投的PE怎么样呢？,0
69ff4c33000000002702a7e7,69ba13a00000000022029184,,,,建投投资怎么样呀,0,1,吉林,0,1778338867000,2026-05-09T23:01:07,5f561b670000000001006d5c,momo,建投投资怎么样呀,0
69ecbc65000000000d023001,69ba13a00000000022029184,,,,老师想问问深圳国资委控股的上市公司的投资岗值得去吗，主要是人工智能等硬科技赛道投资研究，暑期实习有转正机会,0,1,新加坡,0,1777122406000,2026-04-25T21:06:46,697219100000000026038ee6,momo,老师想问问深圳国资委控股的上市公司的投资岗值得去吗，主要是人工智能等硬科技赛道投资研究，暑期实习有转正机会,0
69d7dc7d0000000009007c9b,69ba13a00000000022029184,,,,想请教一下金浦怎么样？实习/全职呢？,0,1,中国香港,0,1775754366000,2026-04-10T01:06:06,63d3831100000000260060db,？？？,想请教一下金浦怎么样？实习/全职呢？,0
69f31ec000000000280348be,69ba13a00000000022029184,,,,想麻烦问一下上海半导体产投怎么样，是哪儿个档次的哇[皱眉R],0,1,青海,0,1777540801000,2026-04-30T17:20:01,60d2f794000000000101d9cd,这又是另一首,想麻烦问一下上海半导体产投怎么样，是哪儿个档次的哇[皱眉R],0
69c89e4700000000150123e3,69ba13a00000000022029184,,,,如果判断什么是头部什么是腰部果子pe呢,0,1,福建,0,1774755400000,2026-03-29T11:36:40,5e226d98000000000100acca,MoMo,如果判断什么是头部什么是腰部果子pe呢,0
69ddfc03000000001601529c,69ba13a00000000022029184,,,,感觉国资pe属于那种躺不平，💰也不多的岗位[捂脸R],1,0,广东,0,1776155651000,2026-04-14T16:34:11,5db6524b0000000001009bb2,momo,感觉国资pe属于那种躺不平，💰也不多的岗位[捂脸R],0
69fdd2870000000028030d56,69ba13a00000000022029184,,,,想问问长江产投怎么样,0,0,湖北,0,1778242183000,2026-05-08T20:09:43,5f1f7e070000000001005a73,赛恩,想问问长江产投怎么样,0
69e0c9840000000014019016,69ba13a00000000022029184,,,69e0c6bd0000000014013806,就是一个市级产投，deal还可以，但非常国资风格,0,0,北京,0,1776339333000,2026-04-16T19:35:33,65ba10a7000000000e026013,商科打工人（绝地求生版）,就是一个市级产投，deal还可以，但非常国资风格,0
6a04d23b000000002100c2d3,69ba13a00000000022029184,,,69dc7f02000000001500254e,方便问一下是哪一家吗[皱眉R] 谢谢,0,0,中国香港,0,1778700859000,2026-05-14T03:34:19,64f3580d0000000006033a29,七七,方便问一下是哪一家吗[皱眉R] 谢谢,0
69ff4e030000000029037eed,69ba13a00000000022029184,,,69ff4c33000000002702a7e7,还可以，有国家队属性。不过他们旗下有很多基金很多组，具体实习体验也跟组有关系,0,0,北京,0,1778339331000,2026-05-09T23:08:51,65ba10a7000000000e026013,商科打工人（绝地求生版）,还可以，有国家队属性。不过他们旗下有很多基金很多组，具体实习体验也跟组有关系,0
69ecbe79000000002a005c45,69ba13a00000000022029184,,,69ecbc65000000000d023001,如果你是毕业年级且公司有明确转正就去蹲蹲hc吧,0,0,北京,0,1777122938000,2026-04-25T21:15:38,65ba10a7000000000e026013,商科打工人（绝地求生版）,如果你是毕业年级且公司有明确转正就去蹲蹲hc吧,0
69d853a2000000000d012672,69ba13a00000000022029184,,,69d7dc7d0000000009007c9b,都还可以吧,0,0,北京,0,1775784866000,2026-04-10T09:34:26,65ba10a7000000000e026013,商科打工人（绝地求生版）,都还可以吧,0
69f332f2000000002902d748,69ba13a00000000022029184,,,69f31ec000000000280348be,还可以吧,0,0,北京,0,1777545970000,2026-04-30T18:46:10,65ba10a7000000000e026013,商科打工人（绝地求生版）,还可以吧,0
69c8a0bd000000000f02f7d9,69ba13a00000000022029184,,,69c89e4700000000150123e3,比较简单方法是看清科榜和投中榜等榜单，进阶的方法是看机构出手项目质量,2,0,北京,0,1774756030000,2026-03-29T11:47:10,65ba10a7000000000e026013,商科打工人（绝地求生版）,比较简单方法是看清科榜和投中榜等榜单，进阶的方法是看机构出手项目质量,0
69e87176000000001401b013,69ba13a00000000022029184,,,,老师，通越国实这家您了解吗？说是中国通号旗下的,0,0,北京,0,1776841079000,2026-04-22T14:57:59,5bfe5ee244363b526a02e57c,mad[hjmncsss],老师，通越国实这家您了解吗？说是中国通号旗下的,0
69cd22f8000000001d009c1d,69ba13a00000000022029184,,,,什么是hc,0,0,北京,0,1775051513000,2026-04-01T21:51:53,606b14ec0000000001004d88,柚见竹隐-小院（建设中）,什么是hc,0
69cf7a470000000015017616,69ba13a00000000022029184,,,,请问老师像大湾区基金（粤港澳大湾区科技创新产业投资基金）这种算是什么级别呢？因为成立比较新在投中和清科上都没找到上榜。如果去PE第一份工作在这里title或者成长足够吗？（组里是有钱有出手的）,0,1,北京,-2,1775204935000,2026-04-03T16:28:55,6226eabd000000001000a860,Casey,请问老师像大湾区基金（粤港澳大湾区科技创新产业投资基金）这种算是什么级别呢？因为成立比较新在投中和清科上都没找到上榜。如果去PE第一份工作在这里title或者成长足够吗？（组里是有钱有出手的）,0
69ba188d0000000002029d6c,69ba13a00000000022029184,,,,@Pentagon,0,0,新加坡,-2,1773803662000,2026-03-18T11:14:22,64aa4db8000000001003634f,小星星,@Pentagon,0
69cf91a8000000000f02cabb,69ba13a00000000022029184,,,69cf7a470000000015017616,我觉得还不错，但可能也分组吧，不同组差异比较大,0,0,北京,0,1775210920000,2026-04-03T18:08:40,65ba10a7000000000e026013,商科打工人（绝地求生版）,我觉得还不错，但可能也分组吧，不同组差异比较大,0
66a4cfe8000000000b02bb71,66a47f7c000000002701f410,,,,整理的挺好的，就是行业烂完了[笑哭R],181,4,上海,0,1722077160000,2024-07-27T18:46:00,6120aa57000000000100045b,camomo,整理的挺好的，就是行业烂完了[笑哭R],0
66b22c21000000001c0387ec,66a47f7c000000002701f410,,,,姐姐，二级转一级需要具备什么条件呢？是不是只要投资数额变大就可以呢？,1,3,北京,0,1722952737000,2024-08-06T21:58:57,6675b5d9000000000d0256ba,西西赴少年,姐姐，二级转一级需要具备什么条件呢？是不是只要投资数额变大就可以呢？,0
6702f197000000002a02adce,66a47f7c000000002701f410,,,,不懂就问 pe是私募股权投资跟二级里的私募有什么区别呢,1,3,澳大利亚,0,1728246168000,2024-10-07T04:22:48,5e912ae50000000001004cd1,Trouv,不懂就问 pe是私募股权投资跟二级里的私募有什么区别呢,0
66a525ac000000001c03999d,66a47f7c000000002701f410,,,,没得选，很多不招的,48,4,中国香港,0,1722099116000,2024-07-28T00:51:56,5d9821a4000000000100bb4b,life,没得选，很多不招的,0
66a49b14000000001500b740,66a47f7c000000002701f410,,,,你这个 是不是从别人的视频整理的[笑哭R],8,3,浙江,0,1722063637000,2024-07-27T15:00:37,5f23aa0c0000000001002d5c,半夜睡不着,你这个 是不是从别人的视频整理的[笑哭R],0
66a4e02b000000000401a277,66a47f7c000000002701f410,,,,蹲蹲信托和保险！[哇R],0,2,安徽,0,1722081323000,2024-07-27T19:55:23,62a1b0100000000021021809,年少有为要努力,蹲蹲信托和保险！[哇R],0
66aba743000000001b011cf2,66a47f7c000000002701f410,,,,姐妹你的字好漂亮呀[偷笑R],6,2,英国,0,1722525508000,2024-08-01T23:18:28,6173d9da000000001f03ff5e,小红薯6550D590,姐妹你的字好漂亮呀[偷笑R],0
68ee9bd60000000037025245,66a47f7c000000002701f410,,,,求推荐[哭惹R][哭惹R][哭惹R][哭惹R][哭惹R]本人目前上海985硕金融在读想找一个实习（倾向于行研但是推荐啥公司呢[哭惹R][哭惹R],0,0,上海,0,1760467926000,2025-10-15T02:52:06,60d0661f0000000001008f69,dddd,求推荐[哭惹R][哭惹R][哭惹R][哭惹R][哭惹R]本人目前上海985硕金融在读想找一个实习（倾向于行研但是推荐啥公司呢[哭惹R][哭惹R],0
671a308f0000000019000e93,66a47f7c000000002701f410,,,,哈喽，请问你当初投的是什么岗位呀，面试的时候问的什么呢，我现在有点不知道从何开始准备面试了 谢谢你的回答！[太阳R],1,0,澳大利亚,0,1729769615000,2024-10-24T19:33:35,60fb7a15000000000100ad88,谁哇哇哇啊,哈喽，请问你当初投的是什么岗位呀，面试的时候问的什么呢，我现在有点不知道从何开始准备面试了 谢谢你的回答！[太阳R],0
66c331c4000000000b00dbc5,66a47f7c000000002701f410,,,,讲的真好[害羞R][害羞R][害羞R][飞吻R][飞吻R][飞吻R],0,0,广东,0,1724068292000,2024-08-19T19:51:32,64a954ca000000002a03770d,Microsleep,讲的真好[害羞R][害羞R][害羞R][飞吻R][飞吻R][飞吻R],0
66a4d29e000000001c013903,66a47f7c000000002701f410,,,66a4cfe8000000000b02bb71,已经选择了只能先硬着头皮在这个行业里混一混了[笑哭R],43,0,上海,0,1722077854000,2024-07-27T18:57:34,5c722d70000000001102550a,红透半边天,已经选择了只能先硬着头皮在这个行业里混一混了[笑哭R],0
6703c8dc000000001601ec67,66a47f7c000000002701f410,,,66b22c21000000001c0387ec,二级转一级是啥意思，二级和一级不是等级吧，只是市场的代号,1,0,湖南,0,1728301276000,2024-10-07T19:41:16,635d55eb00000000180284f2,远方一朵云,二级转一级是啥意思，二级和一级不是等级吧，只是市场的代号,0
683f1cfb000000000103ca11,66a47f7c000000002701f410,,,6702f197000000002a02adce,同问,1,0,天津,0,1748966652000,2025-06-04T00:04:12,5cd7b15d0000000017031401,SOS,同问,0
66a59d6a000000001c011842,66a47f7c000000002701f410,,,66a525ac000000001c03999d,是这样，只是介绍一下，真正找的时候还是看哪个要就去哪个[哭惹R],14,0,上海,0,1722129770000,2024-07-28T09:22:50,5c722d70000000001102550a,红透半边天,是这样，只是介绍一下，真正找的时候还是看哪个要就去哪个[哭惹R],0
66a4b233000000000b02b2ef,66a47f7c000000002701f410,,,66a49b14000000001500b740,我第一段说了是我自己找实习的时候觉得对我有帮助的，确实是当时参考了很多视频和资料再加上我现在实习之后的一些观点，毕竟我也没有在上面所有的机构里面干过[笑哭R]具体参考了哪些文章视频我也记不清了，但也不说是完全整理某一个视频的内容，这个图也不是我原创的，但是大家都在用我也找不到原创[哭惹R]如果你知道可以告诉我～,18,0,上海,0,1722069556000,2024-07-27T16:39:16,5c722d70000000001102550a,红透半边天,我第一段说了是我自己找实习的时候觉得对我有帮助的，确实是当时参考了很多视频和资料再加上我现在实习之后的一些观点，毕竟我也没有在上面所有的机构里面干过[笑哭R]具体参考了哪些文章视频我也记不清了，但也不说是完全整理某一个视频的内容，这个图也不是我原创的，但是大家都在用我也找不到原创[哭惹R]如果你知道可以告诉我～,0
66a505c7000000000b029c09,66a47f7c000000002701f410,,,66a4e02b000000000401a277,好[斜眼R],0,0,上海,0,1722090952000,2024-07-27T22:35:52,5c722d70000000001102550a,红透半边天,好[斜眼R],0
66abaad2000000001c03b4cc,66a47f7c000000002701f410,,,66aba743000000001b011cf2,嘿嘿谢谢～但也有点潦草哈哈哈,0,0,上海,0,1722526419000,2024-08-01T23:33:39,5c722d70000000001102550a,红透半边天,嘿嘿谢谢～但也有点潦草哈哈哈,0
6805ed9c000000002001036b,66a47f7c000000002701f410,,,,券商属于二级市场是吗,0,0,广东,0,1745218972000,2025-04-21T15:02:52,5c5270750000000011009643,醒目仔,券商属于二级市场是吗,0
687cf0d8000000000201a865,66a47f7c000000002701f410,,,,想请教下，对应届生来说，去FA还是 PE/VC 更推荐呢，从未来发展或者薪资角度[笑哭R]（非富二代非顶级985,0,0,广东,0,1753018584000,2025-07-20T21:36:24,60370a750000000001006c3b,Ryan,想请教下，对应届生来说，去FA还是 PE/VC 更推荐呢，从未来发展或者薪资角度[笑哭R]（非富二代非顶级985,0
69410f7c00000000380094ec,66a47f7c000000002701f410,,,,请问金融第一段实习，需要是做商业养老金的实习生，做银行渠道产品路演，其他也可以跟着做企业年金汇报，主要是商业养老金业务，就是需要跟着跑银行对接理财经理，值得做么[哭惹R],0,0,陕西,0,1765871485000,2025-12-16T15:51:25,5ffacbdc000000000101cbae,难搞哦,请问金融第一段实习，需要是做商业养老金的实习生，做银行渠道产品路演，其他也可以跟着做企业年金汇报，主要是商业养老金业务，就是需要跟着跑银行对接理财经理，值得做么[哭惹R],0
6900ea2e0000000039001239,66a47f7c000000002701f410,,,,审计在哪个方面呀,0,0,江苏,0,1761667630000,2025-10-29T00:07:10,62c8562b000000000e00c098,唯维惟,审计在哪个方面呀,0
67739dbb0000000011031b8e,66a47f7c000000002701f410,,,,这些行业文科生都可以有机会做吗[哭惹R],0,0,广东,0,1735630267000,2024-12-31T15:31:07,5f4b53da0000000001009e3f,菠萝包,这些行业文科生都可以有机会做吗[哭惹R],0
66a5cdad0000000015009b16,66a47f7c000000002701f410,,,,第一份基本是能行研吧，除非vip或年级比较高了,4,0,北京,0,1722142125000,2024-07-28T12:48:45,5e23d78f000000000100b3b8,嘎嘎（见到请叫我学习版）,第一份基本是能行研吧，除非vip或年级比较高了,0
684ade92000000000d017abd,66a47f7c000000002701f410,,,,想问问中建投信托对后续想保研华五有帮助吗,0,0,北京,0,1749737106000,2025-06-12T22:05:06,64be6b46000000001403a3be,小红薯64BF402D,想问问中建投信托对后续想保研华五有帮助吗,0
6911eb51000000003802dd26,66a47f7c000000002701f410,,,,风险管理一般属于哪个部分,0,0,马耳他,0,1762782034000,2025-11-10T21:40:34,58f31ad76a6a697fdc4d7c82,🐑🐑🐑,风险管理一般属于哪个部分,0
681110cb000000000401cc18,66a47f7c000000002701f410,,,,第一份实习推荐什么呀,0,0,河南,0,1745948876000,2025-04-30T01:47:56,5f0d5ecc00000000010034a5,My life will_,第一份实习推荐什么呀,0
66cd341500000000160106aa,66a47f7c000000002701f410,,,,你是B站上那个金融小卷王嘛？昨天刚看完视频，一模一样,1,0,广东,0,1724724246000,2024-08-27T10:04:06,5e90618c0000000001001729,woow,你是B站上那个金融小卷王嘛？昨天刚看完视频，一模一样,0
69c53537000000000f01c1f8,66a47f7c000000002701f410,,,,兴业信托做暑期实习怎么样呀,0,0,江苏,0,1774531896000,2026-03-26T21:31:36,62edecb4000000001e01ee86,vvvvvvvvvvvvvvvin,兴业信托做暑期实习怎么样呀,0
675b5d88000000000e010165,66a47f7c000000002701f410,,,,这图画的太好了,0,0,美国,0,1734040969000,2024-12-13T06:02:49,66e3a743000000001d021a57,kk,这图画的太好了,0
6997be4b0000000008030ff5,66a47f7c000000002701f410,,,,请问单纯实习哪个最好进,0,0,福建,0,1771552332000,2026-02-20T09:52:12,5f086d4a000000000100337e,小春日和,请问单纯实习哪个最好进,0
664ae2eb000000001c036fb1,664a37ad0000000016010abb,,,,韩裔真的一大半都是这样的，不要往心里去就行，他们的culture就是take shit from seniors and dump it on juniors，千万别往心里去，他们骂的越狠也就说明自己的life越miserable,23,1,中国香港,0,1716183788000,2024-05-20T13:43:08,5eef1ff30000000001003048,SSYY,韩裔真的一大半都是这样的，不要往心里去就行，他们的culture就是take shit from seniors and dump it on juniors，千万别往心里去，他们骂的越狠也就说明自己的life越miserable,0
664a3f88000000001c00f5b3,664a37ad0000000016010abb,,,,补充一条：还有一个intern在Columbia读书，今天老板痛骂她并且评价说，Columbia protest is not your excuse，我真的无话可说了,7,3,美国,3,1716141961000,2024-05-20T02:06:01,5b4345c9f7e8b966dce38679,mag:-),补充一条：还有一个intern在Columbia读书，今天老板痛骂她并且评价说，Columbia protest is not your excuse，我真的无话可说了,0
664a9b89000000001c036530,664a37ad0000000016010abb,,,,我在美国接触的LMM PE没有这样的老板，这样的人怎么能和portco管理层相处呢？ 你PE投资公司还是要portco的管理层去执行啊,7,2,美国,0,1716165513000,2024-05-20T08:38:33,651647910000000023026b29,BigDaddyYang 🐻,我在美国接触的LMM PE没有这样的老板，这样的人怎么能和portco管理层相处呢？ 你PE投资公司还是要portco的管理层去执行啊,0
664a47f5000000001002be6c,664a37ad0000000016010abb,,,,小金融公司 小pe都这样 还是亚裔 好toxic,5,1,英国,0,1716144118000,2024-05-20T02:41:58,5c0155b16b58b752fb836798,薛定谔的糖葫芦,小金融公司 小pe都这样 还是亚裔 好toxic,0
664a5716000000001c037fa3,664a37ad0000000016010abb,,,,我也即将开始在小PE实习…好可怕[石化R] 被吓到了,1,2,英国,0,1716147991000,2024-05-20T03:46:31,59c554e651783a65fc8f5147,Noturjoy,我也即将开始在小PE实习…好可怕[石化R] 被吓到了,0
664e042000000000100284a3,664a37ad0000000016010abb,,,,我从律所转到PE in-house，第一次上周会就被老板骂人的气势惊到了，别说intern就是VP/D也是骂的信手拈来[笑哭R],0,1,北京,0,1716388896000,2024-05-22T22:41:36,5852a7ef5e87e72ac5077f78,Kuma,我从律所转到PE in-house，第一次上周会就被老板骂人的气势惊到了，别说intern就是VP/D也是骂的信手拈来[笑哭R],0
664d457f000000001c037425,664a37ad0000000016010abb,,,,这么逆天[汗颜R][汗颜R][汗颜R],0,1,北京,0,1716340096000,2024-05-22T09:08:16,5e2be33e00000000010047ca,Eastsideboi,这么逆天[汗颜R][汗颜R][汗颜R],0
664af039000000001c00dc79,664a37ad0000000016010abb,,,,是韩裔吗？感觉好像突然get到了合理性，他们真的很爱骂人很暴躁，我以前有位香港同事领导是韩裔，香港小伙子被骂做的PPT是🐶💩，（在我看来已经很好了），各种PUA，但其实我感觉也没必要发那么大火，都是螺丝钉何苦呢？,0,1,上海,0,1716187194000,2024-05-20T14:39:54,569f587d5e87e7106916e7a3,三瓣橘子,是韩裔吗？感觉好像突然get到了合理性，他们真的很爱骂人很暴躁，我以前有位香港同事领导是韩裔，香港小伙子被骂做的PPT是🐶💩，（在我看来已经很好了），各种PUA，但其实我感觉也没必要发那么大火，都是螺丝钉何苦呢？,0
664a82160000000010028875,664a37ad0000000016010abb,,,,？？这是unpaid实习吗 这不正常！大部分公司都不是这样 所有我做过的unpaid里面只有一个老板这样 然后我和他吵了一架立刻找下家跑路了 我认识的朋友做的也没有这样的（很多老板之前甚至在top EB/BB的也不会这样pua人）,0,1,美国,0,1716158998000,2024-05-20T06:49:58,5c9bacfb000000001600be67,magicalanimal,？？这是unpaid实习吗 这不正常！大部分公司都不是这样 所有我做过的unpaid里面只有一个老板这样 然后我和他吵了一架立刻找下家跑路了 我认识的朋友做的也没有这样的（很多老板之前甚至在top EB/BB的也不会这样pua人）,0
664a38e2000000001c00f8ae,664a37ad0000000016010abb,,,,networking的时候大家都说（几乎所有公司的人），我们公司的氛围非常好，非常supportive，鼓励你成长之类的，这是真的吗，我现在真的有在怀疑…,1,0,美国,0,1716140259000,2024-05-20T01:37:39,5b4345c9f7e8b966dce38679,mag:-),networking的时候大家都说（几乎所有公司的人），我们公司的氛围非常好，非常supportive，鼓励你成长之类的，这是真的吗，我现在真的有在怀疑…,0
664ae7cd000000001c036f80,664a37ad0000000016010abb,,,664ae2eb000000001c036fb1,好！！😭😭,0,0,美国,0,1716185038000,2024-05-20T14:03:58,5b4345c9f7e8b966dce38679,mag:-),好！！😭😭,0
664b476c000000001c035469,664a37ad0000000016010abb,,,664a3f88000000001c00f5b3,wtf,0,0,日本,0,1716209517000,2024-05-20T20:51:57,646e074d000000002a03491a,小红薯646F3E5E,wtf,0
664ab56f000000001c00ebda,664a37ad0000000016010abb,,,664a9b89000000001c036530,我觉得他面对intern和面对investors是两种截然不同的态度[笑哭R]对待investors会花言巧语大谈特谈他读过的书，对待intern就很mean和arrogant,4,0,美国,0,1716172143000,2024-05-20T10:29:03,5b4345c9f7e8b966dce38679,mag:-),我觉得他面对intern和面对investors是两种截然不同的态度[笑哭R]对待investors会花言巧语大谈特谈他读过的书，对待intern就很mean和arrogant,0
664a4983000000001c036bf0,664a37ad0000000016010abb,,,664a47f5000000001002be6c,[失望R][失望R][失望R][失望R],1,0,美国,0,1716144516000,2024-05-20T02:48:36,5b4345c9f7e8b966dce38679,mag:-),[失望R][失望R][失望R][失望R],0
664a8621000000001c00e0ad,664a37ad0000000016010abb,,,664a5716000000001c037fa3,加油！！希望你遇到好老板,0,0,美国,0,1716160033000,2024-05-20T07:07:13,5b4345c9f7e8b966dce38679,mag:-),加油！！希望你遇到好老板,0
664e1629000000001c03710d,664a37ad0000000016010abb,,,664e042000000000100284a3,[失望R][失望R][失望R][失望R],1,0,美国,0,1716393514000,2024-05-22T23:58:34,5b4345c9f7e8b966dce38679,mag:-),[失望R][失望R][失望R][失望R],0
664d6cd7000000001c0344e9,664a37ad0000000016010abb,,,664d457f000000001c037425,[叹气R][叹气R][叹气R],1,0,美国,0,1716350167000,2024-05-22T11:56:07,5b4345c9f7e8b966dce38679,mag:-),[叹气R][叹气R][叹气R],0
664d6d06000000001c036805,664a37ad0000000016010abb,,,664af039000000001c00dc79,是的…完全可以好好说话，好好沟通，然后达到一样的目的的,1,0,美国,0,1716350215000,2024-05-22T11:56:55,5b4345c9f7e8b966dce38679,mag:-),是的…完全可以好好说话，好好沟通，然后达到一样的目的的,0
664a8585000000001c00fb71,664a37ad0000000016010abb,,,664a82160000000010028875,天啊…我现在不太能找得到下家，并且我已经把它写进简历里面了，我担心如果跑路的话，之后的hr要是给这家公司打电话做background check，老板会不会给negative feedback[失望R],1,0,美国,0,1716159877000,2024-05-20T07:04:37,5b4345c9f7e8b966dce38679,mag:-),天啊…我现在不太能找得到下家，并且我已经把它写进简历里面了，我担心如果跑路的话，之后的hr要是给这家公司打电话做background check，老板会不会给negative feedback[失望R],0
67cbce4b0000000017039cb0,664a37ad0000000016010abb,,,,请问可以有偿pe面试辅导吗？（英文为主）新能源/自动驾驶赛道。打招呼次数用完了[皱眉R][皱眉R][皱眉R],0,0,加拿大,0,1741409868000,2025-03-08T12:57:48,63c617140000000026010850,给我一块饼干,请问可以有偿pe面试辅导吗？（英文为主）新能源/自动驾驶赛道。打招呼次数用完了[皱眉R][皱眉R][皱眉R],0
6667e952000000001b006098,664a37ad0000000016010abb,,,,往LP跳，culture好得多，而且可以看你老板这种人夹着尾巴做fundraising[doge],0,0,美国,0,1718085971000,2024-06-11T14:06:11,5f6577c8000000000101ccbb,禾安Herann,往LP跳，culture好得多，而且可以看你老板这种人夹着尾巴做fundraising[doge],0
66651a0b0000000005025bbf,664a37ad0000000016010abb,,,,我每次面试，面试官让我不舒服的一查一个都是pe背景的,0,0,马来西亚,0,1717901835000,2024-06-09T10:57:15,5b30c7a74eacab7f46adbb66,小企鹅啪哒啪哒,我每次面试，面试官让我不舒服的一查一个都是pe背景的,0
664b56690000000008000810,664a37ad0000000016010abb,,,,是unpaid的吗[石化R],0,0,浙江,0,1716213354000,2024-05-20T21:55:54,6460720e00000000290106b8,1111,是unpaid的吗[石化R],0
664b67f1000000000d031bfd,664a37ad0000000016010abb,,,,[拥抱R][拥抱R],0,3,上海,-2,1716217841000,2024-05-20T23:10:41,5965fb6d5e87e711bb84e9df,Jemma_yeah,[拥抱R][拥抱R],0
664b6997000000001c0375d8,664a37ad0000000016010abb,,,664b67f1000000000d031bfd,喜欢你的新头像[色色R][色色R],1,0,美国,0,1716218264000,2024-05-20T23:17:44,5b4345c9f7e8b966dce38679,mag:-),喜欢你的新头像[色色R][色色R],0
69bb6b640000000016017407,69bb6a44000000001b000220,,,,好奇是哪家国资[doge],11,6,北京,0,1773890404000,2026-03-19T11:20:04,5e5571430000000001006e72,吃9999顿火锅,好奇是哪家国资[doge],0
69bb7f70000000000c0327c5,69bb6a44000000001b000220,,,,这个顶级，是修饰国资还是修饰pe的[汗颜R],7,11,上海,0,1773895537000,2026-03-19T12:45:37,5dd299450000000001008c8d,睡觉时有墨水,这个顶级，是修饰国资还是修饰pe的[汗颜R],0
69bf60740000000019002a22,69bb6a44000000001b000220,,,,这5个offer理性人都不会选投行[doge],3,5,北京,0,1774149748000,2026-03-22T11:22:28,5da295170000000001009239,0310,这5个offer理性人都不会选投行[doge],0
69bb721f000000001500b06f,69bb6a44000000001b000220,,,,刚毕业就能看得这么清楚，直接少走几年弯路[萌萌哒R],17,0,河北,3,1773892128000,2026-03-19T11:48:48,5d1cdd100000000012019a1a,火锅味的奥利奥,刚毕业就能看得这么清楚，直接少走几年弯路[萌萌哒R],0
69bb940c000000000f028c8c,69bb6a44000000001b000220,,,,什么时候变现,7,1,广东,0,1773900812000,2026-03-19T14:13:32,62655f87000000001000d928,tzcq,什么时候变现,0
69bb889c0000000009037954,69bb6a44000000001b000220,,,,哪来的60w[偷笑R],2,0,上海,0,1773897885000,2026-03-19T13:24:45,63a5b063000000002702baea,抹茶芭菲,哪来的60w[偷笑R],0
69bcb367000000001400b3e6,69bb6a44000000001b000220,,,,差不多就是两菜一毛本能拿的ofr水平了,3,0,上海,0,1773974375000,2026-03-20T10:39:35,65d21cfc000000000401f6ea,二级求职,差不多就是两菜一毛本能拿的ofr水平了,0
69bb935d000000001400a812,69bb6a44000000001b000220,,,,老师，可以问问国资PE比较看重什么啊，我也想去，但是不知道怎么才能去[哭惹R][哭惹R],1,0,湖北,0,1773900638000,2026-03-19T14:10:38,66d67211000000001d033df0,云那个云,老师，可以问问国资PE比较看重什么啊，我也想去，但是不知道怎么才能去[哭惹R][哭惹R],0
69bbb54a00000000150083a1,69bb6a44000000001b000220,,,,支持选PE,0,0,上海,0,1773909322000,2026-03-19T16:35:22,5acaef4411be104ec2fbac38,自渡清欢,支持选PE,0
69bb71f0000000000103e640,69bb6a44000000001b000220,,,,正确的！！,0,0,北京,0,1773892081000,2026-03-19T11:48:01,59ad49155e87e71c5c3194a9,AAAA跑路momoooo,正确的！！,0
69bb6cb4000000000d0102bb,69bb6a44000000001b000220,,,69bb6b640000000016017407,对啊看了半天就等这个呢[石化R],7,0,北京,0,1773890741000,2026-03-19T11:25:41,5c0ca6ba6b58b75ff922c23f,Hh,对啊看了半天就等这个呢[石化R],0
69bb8da90000000011018479,69bb6a44000000001b000220,,,69bb7f70000000000c0327c5,[黄金薯R]同一片海冲浪,1,0,上海,0,1773899177000,2026-03-19T13:46:17,63f35e62000000001400e061,一只🦒,[黄金薯R]同一片海冲浪,0
69bf8cd00000000011018b51,69bb6a44000000001b000220,,,69bf60740000000019002a22,快得了吧。。,1,0,上海,0,1774161105000,2026-03-22T14:31:45,685b509a000000001b021ebf,咯叽咯叽,快得了吧。。,0
69bc9eed000000003102f353,69bb6a44000000001b000220,,,69bb940c000000000f028c8c,哈哈哈,0,0,中国香港,-2,1773969134000,2026-03-20T09:12:14,5f3f7850000000000100897d,下北泽投行家李田所,哈哈哈,0
69bb73690000000009036838,69bb6a44000000001b000220,,,,2月底刚入职北京某国资PE🤝真的需要一点点搭建自己的投资框架[笑哭R],1,0,北京,0,1773892458000,2026-03-19T11:54:18,606b39620000000001005ea8,口袋面包,2月底刚入职北京某国资PE🤝真的需要一点点搭建自己的投资框架[笑哭R],0
69bb77af000000000f01c124,69bb6a44000000001b000220,,,,合理的！,0,0,广东,0,1773893552000,2026-03-19T12:12:32,5f4f13170000000001007fc9,猪猪侠💞,合理的！,0
69bd106f0000000002037289,69bb6a44000000001b000220,,,,还是希望博主多多更新，你拿的 offer 真的很好，很羡慕，也觉得你很优秀规划很好(òωó)👍,0,0,云南,0,1773998191000,2026-03-20T17:16:31,5dbdc5bb000000000100a086,Hester,还是希望博主多多更新，你拿的 offer 真的很好，很羡慕，也觉得你很优秀规划很好(òωó)👍,0
69bdfdc3000000000f0241b1,69bb6a44000000001b000220,,,,深创投吧,0,0,北京,0,1774058947000,2026-03-21T10:09:07,61cebca90000000010004d74,ColdRiver,深创投吧,0
69c121cf000000001400b115,69bb6a44000000001b000220,,,,在北京么 在北京的话不会是我们这吧[笑哭R],0,0,北京,0,1774264783000,2026-03-23T19:19:43,562a7bb1a40e181562dd36ee,努力搞钱的megan小姐,在北京么 在北京的话不会是我们这吧[笑哭R],0
69bba541000000001500c4d2,69bb6a44000000001b000220,,,,非常赞同图里说的三点原因，目前就是这么个现状。一看就是很优秀的朋友，恭喜,0,0,福建,0,1773905218000,2026-03-19T15:26:58,63f21600000000000f013a1b,bdccc,非常赞同图里说的三点原因，目前就是这么个现状。一看就是很优秀的朋友，恭喜,0
69bb758d000000000f02afe2,69bb6a44000000001b000220,,,,正确的！,0,0,江苏,0,1773893005000,2026-03-19T12:03:25,64555c82000000000f005cbe,pressrls,正确的！,0
69bb852f000000000f00d982,69bb6a44000000001b000220,,,,"我觉得你没必要解释自己选择的正确性，选择自己喜欢的坚定的走下去就好了
但你这篇解释的误导性太强了，国资PE也一样加班的，那些不加班的基本上都没啥deal或投项目非常草率，成长性一般。
而且国资PE上升通道比投行窄多了，投行老登至少知道年纪大了该让位了（exit到其他机构或创业去），你说的那几家所谓顶级国资PE里真的难评……
至于陪伴家庭，人生30岁之前不着家很正常，30多岁之后如果能走向管理岗位就没有那么忙了，所以重点在于你能不能走向管理岗位，而不是你选了哪条路，在哪做执行的junior都非常累",32,6,北京,-2,1773897008000,2026-03-19T13:10:08,65ba10a7000000000e026013,商科打工人（绝地求生版）,我觉得你没必要解释自己选择的正确性，选择自己喜欢的坚定的走下去就好了 但你这篇解释的误导性太强了，国资PE也一样加班的，那些不加班的基本上都没啥deal或投项目非常草率，成长性一般。 而且国资PE上升通道比投行窄多了，投行老登至少知道年纪大了该让位了（exit到其他机构或创业去），你说的那几家所谓顶级国资PE里真的难评…… 至于陪伴家庭，人生30岁之前不着家很正常，30多岁之后如果能走向管理岗位就没有那么忙了，所以重点在于你能不能走向管理岗位，而不是你选了哪条路，在哪做执行的junior都非常累,0
69bb73dc000000003100386b,69bb6a44000000001b000220,,,,应届投行年包哪有60w...华泰MA YOE2.5的年包才到这个数，更别说中金,21,9,北京,-2,1773892572000,2026-03-19T11:56:12,6429b1930000000011023167,Invisible,应届投行年包哪有60w...华泰MA YOE2.5的年包才到这个数，更别说中金,0
69bb82350000000001007f01,69bb6a44000000001b000220,,,,有人质疑你offer你把截图码一下po出来不就得了 但你的发帖风格和口吻真有点刻意[笑哭R],9,0,北京,-2,1773896246000,2026-03-19T12:57:26,607586d20000000001001681,momo,有人质疑你offer你把截图码一下po出来不就得了 但你的发帖风格和口吻真有点刻意[笑哭R],0
69bb983b000000000c030cc9,69bb6a44000000001b000220,,,69bb852f000000000f00d982,一部分同意一部分不同意吧，我觉得世界上应该很难有比投行加班更狠的职业了，平均线投行的hours不可能是PE能赶得上的，尤其是爱做A股IPO的组。另外30岁现在在投行我觉得已经算小朋友了，不说35的线上卡着多少老VP，现在我已经在三中一华见过33/34的SA了，SVP以下，都是牛马，组里40左右的大哥照样干得吭哧吭哧的。,8,0,广东,0,1773901884000,2026-03-19T14:31:24,5fbcfc14000000000101eeb0,投行猫咪大人坐以待币,一部分同意一部分不同意吧，我觉得世界上应该很难有比投行加班更狠的职业了，平均线投行的hours不可能是PE能赶得上的，尤其是爱做A股IPO的组。另外30岁现在在投行我觉得已经算小朋友了，不说35的线上卡着多少老VP，现在我已经在三中一华见过33/34的SA了，SVP以下，都是牛马，组里40左右的大哥照样干得吭哧吭哧的。,0
69bb91cc000000000c032103,69bb6a44000000001b000220,,,69bb73dc000000003100386b,在第一天帖子的评论区我就有回应过，60w计算逻辑肯定是较好的年终奖，同时加上过年费过节费和每年出差300天以上的差补,8,0,广东,0,1773900237000,2026-03-19T14:03:57,5fbcfc14000000000101eeb0,投行猫咪大人坐以待币,在第一天帖子的评论区我就有回应过，60w计算逻辑肯定是较好的年终奖，同时加上过年费过节费和每年出差300天以上的差补,0
69bb9bb7000000000f028ff5,69bb6a44000000001b000220,,,,哪来的60？做梦呢,3,1,上海,-2,1773902775000,2026-03-19T14:46:15,61a5e2820000000002018c9e,小红薯61A70E23,哪来的60？做梦呢,0
69bd53a000000000180232c3,69bb6a44000000001b000220,,,69bb9bb7000000000f028ff5,q,0,0,上海,0,1774015392000,2026-03-20T22:03:12,5ee2fb13000000000101cb7c,小红薯5EE4376E,q,0
