comment_id,note_id,root_comment_id,parent_comment_id,target_comment_id,content,like_count,sub_comment_count,ip_location,status,create_time,create_time_iso,user_id,nickname,clean_content,keyword_hits
69ff5e24000000002803adf3,69f1c19b0000000035020c00,,,,国泰的简历是不是已经筛完了[捂脸R],1,10,四川,0,1778343460000,2026-05-10T00:17:40,5ead8d940000000001003f59,OK,国泰的简历是不是已经筛完了[捂脸R],0
6a00a1e4000000002b0243f8,69f1c19b0000000035020c00,,,,offer是哪家呀 uu,0,2,北京,0,1778426340000,2026-05-10T23:19:00,67e6aacc000000000a03e9f6,今天学CPA了吗（27秋招等offer版）,offer是哪家呀 uu,0
69f2ea7100000000290256a8,69f1c19b0000000035020c00,,,,咋放弃这么多[笑哭R],1,2,北京,0,1777527410000,2026-04-30T13:36:50,669bb309000000000d0267cf,EMMO,咋放弃这么多[笑哭R],0
69f1d464000000002803543c,69f1c19b0000000035020c00,,,,为啥简历挂啊，上财本硕感觉可以了,0,2,北京,0,1777456229000,2026-04-29T17:50:29,5fa15a6a000000000101d77d,玉米罐头,为啥简历挂啊，上财本硕感觉可以了,0
6a0bb334000000002803f443,69f1c19b0000000035020c00,,,,我也平安测评挂了，不理解[哭惹R],0,0,上海,0,1779151669000,2026-05-19T08:47:49,5f7dea9e000000000100502a,我的小嗳猫猫呢,我也平安测评挂了，不理解[哭惹R],0
69fd2420000000002a02c58b,69f1c19b0000000035020c00,,,,中金ib昨天发面邀了,0,2,澳大利亚,0,1778197537000,2026-05-08T07:45:37,5bfe4fbbd7a7f600013b6e9d,哒啦哒啦,中金ib昨天发面邀了,0
6a0b64f3000000002901153c,69f1c19b0000000035020c00,,,,请问东吴面试后有发笔试吗！？,0,0,英国,0,1779131635000,2026-05-19T03:13:55,6533cb5d0000000006006fe1,七七小宇宙,请问东吴面试后有发笔试吗！？,0
6a0146e9000000002b0006aa,69f1c19b0000000035020c00,,,,请问万家面后有后续吗[哭惹R],0,4,北京,0,1778468585000,2026-05-11T11:03:05,65be357a000000000d03fe3c,小红薯65BE9948,请问万家面后有后续吗[哭惹R],0
69fab9ab000000002a0260fc,69f1c19b0000000035020c00,,,,好多家不知道是没推进，还是挂[捂脸R][捂脸R],0,4,北京,0,1778039212000,2026-05-06T11:46:52,5ed21f61000000000101d8d8,爱丽丝梦游记,好多家不知道是没推进，还是挂[捂脸R][捂脸R],0
6a02d024000000002800a13a,69f1c19b0000000035020c00,,,,sufe也没收到招总面试，释然了[睡觉R],0,1,北京,0,1778569253000,2026-05-12T15:00:53,67bb33a8000000000601f7c9,加奈瓶,sufe也没收到招总面试，释然了[睡觉R],0
6a00ab6c000000002800889e,69f1c19b0000000035020c00,,,69ff5e24000000002803adf3,听说已经有人拿offer了[笑哭R],0,0,上海,0,1778428781000,2026-05-10T23:59:41,5ee39aa400000000010029cb,菜鱼不酸,听说已经有人拿offer了[笑哭R],0
6a00ab9b000000002702eb44,69f1c19b0000000035020c00,,,6a00a1e4000000002b0243f8,这个码一下[微笑R],0,0,上海,0,1778428828000,2026-05-11T00:00:28,5ee39aa400000000010029cb,菜鱼不酸,这个码一下[微笑R],0
69f30523000000002702d507,69f1c19b0000000035020c00,,,69f2ea7100000000290256a8,放弃的差不多都是前二十的公募，感觉希望不大，而且本人还在实习，精力有限[捂脸R],2,0,上海,0,1777534244000,2026-04-30T15:30:44,5ee39aa400000000010029cb,菜鱼不酸,放弃的差不多都是前二十的公募，感觉希望不大，而且本人还在实习，精力有限[捂脸R],0
69f1ddf5000000002702a392,69f1c19b0000000035020c00,,,69f1d464000000002803543c,好学校太多了[笑哭R],1,0,上海,0,1777458677000,2026-04-29T18:31:17,5ee39aa400000000010029cb,菜鱼不酸,好学校太多了[笑哭R],0
6a01b9f200000000290357d9,69f1c19b0000000035020c00,,,69fd2420000000002a02c58b,base哪里的呀[哭惹R],0,0,广东,0,1778498035000,2026-05-11T19:13:55,5f0e89b2000000000101d5ae,Star,base哪里的呀[哭惹R],0
6a016889000000002b029ea7,69f1c19b0000000035020c00,,,6a0146e9000000002b0006aa,前几天面了 不知道是不是默拒了,0,0,北京,0,1778477194000,2026-05-11T13:26:34,65be357a000000000d03fe3c,小红薯65BE9948,前几天面了 不知道是不是默拒了,0
6a00abab00000000280092eb,69f1c19b0000000035020c00,,,69fab9ab000000002a0260fc,确实[捂脸R],1,0,上海,0,1778428844000,2026-05-11T00:00:44,5ee39aa400000000010029cb,菜鱼不酸,确实[捂脸R],0
6a03516c000000002701f957,69f1c19b0000000035020c00,,,6a02d024000000002800a13a,[笑哭R],0,0,上海,0,1778602348000,2026-05-13T00:12:28,5ee39aa400000000010029cb,菜鱼不酸,[笑哭R],0
6a0357d900000000290117c5,69f1c19b0000000035020c00,,,,学弟来3C,0,1,上海,0,1778603993000,2026-05-13T00:39:53,623b2327000000001000d0b4,momo,学弟来3C,0
6a0a913e000000000d022c00,69f1c19b0000000035020c00,,,,求实习bg,0,0,上海,0,1779077438000,2026-05-18T12:10:38,61e2f429000000001000f860,冉,求实习bg,0
6a032f7a0000000028036e8c,69f1c19b0000000035020c00,,,,哇好拼…我简历都投累了，看到你帖子又爬起来了,0,1,上海,0,1778593658000,2026-05-12T21:47:38,634bbf000000000009008894,Leora,哇好拼…我简历都投累了，看到你帖子又爬起来了,0
69f2049c000000002901a496,69f1c19b0000000035020c00,,,,景顺长城什么岗啊 [萌萌哒R],0,1,上海,0,1777468572000,2026-04-29T21:16:12,60336fe90000000001008e1e,不爱吃🐟,景顺长城什么岗啊 [萌萌哒R],0
69f1d12f000000002a006350,69f1c19b0000000035020c00,,,,UU万家面的什么岗呀,0,1,北京,0,1777455408000,2026-04-29T17:36:48,65be357a000000000d03fe3c,小红薯65BE9948,UU万家面的什么岗呀,0
69f222c6000000002800932d,69f1c19b0000000035020c00,,,,我上财本复旦的硕，方向差不多和你，可以交流交流[微笑R],1,1,上海,0,1777476295000,2026-04-29T23:24:55,61fd42be0000000010009dff,大本钟上海分钟,我上财本复旦的硕，方向差不多和你，可以交流交流[微笑R],0
69f715bd000000002b00334f,69f1c19b0000000035020c00,,,,为啥放弃华财～,0,1,四川,0,1777800637000,2026-05-03T17:30:37,67e6aacc000000000a03e9f6,今天学CPA了吗（27秋招等offer版）,为啥放弃华财～,0
69fed21c000000002a006612,69f1c19b0000000035020c00,,,,看这挂的和放弃的，感觉是世另我哈哈哈[捂脸R]啥都不想干,0,1,上海,0,1778307613000,2026-05-09T14:20:13,5f50cc89000000000100afb6,早日成为大大富婆,看这挂的和放弃的，感觉是世另我哈哈哈[捂脸R]啥都不想干,0
69f3101700000000280317cc,69f1c19b0000000035020c00,,,,cy,0,0,上海,0,1777537048000,2026-04-30T16:17:28,5b7689f504121a0001917e2d,尘灌吸,cy,0
69f1ce7a000000002b02939b,69f1c19b0000000035020c00,,,,刚交一下,0,1,上海,0,1777454715000,2026-04-29T17:25:15,5fab6a7c0000000001009a00,瑞黑怕,刚交一下,0
6a03c6cc000000002702ec9b,69f1c19b0000000035020c00,,,6a0357d900000000290117c5,我努努力[doge],0,0,上海,0,1778632396000,2026-05-13T08:33:16,5ee39aa400000000010029cb,菜鱼不酸,我努努力[doge],0
6a035163000000002702ce9a,69f1c19b0000000035020c00,,,6a032f7a0000000028036e8c,冲冲冲,0,0,上海,0,1778602340000,2026-05-13T00:12:20,5ee39aa400000000010029cb,菜鱼不酸,冲冲冲,0
69f20e560000000027022c3f,69f1c19b0000000035020c00,,,69f2049c000000002901a496,etf,0,0,上海,0,1777471063000,2026-04-29T21:57:43,5ee39aa400000000010029cb,菜鱼不酸,etf,0
69f1d243000000002800812a,69f1c19b0000000035020c00,,,69f1d12f000000002a006350,固收研究,1,0,上海,0,1777455683000,2026-04-29T17:41:23,5ee39aa400000000010029cb,菜鱼不酸,固收研究,0
69f23089000000002800882c,69f1c19b0000000035020c00,,,69f222c6000000002800932d,佬，关注你了[微笑R],0,0,上海,0,1777479818000,2026-04-30T00:23:38,5ee39aa400000000010029cb,菜鱼不酸,佬，关注你了[微笑R],0
69f76d58000000002702a168,69f1c19b0000000035020c00,,,69f715bd000000002b00334f,本人太懒了，感觉没什么精力准备财会的东西[捂脸R],0,0,上海,0,1777823064000,2026-05-03T23:44:24,5ee39aa400000000010029cb,菜鱼不酸,本人太懒了，感觉没什么精力准备财会的东西[捂脸R],0
6a00ab7f0000000028008baf,69f1c19b0000000035020c00,,,69fed21c000000002a006612,哈哈哈,0,0,上海,0,1778428799000,2026-05-10T23:59:59,5ee39aa400000000010029cb,菜鱼不酸,哈哈哈,0
69f1d22e000000002701cb3e,69f1c19b0000000035020c00,,,69f1ce7a000000002b02939b,不跟没肌肉的人交,0,0,上海,0,1777455663000,2026-04-29T17:41:03,5ee39aa400000000010029cb,菜鱼不酸,不跟没肌肉的人交,0
69f99447000000002900d9fc,69f1c19b0000000035020c00,,,,震惊，有些不应该简历挂啊,0,0,北京,0,1777964103000,2026-05-05T14:55:03,643004900000000011021af8,momo,震惊，有些不应该简历挂啊,0
6a06d5cf000000002901924a,69f1c19b0000000035020c00,,,,@我想意气风发 为何我0ofr,0,0,贵州,0,1778832848000,2026-05-15T16:14:08,61d0637e00000000100040f1,练不起肩就垫吧,@我想意气风发 为何我0ofr,0
69f1d7dd000000002900f8b4,69f1c19b0000000035020c00,,,,蹲,0,1,四川,-2,1777457118000,2026-04-29T18:05:18,625b00890000000010004b0f,我爱喝牛奶,蹲,0
69f3016f000000002702e08d,69f1c19b0000000035020c00,,,,银行笔试测评题库笔试辅导,0,0,北京,-2,1777533296000,2026-04-30T15:14:56,6667b17e000000000d0259db,校招笔试智多星,银行笔试测评题库笔试辅导,0
69f1f9d5000000002a0055da,69f1c19b0000000035020c00,,,,👍,0,1,四川,0,1777465813000,2026-04-29T20:30:13,603327490000000001007fb5,Adam,👍,0
69f20e6f000000002701597f,69f1c19b0000000035020c00,,,69f1d7dd000000002900f8b4,速去三中一华,0,0,上海,0,1777471088000,2026-04-29T21:58:08,5ee39aa400000000010029cb,菜鱼不酸,速去三中一华,0
69f20e96000000002702a9cf,69f1c19b0000000035020c00,,,69f1f9d5000000002a0055da,西交哥求指点🙏,0,0,上海,0,1777471126000,2026-04-29T21:58:46,5ee39aa400000000010029cb,菜鱼不酸,西交哥求指点🙏,0
6a0a1ccd000000002900e396,6a0a033b000000003501f4f7,,,,这能拿到邮储总？nb[笑哭R],1,6,新加坡,0,1779047629000,2026-05-18T03:53:49,672a2519000000001c01b0c9,Bill,这能拿到邮储总？nb[笑哭R],0
6a0acb7e0000000029024f33,6a0a033b000000003501f4f7,,,,感觉这里山东高速是最好的,0,2,山东,0,1779092350000,2026-05-18T16:19:10,5e686a510000000001009aaf,棒棒糖🍭,感觉这里山东高速是最好的,0
6a0a061a000000002702d67e,6a0a033b000000003501f4f7,,,,还不睡[微笑R],0,2,四川,0,1779041818000,2026-05-18T02:16:58,60dd9478000000002002e842,momo,还不睡[微笑R],0
6a0a428a00000000280336e1,6a0a033b000000003501f4f7,,,,邮储总和其他断档,0,5,河北,0,1779057291000,2026-05-18T06:34:51,602bfa04000000000101ca29,小元,邮储总和其他断档,0
6a0b4878000000002803f16d,6a0a033b000000003501f4f7,,,,这个bg能拿到邮储总确实很不错了,0,0,安徽,0,1779124345000,2026-05-19T01:12:25,5ef35c04000000000101f760,超威懒猫,这个bg能拿到邮储总确实很不错了,0
6a0ae184000000002b0000b8,6a0a033b000000003501f4f7,,,,山东人肯定山东高速啊[doge],0,1,浙江,0,1779097988000,2026-05-18T17:53:08,58549a7282ec39324c44e93b,不加糖少冰,山东人肯定山东高速啊[doge],0
6a0a7e8d000000002a02c9ba,6a0a033b000000003501f4f7,,,,所以最终offer你还是放弃银行了[哭惹R],0,1,海南,0,1779072654000,2026-05-18T10:50:54,60095c0000000000010076f6,拉普达,所以最终offer你还是放弃银行了[哭惹R],0
6a0a4eff000000002b024be7,6a0a033b000000003501f4f7,,,,一定有总选总,0,1,河北,0,1779060479000,2026-05-18T07:27:59,6873cdc7000000001d015dbc,小红薯,一定有总选总,0
6a0a499b00000000290264c5,6a0a033b000000003501f4f7,,,,什么bg呀博主,0,0,山东,0,1779059100000,2026-05-18T07:05:00,601e045d000000000100004b,再来一个蛋挞,什么bg呀博主,0
6a0a69f80000000027020f2d,6a0a033b000000003501f4f7,,,6a0a1ccd000000002900e396,可能有歧义，改了一下,2,0,浙江,0,1779067385000,2026-05-18T09:23:05,5f3cf8de0000000001003027,CLOCK,可能有歧义，改了一下,0
6a0acf6e0000000027015bba,6a0a033b000000003501f4f7,,,6a0acb7e0000000029024f33,因为我是济南人[偷笑R],0,0,浙江,0,1779093359000,2026-05-18T16:35:59,5f3cf8de0000000001003027,CLOCK,因为我是济南人[偷笑R],0
6a0a062a0000000028009882,6a0a033b000000003501f4f7,,,6a0a061a000000002702d67e,失眠了[哭惹R],0,0,浙江,0,1779041835000,2026-05-18T02:17:15,5f3cf8de0000000001003027,CLOCK,失眠了[哭惹R],0
6a0b4ccc000000002702c9fe,6a0a033b000000003501f4f7,,,6a0a428a00000000280336e1,看评论才知道原来这个最好，结果没去[笑哭R][笑哭R][笑哭R],0,0,北京,0,1779125453000,2026-05-19T01:30:53,5f3cf8de0000000001003027,CLOCK,看评论才知道原来这个最好，结果没去[笑哭R][笑哭R][笑哭R],0
6a0b5e4d000000002702f136,6a0a033b000000003501f4f7,,,6a0ae184000000002b0000b8,所以说每个offer都代表了一个不一样的未来[笑哭R],0,0,北京,0,1779129933000,2026-05-19T02:45:33,5f3cf8de0000000001003027,CLOCK,所以说每个offer都代表了一个不一样的未来[笑哭R],0
6a0a82a6000000002701f744,6a0a033b000000003501f4f7,,,6a0a7e8d000000002a02c9ba,哈哈，被你发现了[笑哭R],0,0,浙江,0,1779073702000,2026-05-18T11:08:22,5f3cf8de0000000001003027,CLOCK,哈哈，被你发现了[笑哭R],0
6a0a69a1000000002701735f,6a0a033b000000003501f4f7,,,6a0a4eff000000002b024be7,可能写的有点歧义,0,0,浙江,0,1779067297000,2026-05-18T09:21:37,5f3cf8de0000000001003027,CLOCK,可能写的有点歧义,0
6a0b0f49000000002701ef99,6a0a015e0000000008025535,,,,认识一些贸大的商科同学 感觉商科硕有个12-15k不卖命加班的工作已经还OK了[捂脸R],1,3,北京,0,1779109706000,2026-05-18T21:08:26,5cc9bc04000000001100672b,蓝味蛋黄派,认识一些贸大的商科同学 感觉商科硕有个12-15k不卖命加班的工作已经还OK了[捂脸R],0
6a0adac40000000023001572,6a0a015e0000000008025535,,,,你说的今年就业情况怎么跟体感完全不一样，我看今年都挺好的,0,2,上海,0,1779096261000,2026-05-18T17:24:21,5d25c10f000000001601ffb0,不万能青年,你说的今年就业情况怎么跟体感完全不一样，我看今年都挺好的,0
6a0b27a2000000002800b463,6a0a015e0000000008025535,,,,怎么会有一半没定，不是已经回暖了嘛[哭惹R],0,2,湖南,0,1779115939000,2026-05-18T22:52:19,63eb3174000000002702bb80,wbnsjfn,怎么会有一半没定，不是已经回暖了嘛[哭惹R],0
6a0ae578000000002b02747b,6a0a015e0000000008025535,,,,感觉是同校同学[哭惹R]看见说还有一半没定感觉有点担心（我也没定[合十R]）,1,6,上海,0,1779099001000,2026-05-18T18:10:01,5f6ea3270000000001008129,momo,感觉是同校同学[哭惹R]看见说还有一半没定感觉有点担心（我也没定[合十R]）,0
6a0af93500000000280098ef,6a0a015e0000000008025535,,,,猪宝能力肯定很强的，蹲个后续[棒R]话说今年就业形势这么严峻吗还有四大八大[完啦R],1,2,山东,3,1779104054000,2026-05-18T19:34:14,6269531d00000000210245a8,momo,猪宝能力肯定很强的，蹲个后续[棒R]话说今年就业形势这么严峻吗还有四大八大[完啦R],0
6a0a6e4f00000000290133e6,6a0a015e0000000008025535,,,,融资租赁还能跳券商吗[笑哭R],0,6,广东,0,1779068495000,2026-05-18T09:41:35,65e586a4000000000500f8d2,小红薯65E5D751,融资租赁还能跳券商吗[笑哭R],0
6a0a5dbe000000002900e99b,6a0a015e0000000008025535,,,,没看懂，你到底看中的是什么要素。,3,2,内蒙古,0,1779064255000,2026-05-18T08:30:55,62341cf2000000002102352c,momo,没看懂，你到底看中的是什么要素。,0
6a0b2a0b000000002702c7f5,6a0a015e0000000008025535,,,,主包主包你是从研0就刷实习了吗，研1课很多感觉好难翘[皱眉R][皱眉R],0,1,湖南,0,1779116556000,2026-05-18T23:02:36,63eb3174000000002702bb80,wbnsjfn,主包主包你是从研0就刷实习了吗，研1课很多感觉好难翘[皱眉R][皱眉R],0
6a0b21260000000027016463,6a0a015e0000000008025535,,,,四大八大感觉明显属于屈尊了[石化R]，我们这种双非财经都能随便去四大面食[笑哭R],0,1,北京,0,1779114279000,2026-05-18T22:24:39,602a3dec000000000101e931,momo,四大八大感觉明显属于屈尊了[石化R]，我们这种双非财经都能随便去四大面食[笑哭R],0
6a0ad6e30000000028033f0e,6a0a015e0000000008025535,,,,不是说今年就业特别好吗，尤其是金融有很多hc[笑哭R]，我听说投暑期的结果都特别好,0,1,上海,0,1779095268000,2026-05-18T17:07:48,5f5a22350000000001009a37,（020204）,不是说今年就业特别好吗，尤其是金融有很多hc[笑哭R]，我听说投暑期的结果都特别好,0
6a0b2878000000002b027dee,6a0a015e0000000008025535,,,6a0b0f49000000002701ef99,可惜我没有12-15k！哎！,0,0,上海,0,1779116152000,2026-05-18T22:55:52,63fc051c000000001001c3e9,slow,可惜我没有12-15k！哎！,0
6a0ae40f000000002a0251e4,6a0a015e0000000008025535,,,6a0adac40000000023001572,你啥专业，,0,0,上海,0,1779098640000,2026-05-18T18:04:00,63fc051c000000001001c3e9,slow,你啥专业，,0
6a0b28c9000000002b000330,6a0a015e0000000008025535,,,6a0b27a2000000002800b463,曼昆宏观经济学表示没那么快[doge],1,0,上海,0,1779116233000,2026-05-18T22:57:13,63fc051c000000001001c3e9,slow,曼昆宏观经济学表示没那么快[doge],0
6a0af8f1000000002b024e8d,6a0a015e0000000008025535,,,6a0ae578000000002b02747b,慢慢来，不着急～我本来其实都想gap。感觉研究生两年太累了。。,0,0,上海,0,1779103985000,2026-05-18T19:33:05,63fc051c000000001001c3e9,slow,慢慢来，不着急～我本来其实都想gap。感觉研究生两年太累了。。,0
6a0b07e60000000029026744,6a0a015e0000000008025535,,,6a0af93500000000280098ef,应该大概率选offer1了。猪宝很需要wlb！,0,0,上海,0,1779107815000,2026-05-18T20:36:55,63fc051c000000001001c3e9,slow,应该大概率选offer1了。猪宝很需要wlb！,0
6a0a9775000000002a02dd52,6a0a015e0000000008025535,,,6a0a6e4f00000000290133e6,因为我是财务，不是研究类吧，融资租赁这个offer的财务不是做账的，所以逗包老师说能跳券商财务什么的，但是我其实也持着怀疑态度。而且去什么平台不重要，我就想30岁可以到40w年薪吧,1,0,上海,0,1779079030000,2026-05-18T12:37:10,63fc051c000000001001c3e9,slow,因为我是财务，不是研究类吧，融资租赁这个offer的财务不是做账的，所以逗包老师说能跳券商财务什么的，但是我其实也持着怀疑态度。而且去什么平台不重要，我就想30岁可以到40w年薪吧,0
6a0a97fc000000002a02f181,6a0a015e0000000008025535,,,6a0a5dbe000000002900e99b,就是比较看重长期的发展，好不好跳槽，未来不容易被优化，被ai取代，以及30岁可以到个年薪40w。财务是越老越值钱的一个工作，但是普通做账会计容易被取代，我还是有高薪理想的。如果可以wlb更加好了。但是我知道跳槽也会看工资流，所以第一份工作可能就每个月10k左右在同班同学里算比较低的,3,0,上海,0,1779079165000,2026-05-18T12:39:25,63fc051c000000001001c3e9,slow,就是比较看重长期的发展，好不好跳槽，未来不容易被优化，被ai取代，以及30岁可以到个年薪40w。财务是越老越值钱的一个工作，但是普通做账会计容易被取代，我还是有高薪理想的。如果可以wlb更加好了。但是我知道跳槽也会看工资流，所以第一份工作可能就每个月10k左右在同班同学里算比较低的,0
6a0b2de1000000002a026f7e,6a0a015e0000000008025535,,,6a0b2a0b000000002702c7f5,没，猪宝研一块过完了才开始刷实习。,0,0,上海,0,1779117538000,2026-05-18T23:18:58,63fc051c000000001001c3e9,slow,没，猪宝研一块过完了才开始刷实习。,0
6a0b284c000000002b02aa9b,6a0a015e0000000008025535,,,6a0b21260000000027016463,要看跳槽哦，四大每年的跳槽生，跳槽的时候还是会看学历的。,0,0,上海,0,1779116108000,2026-05-18T22:55:08,63fc051c000000001001c3e9,slow,要看跳槽哦，四大每年的跳槽生，跳槽的时候还是会看学历的。,0
6a0b07c0000000002a006e5f,6a0a015e0000000008025535,,,6a0ad6e30000000028033f0e,看能不能熬住近一年的高强度实习了，反正猪宝入学那年，学校老师内推了上海tier2券商实习，听说一天20猪宝没去。,1,0,上海,0,1779107777000,2026-05-18T20:36:17,63fc051c000000001001c3e9,slow,看能不能熬住近一年的高强度实习了，反正猪宝入学那年，学校老师内推了上海tier2券商实习，听说一天20猪宝没去。,0
6a0b15af00000000280356a0,6a0a015e0000000008025535,,,,助力[害羞R][害羞R],1,0,北京,0,1779111343000,2026-05-18T21:35:43,60eaaaae00000000010057db,momo,助力[害羞R][害羞R],0
6a0a3de60000000029010a6f,6a0a015e0000000008025535,,,,猪包好幽默[超喜欢R]虽然不懂但来支持,1,1,广东,0,1779056103000,2026-05-18T06:15:03,61d85df4000000001000f411,地素,猪包好幽默[超喜欢R]虽然不懂但来支持,0
6a0b34db000000002702324d,6a0a015e0000000008025535,,,,tier3具体是哪家呀 如果风评不错建议银行,0,0,福建,0,1779119323000,2026-05-18T23:48:43,5f47f46b00000000010046a8,tomato只吃一口,tier3具体是哪家呀 如果风评不错建议银行,0
6a0a061f000000002902d202,6a0a015e0000000008025535,,,,其实，此乃本人内心所想。。哈哈哈哈哈。,1,0,上海,0,1779041824000,2026-05-18T02:17:04,63fc051c000000001001c3e9,slow,其实，此乃本人内心所想。。哈哈哈哈哈。,0
6a0b2552000000002803906a,6a0a015e0000000008025535,,,,"我看另一个对外经贸硕，双非本的博主，好像只有一个银行客户经理offer,这几年是不是卡本太严重……，还是专业问题…两财一贸去四大也不是新鲜事了",0,1,辽宁,-2,1779115346000,2026-05-18T22:42:26,60db076d0000000001001b10,秋离,"我看另一个对外经贸硕，双非本的博主，好像只有一个银行客户经理offer,这几年是不是卡本太严重……，还是专业问题…两财一贸去四大也不是新鲜事了",0
6a0a9955000000002b026c08,6a0a015e0000000008025535,,,6a0a3de60000000029010a6f,阿里嘎多🫰🏻[害羞R],0,0,上海,0,1779079510000,2026-05-18T12:45:10,63fc051c000000001001c3e9,slow,阿里嘎多🫰🏻[害羞R],0
6a0b2861000000002b0279ca,6a0a015e0000000008025535,,,6a0b2552000000002803906a,对。银行管培其实也是客户经理,0,0,上海,0,1779116129000,2026-05-18T22:55:29,63fc051c000000001001c3e9,slow,对。银行管培其实也是客户经理,0
6a04735f0000000029011076,6a03f5af000000003700cd9d,,,,后来经理也给我打电话了也道歉了好几次，主包也是比较窝囊说行 理解，然后就是进行了电话面试。目前主包没有大一点公司的offer了，想问下评论区毕业后在这个公司做一个过渡，有一个大厂背书建不建议[哭惹R],6,7,新疆,4,1778676575000,2026-05-13T20:49:35,621799210000000021022a82,坤kun宝宝(求职中),后来经理也给我打电话了也道歉了好几次，主包也是比较窝囊说行 理解，然后就是进行了电话面试。目前主包没有大一点公司的offer了，想问下评论区毕业后在这个公司做一个过渡，有一个大厂背书建不建议[哭惹R],0
6a05bcde000000002a007e9e,6a03f5af000000003700cd9d,,,,面试的他们家的BP怎么样啊，怎么感觉避雷贴好多啊[哭惹R],0,6,甘肃,0,1778760927000,2026-05-14T20:15:27,60d96d92000000000101e72a,困困狗,面试的他们家的BP怎么样啊，怎么感觉避雷贴好多啊[哭惹R],0
6a0443cb0000000028038b62,6a03f5af000000003700cd9d,,,,别去就行 我24校招去的一个月就被裁了,9,5,云南,0,1778664396000,2026-05-13T17:26:36,5efe00ae0000000001001d57,Yy,别去就行 我24校招去的一个月就被裁了,0
6a056c10000000002901b919,6a03f5af000000003700cd9d,,,,我很好奇是卖什么产品的吗，收银设备吗[笑哭R],0,4,广东,0,1778740240000,2026-05-14T14:30:40,5d2421b1000000001003d8b5,PEIJIE,我很好奇是卖什么产品的吗，收银设备吗[笑哭R],0
6a0beec0000000002a02d7f1,6a03f5af000000003700cd9d,,,,官网招聘要求写高考分数和省排名的能是什么正常公司[鄙视R][鄙视R][鄙视R],0,0,北京,0,1779166913000,2026-05-19T13:01:53,5b9d3d75398e4d00018938c1,momo,官网招聘要求写高考分数和省排名的能是什么正常公司[鄙视R][鄙视R][鄙视R],0
6a0bdb64000000002803c64c,6a03f5af000000003700cd9d,,,,我也面了，2本国科大硕[失望R],0,0,新疆,0,1779161957000,2026-05-19T11:39:17,5b444296e8ac2b387aee6890,小小小豆喜,我也面了，2本国科大硕[失望R],0
6a044899000000002b026e22,6a03f5af000000003700cd9d,,,,那个 我想问一下济南也有一家慧策旺店通 我今天试岗了要累死了 一直在出外勤 但是我又觉得惠策是大平台能学到东西 然后我问带教老师她说是签三方这是啥意思靠谱吗 所以有没有友友们给我点建议[哭惹R],4,30,山东,3,1778665625000,2026-05-13T17:47:05,64eb5ff1000000000100618d,晨,那个 我想问一下济南也有一家慧策旺店通 我今天试岗了要累死了 一直在出外勤 但是我又觉得惠策是大平台能学到东西 然后我问带教老师她说是签三方这是啥意思靠谱吗 所以有没有友友们给我点建议[哭惹R],0
6a041bd1000000002902e4ad,6a03f5af000000003700cd9d,,,,别去 你看看我主页,2,6,北京,0,1778654161000,2026-05-13T14:36:01,594cceeb82ec3976a30f8b47,溜溜的宠物口水巾,别去 你看看我主页,0
6a0561a3000000002900fc07,6a03f5af000000003700cd9d,,,,大家能不能抵制不良公司啊[微笑R]这种都敢要92我真是醉了,9,1,云南,0,1778737572000,2026-05-14T13:46:12,66a7297d000000001d021916,atleo,大家能不能抵制不良公司啊[微笑R]这种都敢要92我真是醉了,0
6a047bfb000000002803fc03,6a03f5af000000003700cd9d,,,,我面过产品岗，需要去销售轮岗半年  哈哈哈太抽象了[笑哭R],1,4,北京,0,1778678780000,2026-05-13T21:26:20,5d16ef390000000010002de9,Waldeinsamkeit,我面过产品岗，需要去销售轮岗半年 哈哈哈太抽象了[笑哭R],0
6a048c230000000027016280,6a03f5af000000003700cd9d,,,6a04735f0000000029011076,这个公司不算大厂吧  现在不行，公司盈利有限又想上市，就猛压人力成本，要求995，工资还一般,55,0,四川,0,1778682915000,2026-05-13T22:35:15,5e80973b000000000100bc8c,渡か,这个公司不算大厂吧 现在不行，公司盈利有限又想上市，就猛压人力成本，要求995，工资还一般,0
6a05c05b000000002803afc9,6a03f5af000000003700cd9d,,,6a05bcde000000002a007e9e,BP是什么岗位,1,0,新疆,0,1778761819000,2026-05-14T20:30:19,621799210000000021022a82,坤kun宝宝(求职中),BP是什么岗位,0
6a04746d0000000028039a51,6a03f5af000000003700cd9d,,,6a0443cb0000000028038b62,麻烦问问那这个经历对于后续找工作有没有帮助呢，能不能作为一个背书呢,0,0,新疆,0,1778676846000,2026-05-13T20:54:06,621799210000000021022a82,坤kun宝宝(求职中),麻烦问问那这个经历对于后续找工作有没有帮助呢，能不能作为一个背书呢,0
6a05a2c0000000002701e3c9,6a03f5af000000003700cd9d,,,6a056c10000000002901b919,电商供销存系统，属于saad软件销售,0,0,河北,0,1778754240000,2026-05-14T18:24:00,64a7647a0000000010037665,飞羽,电商供销存系统，属于saad软件销售,0
6a044c0f000000002b00222e,6a03f5af000000003700cd9d,,,6a044899000000002b026e22,签的外包～,4,0,上海,0,1778666512000,2026-05-13T18:01:52,6131a1b30000000002024660,芒光,签的外包～,0
6a04844c000000002a02e43c,6a03f5af000000003700cd9d,,,6a041bd1000000002902e4ad,刚接了开发岗的offer[石化R],0,0,北京,0,1778680909000,2026-05-13T22:01:49,5b5436c34eacab367d33b79e,Cc,刚接了开发岗的offer[石化R],0
6a05ae700000000027020fc3,6a03f5af000000003700cd9d,,,6a0561a3000000002900fc07,我9本今早刚面了[哭惹R],0,0,辽宁,0,1778757233000,2026-05-14T19:13:53,6528193f000000000200ffaa,春日部防卫队积极分子,我9本今早刚面了[哭惹R],0
6a068140000000002900eb1c,6a03f5af000000003700cd9d,,,6a047bfb000000002803fc03,宝宝那边居然这么说产品经理岗嘛，因为这个公司打电话说要视频面试，在犹豫要不要面[抓狂R][抓狂R],0,0,福建,0,1778811201000,2026-05-15T10:13:21,5f4ddc8f0000000001008c95,明天要去远航,宝宝那边居然这么说产品经理岗嘛，因为这个公司打电话说要视频面试，在犹豫要不要面[抓狂R][抓狂R],0
6a0558cb000000002902e080,6a03f5af000000003700cd9d,,,,这个公司相当草台班子，可以无限面试，你换个平台或者过一段时间投又能接到面试[笑哭R],5,0,海南,0,1778735308000,2026-05-14T13:08:28,60c5385f0000000001008248,Sandwich,这个公司相当草台班子，可以无限面试，你换个平台或者过一段时间投又能接到面试[笑哭R],0
6a06cb9b0000000029025cde,6a03f5af000000003700cd9d,,,,宝宝这个我也去了，是外包，而且加班严重没有加班费，但我没有真人面试，就是ai面，考试，培训，然后就打电话找你入职，反正就是很缺人工资也不高，其实不建议,2,0,天津,0,1778830236000,2026-05-15T15:30:36,6956c4a3000000003202769e,无敌考试大王,宝宝这个我也去了，是外包，而且加班严重没有加班费，但我没有真人面试，就是ai面，考试，培训，然后就打电话找你入职，反正就是很缺人工资也不高，其实不建议,0
6a068c79000000002100d9b1,6a03f5af000000003700cd9d,,,,我记得我去年的时候这个岗位简直就是点击即送啊 底薪很低 真的纯浪费学历 主播另选吧,1,0,广东,0,1778814074000,2026-05-15T11:01:14,63efd45f0000000014013afa,甜心sweet,我记得我去年的时候这个岗位简直就是点击即送啊 底薪很低 真的纯浪费学历 主播另选吧,0
6a06b81c000000002203e2a0,6a03f5af000000003700cd9d,,,,待过五个月，出外勤很累，做这一行需抗压并且心态好，性格好，运气好，缺一不可，不然工资可能勉强够生活，跑外勤需要自己垫付车费，一个月大概有600的通勤费,2,0,上海,0,1778825244000,2026-05-15T14:07:24,612e05990000000001006566,.,待过五个月，出外勤很累，做这一行需抗压并且心态好，性格好，运气好，缺一不可，不然工资可能勉强够生活，跑外勤需要自己垫付车费，一个月大概有600的通勤费,0
6a05dacf0000000027029507,6a03f5af000000003700cd9d,,,,我面试的时候也是没人，等了10分钟我就打电话过去了，怎么这也是他们筛选的手法之一吗[石化R][石化R][石化R],0,0,吉林,0,1778768592000,2026-05-14T22:23:12,66c7fa79000000000d0259b9,豆儿mo,我面试的时候也是没人，等了10分钟我就打电话过去了，怎么这也是他们筛选的手法之一吗[石化R][石化R][石化R],0
6a047f59000000002803d440,6a03f5af000000003700cd9d,,,,跑啊 面试前的线上宣讲就有感觉了 不是什么正常地方 hr介绍自家业务都磕磕巴巴的 猛吹那几个小领导,5,0,上海,0,1778679641000,2026-05-13T21:40:41,615ac7a7000000000201e043,大醋坛子,跑啊 面试前的线上宣讲就有感觉了 不是什么正常地方 hr介绍自家业务都磕磕巴巴的 猛吹那几个小领导,0
6a08b108000000002701ca40,6a03f5af000000003700cd9d,,,,别去，我拒掉了,0,0,广东,0,1778954505000,2026-05-17T02:01:45,5d172d7d00000000160118ce,喵喵meme大脑洞,别去，我拒掉了,0
6a09b436000000002b02aad1,6a03f5af000000003700cd9d,,,,这家是我唯一见过0好评的公司[笑哭R],0,0,广东,0,1779020855000,2026-05-17T20:27:35,61fb50b4000000000202653d,可乐要加冰才好喝,这家是我唯一见过0好评的公司[笑哭R],0
6a0579fd000000002b003e74,6a03f5af000000003700cd9d,,,,噢原来大家都被“调剂”到销售岗位了吗,1,0,北京,0,1778743805000,2026-05-14T15:30:05,66728070000000000d027830,不知名观众,噢原来大家都被“调剂”到销售岗位了吗,0
6a08bcbd0000000029024a9a,6a03f5af000000003700cd9d,,,,[笑哭R]一开始是只要大专的 我海本去实习了以后 把岗位jd改成海外留学生投递了 后面又改成985 211 混个实习的话很推荐 拿的是正式的薪资 校招不建议去,0,0,浙江,0,1778957501000,2026-05-17T02:51:41,630a5e02000000000f007f98,cici减肥中,[笑哭R]一开始是只要大专的 我海本去实习了以后 把岗位jd改成海外留学生投递了 后面又改成985 211 混个实习的话很推荐 拿的是正式的薪资 校招不建议去,0
6a09d8600000000027023e44,6a03f5af000000003700cd9d,,,,我真乐了，去年秋招投它们，给我发offer的hr问我能不能提前实习，很急很不客气的语气，还问我有没有同学要来，工资巨低...,0,0,湖北,0,1779030112000,2026-05-17T23:01:52,642e80920000000012011c10,酷儿,我真乐了，去年秋招投它们，给我发offer的hr问我能不能提前实习，很急很不客气的语气，还问我有没有同学要来，工资巨低...,0
6a048199000000002702b10c,6a03f5af000000003700cd9d,,,,这个公司挺离谱的 一通电话面试十分钟就过了 而且全程没见着公司的人 就通知去上班了 真的是让人害怕 避雷就完事了,3,0,江西,0,1778680217000,2026-05-13T21:50:17,5d308451000000001201f736,focus,这个公司挺离谱的 一通电话面试十分钟就过了 而且全程没见着公司的人 就通知去上班了 真的是让人害怕 避雷就完事了,0
6a047329000000002900d9d6,6a03f5af000000003700cd9d,,,,这家招人的时候就感觉让人很不舒服。。说是每天会复盘到8点下班。。后边销售岗打个电话就给我发offer 了，感觉很不靠谱，马上就拒了,3,0,北京,0,1778676521000,2026-05-13T20:48:41,5e7c6d340000000001001bd4,bloody hell,这家招人的时候就感觉让人很不舒服。。说是每天会复盘到8点下班。。后边销售岗打个电话就给我发offer 了，感觉很不靠谱，马上就拒了,0
6a048999000000002a024481,6a03f5af000000003700cd9d,,,,面试前打电话直接问我能不能接受995[失望R]加班费还存礼品卡里...,3,0,广东,0,1778682265000,2026-05-13T22:24:25,60cc331c0000000001008856,闻团团,面试前打电话直接问我能不能接受995[失望R]加班费还存礼品卡里...,0
6a09f9c9000000002b0248eb,6a03f5af000000003700cd9d,,,,社招的bdm岗怎么样啊，有知道的吗,0,0,广东,0,1779038665000,2026-05-18T01:24:25,659f5257000000002200b3dc,Is me,社招的bdm岗怎么样啊，有知道的吗,0
6a06effa000000002803d230,6a03f5af000000003700cd9d,,,,我投过，当天投当天就沟通电话，那阵都晚上九点多了，就邀请试岗，销售管培，一顿问，丝毫没有看到什么和管培搭边培养机制[捂脸R]，定这个岗位只是因为211本[石化R],0,0,辽宁,0,1778839546000,2026-05-15T18:05:46,5e3d89df0000000001009905,羽あ🐰,我投过，当天投当天就沟通电话，那阵都晚上九点多了，就邀请试岗，销售管培，一顿问，丝毫没有看到什么和管培搭边培养机制[捂脸R]，定这个岗位只是因为211本[石化R],0
6a044d80000000002100de78,6a03f5af000000003700cd9d,,,,我是面试通过之后，告诉我学历不符合要求[黄金薯R],2,0,湖北,0,1778666880000,2026-05-13T18:08:00,5d6a3fee000000000100347e,Wind,我是面试通过之后，告诉我学历不符合要求[黄金薯R],0
6a0b153d000000002a024d6e,6a03f5af000000003700cd9d,,,,天啊 在我们学校宣讲去了好多人，不知道有多少人接了,0,0,重庆,0,1779111229000,2026-05-18T21:33:49,673aea100000000008008f48,小喵,天啊 在我们学校宣讲去了好多人，不知道有多少人接了,0
6a0474ae000000002a006ded,6a03f5af000000003700cd9d,,,,销售别去，路费什么都要自己报销[笑哭R],2,0,安徽,0,1778676911000,2026-05-13T20:55:11,654e46f9000000000802edc3,苏麒芳,销售别去，路费什么都要自己报销[笑哭R],0
6a084dd00000000028008b03,6a03f5af000000003700cd9d,,,,这家校招给我发了好几次邮件，说是简历筛选通过，但是要进群参加宣讲会才优先安排面试，一看事这么多我就猜到这公司有点问题[doge],0,0,湖北,0,1778929104000,2026-05-16T18:58:24,64cfbd1e00000000250354a4,滋啦,这家校招给我发了好几次邮件，说是简历筛选通过，但是要进群参加宣讲会才优先安排面试，一看事这么多我就猜到这公司有点问题[doge],0
6a04a1a4000000002a033b7e,6a03f5af000000003700cd9d,,,,万万不要去,0,0,上海,0,1778688420000,2026-05-14T00:07:00,5befb71f8a033800011b6dee,爱喝椰子汁,万万不要去,0
6a04b184000000002b027d35,6a03f5af000000003700cd9d,,,,面过 开12k 拒了 感觉公司运转整体不是很规范,0,0,江苏,0,1778692485000,2026-05-14T01:14:45,67c133b3000000000e011a24,momo,面过 开12k 拒了 感觉公司运转整体不是很规范,0
6a04a7cf000000002902ff78,6a03f5af000000003700cd9d,,,,不要去这家[笑哭R]坑太多了,0,0,广东,0,1778689999000,2026-05-14T00:33:19,66efc26e000000001d033f19,小小老大人,不要去这家[笑哭R]坑太多了,0
6a04da74000000002702e3a5,6a03f5af000000003700cd9d,,,,别去啊 我之前收到了他的offer 哪怕我一直没工作我也没去 早九晚九一周六天 签的是外包 因为之前一直被员工投诉现在都签外包 前几年大专就能进 然后是本科 一本 现在要92 ,0,0,安徽,0,1778702965000,2026-05-14T04:09:25,5f2570ce0000000001009291,子极,别去啊 我之前收到了他的offer 哪怕我一直没工作我也没去 早九晚九一周六天 签的是外包 因为之前一直被员工投诉现在都签外包 前几年大专就能进 然后是本科 一本 现在要92,0
6a051fea00000000280313ba,6a03f5af000000003700cd9d,,,,我三本，这个公司给了我offer，看不上[笑哭R],0,0,广东,0,1778720747000,2026-05-14T09:05:47,61d70175000000001000c9a9,土狗不是小蛋糕,我三本，这个公司给了我offer，看不上[笑哭R],0
6a048b99000000002b003143,6a03f5af000000003700cd9d,,,,天呐避雷了，这家招聘真的不行,0,0,北京,0,1778682777000,2026-05-13T22:32:57,5cfbb6220000000012023827,飞跃桃子堡,天呐避雷了，这家招聘真的不行,0
6a04a24200000000270201f6,6a03f5af000000003700cd9d,,,,emmm我当时搜了小红书都没敢去面……,0,0,吉林,0,1778688578000,2026-05-14T00:09:38,5b66b9d706825b0001452af4,momo,emmm我当时搜了小红书都没敢去面……,0
6a0502ff000000002a00655d,6a03f5af000000003700cd9d,,,,这家就算你没有填他们的邮箱链接，后期也会给你打电话问是否面试，然后采集一堆你和岗位无关的的个人信息，避雷,0,0,辽宁,0,1778713343000,2026-05-14T07:02:23,608768490000000001003449,爱福宝的ee,这家就算你没有填他们的邮箱链接，后期也会给你打电话问是否面试，然后采集一堆你和岗位无关的的个人信息，避雷,0
6a054b200000000029013b60,6a03f5af000000003700cd9d,,,,@人间一味愚 就这个公司[微笑R]一开始不要我后来又给我发消息让我参加面试,0,0,北京,0,1778731808000,2026-05-14T12:10:08,635be046000000001901da18,小红薯635C17D7,@人间一味愚 就这个公司[微笑R]一开始不要我后来又给我发消息让我参加面试,0
6a046bd1000000002803b514,6a03f5af000000003700cd9d,,,,我12月投简历也是这样,0,0,山东,0,1778674641000,2026-05-13T20:17:21,5c1f2c5b000000000501e092,momo,我12月投简历也是这样,0
6a0467b000000000280081d6,6a03f5af000000003700cd9d,,,,第二个月开始刷人,0,0,陕西,0,1778673584000,2026-05-13T19:59:44,5bfe2b7ee5ff92000127a2e6,ybby,第二个月开始刷人,0
6a0466cc0000000028036a7d,6a03f5af000000003700cd9d,,,,这家太离谱了真的,0,0,江苏,0,1778673357000,2026-05-13T19:55:57,64d71e99000000000100ce65,✨lhxl重度依赖💫,这家太离谱了真的,0
6a045d11000000002701c1c1,6a03f5af000000003700cd9d,,,,石克？,0,0,新疆,0,1778670866000,2026-05-13T19:14:26,618eef7a000000001000a749,天然呆,石克？,0
6a045236000000002a004881,6a03f5af000000003700cd9d,,,,看不同的地方吧感觉，我在三线小城市，慧测在我们这就四个人，天天说是跑外勤实则在外面玩，混了两个月然后才跑路的，当个过渡期挺不错,0,0,安徽,0,1778668087000,2026-05-13T18:28:07,60f6b8b8000000000101fd86,Jo,看不同的地方吧感觉，我在三线小城市，慧测在我们这就四个人，天天说是跑外勤实则在外面玩，混了两个月然后才跑路的，当个过渡期挺不错,0
6a04504b000000002800a12c,6a03f5af000000003700cd9d,,,,运营人满了？,0,0,浙江,0,1778667595000,2026-05-13T18:19:55,6925c829000000003003129c,想不出来,运营人满了？,0
6a048ba700000000280363ca,6a03f5af000000003700cd9d,,,,有姐妹私信我让我在plq发一下，帮大家避雷：避雷，pua、加班、压力新人这一块，进去就是数不尽的kpi，双休和七点下班还算奖励还得自己努力争取，每天早会晚会用于批|斗|员|工，下班咋了休息时间咋了？领导想让你几点走你就只能几点走，员工一点尊严没有的,3,1,新疆,-2,1778682792000,2026-05-13T22:33:12,621799210000000021022a82,坤kun宝宝(求职中),有姐妹私信我让我在plq发一下，帮大家避雷：避雷，pua、加班、压力新人这一块，进去就是数不尽的kpi，双休和七点下班还算奖励还得自己努力争取，每天早会晚会用于批|斗|员|工，下班咋了休息时间咋了？领导想让你几点走你就只能几点走，员工一点尊严没有的,0
6a0898ba000000002702e627,6a03f5af000000003700cd9d,,,,真的别去，求置顶评论，让更多人看到。3周新入职员工群人数高达400+，但是这3周，公司总群员工还是保持3000左右不变，可想而知离职率有多高，实习生第一个月的离职率接近40％，整个公司员工巨年轻化，为什么老员工待的不久？？？大家面试的时候应该也能感觉到，面试难度其实并不大，这个是有原因的，因为它在吃人！！！招大量的实习生应届生降低成本，因为实习生工资只有5400，只要2个实习生的产出大于一个转正后的员工，那它就大赚特赚了，因为实习生工资低还不用交五险一金还不用交社保。而且正式员工只有1%的公积金，基数还只是7000多，公司才代缴70多！！！法律最低是5%！！！吃人！！！,2,1,陕西,-2,1778948283000,2026-05-17T00:18:03,63725443000000001f01e0e7,honestly,真的别去，求置顶评论，让更多人看到。3周新入职员工群人数高达400+，但是这3周，公司总群员工还是保持3000左右不变，可想而知离职率有多高，实习生第一个月的离职率接近40％，整个公司员工巨年轻化，为什么老员工待的不久？？？大家面试的时候应该也能感觉到，面试难度其实并不大，这个是有原因的，因为它在吃人！！！招大量的实习生应届生降低成本，因为实习生工资只有5400，只要2个实习生的产出大于一个转正后的员工，那它就大赚特赚了，因为实习生工资低还不用交五险一金还不用交社保。而且正式员工只有1%的公积金，基数还只是7000多，公司才代缴70多！！！法律最低是5%！！！吃人！！！,0
6a045b8d000000002803957b,6a03f5af000000003700cd9d,,,,搁那发的测评链接问我高中努力程度我就一股子不舒服，这家和易点云我老早拉黑了，不如摇奶茶,2,0,广东,-2,1778670477000,2026-05-13T19:07:57,68bbe10b000000001901a5ff,.,搁那发的测评链接问我高中努力程度我就一股子不舒服，这家和易点云我老早拉黑了，不如摇奶茶,0
6a08ee5b000000002b0002b3,6a03f5af000000003700cd9d,,,,本人在旺店通做过半年实施，出去跑现场之后  晚上要回公司复盘，如果有特殊情况回不去，ok  那大家在晚上开视频会议，一人讲10几分钟，主管点评再啰嗦十几分钟   小组7  8个人 个把小时过去了，碰到新人进来  还要要求讲模块功能   把视频里的同事当客户做培训  讲完让同事挨个点评，一般7点-8.30/9：00结束    说的是朝九晚六  自己算一下时间 。  销售也一样早上必须来公司开会，讲一下今天什么安排计划，晚上必须回来复盘  除非你在签单回不来，整个地区一起开会有视频有线下。完了视频连线结束  小组可能再单独开会。每天还要写日报，周报。,0,1,江苏,-2,1778970204000,2026-05-17T06:23:24,5ed71f92000000000101d288,X.,本人在旺店通做过半年实施，出去跑现场之后 晚上要回公司复盘，如果有特殊情况回不去，ok 那大家在晚上开视频会议，一人讲10几分钟，主管点评再啰嗦十几分钟 小组7 8个人 个把小时过去了，碰到新人进来 还要要求讲模块功能 把视频里的同事当客户做培训 讲完让同事挨个点评，一般7点-8.30/9：00结束 说的是朝九晚六 自己算一下时间 。 销售也一样早上必须来公司开会，讲一下今天什么安排计划，晚上必须回来复盘 除非你在签单回不来，整个地区一起开会有视频有线下。完了视频连线结束 小组可能再单独开会。每天还要写日报，周报。,0
6a073fd3000000002b02a7a3,6a03f5af000000003700cd9d,,,,这家公司很难评，当他给我安排周五晚九点四十面试的时候，我就知道一定不能去这家了[捂脸R]要招92工资还少得可怜，地推陌拜（差不多是线下挨家挨户去推销），大小周的996，末位淘汰，谁去谁享福了我只能说[捂脸R],1,1,北京,-2,1778859988000,2026-05-15T23:46:28,5b00231711be1038422072e1,松风明灯,这家公司很难评，当他给我安排周五晚九点四十面试的时候，我就知道一定不能去这家了[捂脸R]要招92工资还少得可怜，地推陌拜（差不多是线下挨家挨户去推销），大小周的996，末位淘汰，谁去谁享福了我只能说[捂脸R],0
6a09a638000000002a02e064,6a03f5af000000003700cd9d,,,6a048ba700000000280363ca,是真的[笑哭R]你这学历没必要做销售而且还是这个公司,0,0,北京,0,1779017272000,2026-05-17T19:27:52,629b6cda000000001000fbcc,傻蛋,是真的[笑哭R]你这学历没必要做销售而且还是这个公司,0
6a089baa000000002702b347,6a03f5af000000003700cd9d,,,6a0898ba000000002702e627,上班时间是995甚至周末还要加班。在公司准备上市前有些员工是有宿舍的，公积金也是5%（最低法律标准），下班时间也是正常下午下班。但是在准上市期间，一起都变了，上班时间大大变长，公积金变长了1%，同事愿意加班成为上级PUA其他员工的理由，领导层准备上市这么久了，何时可以上市？！而且最重要的一点，上市之后，福利会回归正常吗？真的可哀，员工既然要对本来就应该属于自己的法律权利回归正常水平而感到开心？！这是我们应得的！！除外，哪怕未来的某一天上市了（具体是哪一天，谁知道呢？），你们还真的会把员工的水平变为“正常”吗？？吃人！！！,0,0,陕西,-2,1778949035000,2026-05-17T00:30:35,63725443000000001f01e0e7,honestly,上班时间是995甚至周末还要加班。在公司准备上市前有些员工是有宿舍的，公积金也是5%（最低法律标准），下班时间也是正常下午下班。但是在准上市期间，一起都变了，上班时间大大变长，公积金变长了1%，同事愿意加班成为上级PUA其他员工的理由，领导层准备上市这么久了，何时可以上市？！而且最重要的一点，上市之后，福利会回归正常吗？真的可哀，员工既然要对本来就应该属于自己的法律权利回归正常水平而感到开心？！这是我们应得的！！除外，哪怕未来的某一天上市了（具体是哪一天，谁知道呢？），你们还真的会把员工的水平变为“正常”吗？？吃人！！！,0
6a0c07690000000029034ed2,6a03f5af000000003700cd9d,,,6a08ee5b000000002b0002b3,是在苏州吗 我看苏州这边在招实施 听说出外勤都不报销费用是真的吗,0,0,江苏,0,1779173226000,2026-05-19T14:47:06,63b3e23e000000002702b9a2,momox,是在苏州吗 我看苏州这边在招实施 听说出外勤都不报销费用是真的吗,0
6a07403100000000290255f2,6a03f5af000000003700cd9d,,,6a073fd3000000002b02a7a3,但好歹跟我沟通的全程态度还算不错了，某些不知名小公司更恶劣，现在大环境就是这么差，我的建议是不要自降身价。,0,0,北京,-2,1778860082000,2026-05-15T23:48:02,5b00231711be1038422072e1,松风明灯,但好歹跟我沟通的全程态度还算不错了，某些不知名小公司更恶劣，现在大环境就是这么差，我的建议是不要自降身价。,0
6a06e95d0000000028039462,6a03f5af000000003700cd9d,,,,垃圾公司,0,0,浙江,-2,1778837854000,2026-05-15T17:37:34,65b5054a000000000d01c669,momo,垃圾公司,0
6a05aa78000000002803cf21,6a03f5af000000003700cd9d,,,,+1 当时投递销售之后，过了几天打电话沟通。超垃圾的公司，晚上工作到八九点，然后要开会复盘，十点之前基本走不了。网申是第一个还需要填高考成绩的公司，不理解。他家就没有不避雷的帖子,0,0,河北,-2,1778756217000,2026-05-14T18:56:57,5d2881ac000000001003dd52,oshの罗耶尔,+1 当时投递销售之后，过了几天打电话沟通。超垃圾的公司，晚上工作到八九点，然后要开会复盘，十点之前基本走不了。网申是第一个还需要填高考成绩的公司，不理解。他家就没有不避雷的帖子,0
6a059343000000002800a3e9,6a03f5af000000003700cd9d,,,,垃圾公司，[笑哭R],0,0,新疆,-2,1778750275000,2026-05-14T17:17:55,587ad5385e87e74d1c1d1a59,电闪雷鸣,垃圾公司，[笑哭R],0
6a055e81000000002b02704c,6a03f5af000000003700cd9d,,,,这公司特别特别坑,0,0,吉林,-2,1778736770000,2026-05-14T13:32:50,60f58e84000000000101fa43,ice,这公司特别特别坑,0
6a0517a3000000002901be40,6a03f5af000000003700cd9d,,,,垃圾公司，别去,0,0,北京,-2,1778718627000,2026-05-14T08:30:27,66a7d5cc000000001d020242,小红薯66A8648A,垃圾公司，别去,0
6a049801000000002b002fec,6a03f5af000000003700cd9d,,,,窝趣原来我不是一个人，我之前投的他家软测岗，给我发邮件让我参加线上的宣讲会，听我又扫码填写自己想去的岗位，过几天又发邮件告诉不符合，说在大量招销售岗，让我转投销售。挂羊头卖狗肉的,0,0,黑龙江,-2,1778685953000,2026-05-13T23:25:53,693eda3b0000000032014402,富贵咸鱼,窝趣原来我不是一个人，我之前投的他家软测岗，给我发邮件让我参加线上的宣讲会，听我又扫码填写自己想去的岗位，过几天又发邮件告诉不符合，说在大量招销售岗，让我转投销售。挂羊头卖狗肉的,0
6a0485ec00000000270230a9,6a03f5af000000003700cd9d,,,,哦莫这右边的，他们确实也不是啥好公司就是了[捂脸R],0,0,北京,-2,1778681326000,2026-05-13T22:08:46,5f59e15c0000000001009c4c,叽里呱啦,哦莫这右边的，他们确实也不是啥好公司就是了[捂脸R],0
6a047ac1000000002900f377,6a03f5af000000003700cd9d,,,,没有人来应该是因为他们忘了并且出去见客户了[微笑R]我刚入职还在公司里学习的时候就有人线下来面试，但是主管出去了，愣是让人家等了快一个小时才回来[微笑R]而且这不止一次，,0,0,天津,-2,1778678465000,2026-05-13T21:21:05,5c83cdd50000000016020ca7,略略略,没有人来应该是因为他们忘了并且出去见客户了[微笑R]我刚入职还在公司里学习的时候就有人线下来面试，但是主管出去了，愣是让人家等了快一个小时才回来[微笑R]而且这不止一次，,0
6a047063000000002b00082a,6a03f5af000000003700cd9d,,,,这家真的纯坑,1,0,浙江,-2,1778675812000,2026-05-13T20:36:52,63394acc000000001901d3e7,😓,这家真的纯坑,0
6a043e7300000000270166f5,6a03f5af000000003700cd9d,,,,举报，别惯着,1,0,北京,-2,1778663028000,2026-05-13T17:03:48,6443941b000000000f0058c6,茉莉柠檬Morri（见过えいと版）,举报，别惯着,0
6a09fb3c0000000028035b6f,6a03f5af000000003700cd9d,,,,这个公司 我一开始看他们线上宣讲的时候 我就觉得很垃圾的感觉.......过段后续没投了,0,0,湖北,-2,1779039036000,2026-05-18T01:30:36,584e500182ec390c2fb3f534,忠武路小熊猫,这个公司 我一开始看他们线上宣讲的时候 我就觉得很垃圾的感觉.......过段后续没投了,0
6a05d4e6000000002701d909,6a03f5af000000003700cd9d,,,,我是他家5年前的离职的[doge]内部管理可乱了，我去的那时候团队就跟初创草台班子一样，因为人流动性大所以产品经理都不清楚产品功能和使用逻辑，那时候还有资深销售能顶上（销售给产品讲逻辑[笑哭R]）老板开会只会吹牛和骂pua的脏话…反正怎么干怎么恶心人,0,0,北京,-2,1778767078000,2026-05-14T21:57:58,5ada79804eacab79d95c96fa,Hessey一定要毁灭世界,我是他家5年前的离职的[doge]内部管理可乱了，我去的那时候团队就跟初创草台班子一样，因为人流动性大所以产品经理都不清楚产品功能和使用逻辑，那时候还有资深销售能顶上（销售给产品讲逻辑[笑哭R]）老板开会只会吹牛和骂pua的脏话…反正怎么干怎么恶心人,0
69fdef55000000002701e7be,69fdeb4f000000002003ba36,,,,ccm这个发面速度我目瞪口呆,0,2,北京,0,1778249557000,2026-05-08T22:12:37,636d9424000000001f01f733,Add,ccm这个发面速度我目瞪口呆,0
6a071da2000000002b024312,69fdeb4f000000002003ba36,,,,uu想问问ph发给你的是北京面试通知嘛 我是上海想换地点找不到联系方式,0,1,北京,0,1778851234000,2026-05-15T21:20:34,6991455b00000000210123c5,蛋挞小王,uu想问问ph发给你的是北京面试通知嘛 我是上海想换地点找不到联系方式,0
6a075170000000002900e5c7,69fdeb4f000000002003ba36,,,,易方达海实习[笑哭R],0,0,中国香港,0,1778864497000,2026-05-16T01:01:37,5f0180b70000000001006c65,Ivanjyh,易方达海实习[笑哭R],0
6a005ae8000000002a005dc1,69fdeb4f000000002003ba36,,,,求问yfd岗位,0,0,上海,0,1778408168000,2026-05-10T18:16:08,61fe419e0000000010004e46,悠长假日,求问yfd岗位,0
6a043236000000002803ebe1,69fdeb4f000000002003ba36,,,,请问招商系统流程变了吗,0,0,北京,0,1778659894000,2026-05-13T16:11:34,6396fbc60000000028019989,Nari,请问招商系统流程变了吗,0
6a0097e9000000002900ea73,69fdeb4f000000002003ba36,,,,老师可以问问bg嘛,0,0,上海,0,1778423785000,2026-05-10T22:36:25,5fb9296e00000000010069ec,慢慢富,老师可以问问bg嘛,0
6a03597d000000002a004eca,69fdeb4f000000002003ba36,,,,老师，请问平安总面完之后有消息吗,0,0,中国香港,0,1778604414000,2026-05-13T00:46:54,615c5497000000001f03ee65,AAA全球可飞,老师，请问平安总面完之后有消息吗,0
6a02daa800000000280365d8,69fdeb4f000000002003ba36,,,,求bg,0,0,天津,0,1778571944000,2026-05-12T15:45:44,6501372c0000000006031290,绝世大铁牛,求bg,0
69ff4857000000002b025619,69fdeb4f000000002003ba36,,,,可以问问yfd是哪个岗嘛[哭惹R],0,0,北京,0,1778337880000,2026-05-09T22:44:40,6168204a000000000201f05c,ItsBlueee,可以问问yfd是哪个岗嘛[哭惹R],0
69febfed000000002900f35d,69fdeb4f000000002003ba36,,,,求问bg[哭惹R],0,0,北京,0,1778302958000,2026-05-09T13:02:38,60e6d69c000000002002e5cc,kkkk,求问bg[哭惹R],0
69fdef97000000002a02430b,69fdeb4f000000002003ba36,,,69fdef55000000002701e7be,还真是，笔试后1h,2,0,北京,0,1778249624000,2026-05-08T22:13:44,6168c889000000001f0349f4,琴风,还真是，笔试后1h,0
6a072656000000002b026149,69fdeb4f000000002003ba36,,,6a071da2000000002b024312,是 好像上海场是最后了,1,0,北京,0,1778853463000,2026-05-15T21:57:43,6168c889000000001f0349f4,琴风,是 好像上海场是最后了,0
69fdf5b4000000002800abed,69fdeb4f000000002003ba36,,,,礼貌问bg[哭惹R],0,1,北京,0,1778251188000,2026-05-08T22:39:48,64e6d820000000000100cb5e,AttnMech.,礼貌问bg[哭惹R],0
69fdf31e0000000029037dde,69fdeb4f000000002003ba36,,,,易方达发offer了吗，这么快？,1,0,美国,0,1778250527000,2026-05-08T22:28:47,64f8557600000000050005d5,11112,易方达发offer了吗，这么快？,0
6a0555a90000000028034de5,69fdeb4f000000002003ba36,,,,基金笔试测评题库笔试辅导,0,0,江苏,-2,1778734506000,2026-05-14T12:55:06,622b77bb00000000210247f6,华子小鱼（校招版）,基金笔试测评题库笔试辅导,0
69fe098e000000002a0279a4,69fdeb4f000000002003ba36,,,69fdf5b4000000002800abed,可私戳,0,0,北京,0,1778256270000,2026-05-09T00:04:30,6168c889000000001f0349f4,琴风,可私戳,0
6a01b45d000000002b001c7f,6a01b3670000000008001c36,,,,过了那么久了官网仍旧offer评估 真的难绷[笑哭R],139,3,四川,4,1778496605000,2026-05-11T18:50:05,65be1c2f000000000e024e1a,momo,过了那么久了官网仍旧offer评估 真的难绷[笑哭R],0
6a01c50b000000002a02f18a,6a01b3670000000008001c36,,,,本实习转正的都被主管告知hc锁掉了[石化R],36,16,北京,0,1778500876000,2026-05-11T20:01:16,69d3b3750000000034018a2a,月兔TsukiDoll,本实习转正的都被主管告知hc锁掉了[石化R],0
6a01b821000000002702b1d8,6a01b3670000000008001c36,,,,爱奇艺也是这样，一直拖，拖了三个月，告诉我岗位没了，现在互联网公司都这么抽象吗,24,15,上海,0,1778497569000,2026-05-11T19:06:09,5fc86f3d000000000101d919,年终奖稳了,爱奇艺也是这样，一直拖，拖了三个月，告诉我岗位没了，现在互联网公司都这么抽象吗,0
6a04286c000000002a00743f,6a01b3670000000008001c36,,,,那我就不得不说一下我的经历了，去年六月份入职bd，十月份转正答辩时mentor说有六个hc，我们组总共所有应届实习生也差不多6个左右，答辩完之后带教和我说基本上是稳了，之后就遇到了十一月份的广进计划，然后是我这边迟迟没有发offer，十二月份我就去找带教，带教和我说hc直接缩了一半，让我也多看看外面的机会，还好我期间也一直在投递，拿下了另一家大厂的offer。年前带教找我聊说如果前面三个人有人毁offer我就是第一顺位，前提是我得一直在实习才能不用再走春招流程面试，但是我年后就请假没去，在准备春招，四月份我得知前面有一个人毁约了，我去问mentor我的候补机会，结果说hc审批不下来了。,6,5,泰国,0,1778657389000,2026-05-13T15:29:49,5b25c80ef7e8b93b4ded1a24,小西女士,那我就不得不说一下我的经历了，去年六月份入职bd，十月份转正答辩时mentor说有六个hc，我们组总共所有应届实习生也差不多6个左右，答辩完之后带教和我说基本上是稳了，之后就遇到了十一月份的广进计划，然后是我这边迟迟没有发offer，十二月份我就去找带教，带教和我说hc直接缩了一半，让我也多看看外面的机会，还好我期间也一直在投递，拿下了另一家大厂的offer。年前带教找我聊说如果前面三个人有人毁offer我就是第一顺位，前提是我得一直在实习才能不用再走春招流程面试，但是我年后就请假没去，在准备春招，四月份我得知前面有一个人毁约了，我去问mentor我的候补机会，结果说hc审批不下来了。,0
6a01cb5a00000000290100c7,6a01b3670000000008001c36,,,,对面为啥要说成开奖啊...,3,6,浙江,0,1778502491000,2026-05-11T20:28:11,5c56df19000000001800d65c,chilly.,对面为啥要说成开奖啊...,0
6a01dd72000000002a02d022,6a01b3670000000008001c36,,,,百度真服了 一直横向,1,2,湖北,0,1778507123000,2026-05-11T21:45:23,634cee11000000001802c3f3,sad,百度真服了 一直横向,0
6a028baa000000002b003a9a,6a01b3670000000008001c36,,,,百度现在一直在调整，当初招你的那个部门或者人估计已经被调整了…,6,2,北京,0,1778551722000,2026-05-12T10:08:42,672f304b000000001d02f508,ᝰ,百度现在一直在调整，当初招你的那个部门或者人估计已经被调整了…,0
6a03239c000000002800b773,6a01b3670000000008001c36,,,,我去年10月中接到的意向，十一月中左右有对接人联系我即将开奖，然后到现在毫无音讯[笑哭R][笑哭R]完全没有任何联系,0,2,北京,0,1778590621000,2026-05-12T20:57:01,6417054900000000110217e2,秋弥信彦,我去年10月中接到的意向，十一月中左右有对接人联系我即将开奖，然后到现在毫无音讯[笑哭R][笑哭R]完全没有任何联系,0
6a01da84000000002b001baa,6a01b3670000000008001c36,,,,之前实习面有过链接发错 面试前一直错一直改一直错,0,4,上海,0,1778506372000,2026-05-11T21:32:52,54e54a932e1d93328bcfef76,馨忻很行上岸,之前实习面有过链接发错 面试前一直错一直改一直错,0
6a01c6b90000000029025621,6a01b3670000000008001c36,,,,七月底拿的offer 最速传说，后面谈了一次薪资后再无消息[赞R],2,1,湖北,0,1778501305000,2026-05-11T20:08:25,5b567904e8ac2b71103ca735,momo,七月底拿的offer 最速传说，后面谈了一次薪资后再无消息[赞R],0
6a01ca020000000029026afd,6a01b3670000000008001c36,,,6a01b45d000000002b001c7f,去了也会裁应届，不开奖正好,112,0,上海,0,1778502146000,2026-05-11T20:22:26,6096e3a1000000000100a2c0,Tom,去了也会裁应届，不开奖正好,0
6a01c54e000000002b0243e5,6a01b3670000000008001c36,,,6a01c50b000000002a02f18a,纳尼。那还能转吗,1,0,四川,0,1778500943000,2026-05-11T20:02:23,65be1c2f000000000e024e1a,momo,纳尼。那还能转吗,0
6a01bba9000000002b0266f6,6a01b3670000000008001c36,,,6a01b821000000002702b1d8,笑死我了，爱奇艺就是百度的,42,0,北京,0,1778498474000,2026-05-11T19:21:14,5cf906a9000000001800f369,不要停止学习,笑死我了，爱奇艺就是百度的,0
6a048e0d00000000280329bd,6a01b3670000000008001c36,,,6a04286c000000002a00743f,哪个部门啊uu[哭惹R]tpg？,0,0,北京,0,1778683405000,2026-05-13T22:43:25,5e86ad380000000001003827,谁偷了我的牛奶？,哪个部门啊uu[哭惹R]tpg？,0
6a01cba8000000002a0265f4,6a01b3670000000008001c36,,,6a01cb5a00000000290100c7,互联网黑话...[偷笑R],0,0,四川,0,1778502569000,2026-05-11T20:29:29,65be1c2f000000000e024e1a,momo,互联网黑话...[偷笑R],0
6a01e359000000002a02e930,6a01b3670000000008001c36,,,6a01dd72000000002a02d022,我都不知道这个算不算横向。[笑哭R],2,0,四川,0,1778508634000,2026-05-11T22:10:34,65be1c2f000000000e024e1a,momo,我都不知道这个算不算横向。[笑哭R],0
6a08081a0000000028031597,6a01b3670000000008001c36,,,6a028baa000000002b003a9a,[笑哭R][笑哭R][笑哭R],0,0,广东,0,1778911258000,2026-05-16T14:00:58,652f2ee5000000002a02a104,陈子酸,[笑哭R][笑哭R][笑哭R],0
6a0323ff000000002702ab2b,6a01b3670000000008001c36,,,6a03239c000000002800b773,一个同学面实习，一个部门流程还没结束就有另一个部门联系了[笑哭R]互相之间不知道,1,0,北京,0,1778590720000,2026-05-12T20:58:40,6417054900000000110217e2,秋弥信彦,一个同学面实习，一个部门流程还没结束就有另一个部门联系了[笑哭R]互相之间不知道,0
6a01dbe6000000002902cc75,6a01b3670000000008001c36,,,6a01da84000000002b001baa,好草台班子,2,0,四川,0,1778506727000,2026-05-11T21:38:47,65be1c2f000000000e024e1a,momo,好草台班子,0
6a01c89500000000290188e3,6a01b3670000000008001c36,,,6a01c6b90000000029025621,[笑哭R],0,0,四川,0,1778501782000,2026-05-11T20:16:22,65be1c2f000000000e024e1a,momo,[笑哭R],0
6a029a21000000002902d384,6a01b3670000000008001c36,,,,我就在百度，现在一直在裁员，不建议来，从去年12月到现在，3波了，而且还无止境……,10,1,北京,3,1778555425000,2026-05-12T11:10:25,5c5053370000000011008a3f,薛城吴彦祖,我就在百度，现在一直在裁员，不建议来，从去年12月到现在，3波了，而且还无止境……,0
6a01cd65000000002a027248,6a01b3670000000008001c36,,,,哈哈哈哈一样的,0,1,陕西,0,1778503014000,2026-05-11T20:36:54,6494451b000000002a0373e3,Hui,哈哈哈哈一样的,0
6a03c7e4000000002b00238e,6a01b3670000000008001c36,,,,因为去年十一月在盘点人力，更直白一点说是在准备裁员，顾不上你们,4,1,北京,0,1778632676000,2026-05-13T08:37:56,633ad1c0000000001802f49a,蕤蕤蕤,因为去年十一月在盘点人力，更直白一点说是在准备裁员，顾不上你们,0
6a05c7140000000027016bbb,6a01b3670000000008001c36,,,,这个offer评估状态没用的  我入职了也是这状态[捂脸R],0,1,北京,0,1778763540000,2026-05-14T20:59:00,6991cd150000000024025c2a,八月祝,这个offer评估状态没用的 我入职了也是这状态[捂脸R],0
6a04be65000000002800bffb,6a01b3670000000008001c36,,,,一直在换hr说明前面的都是实习生，都离职了。实习的时长还不如你应聘流程长[笑哭R],3,0,广东,0,1778695781000,2026-05-14T02:09:41,68372487000000001e008c2c,小栀,一直在换hr说明前面的都是实习生，都离职了。实习的时长还不如你应聘流程长[笑哭R],0
6a01d0db00000000270236ba,6a01b3670000000008001c36,,,,去年面的运营，offer 也是运营，过了几天给我开了个产品岗出来，还加薪了[暗中观察R]哈哈哈哈哈哈，巨大草台班子,7,1,广东,0,1778503900000,2026-05-11T20:51:40,57f74ade50c4b444cc876fcd,多少吃点吧,去年面的运营，offer 也是运营，过了几天给我开了个产品岗出来，还加薪了[暗中观察R]哈哈哈哈哈哈，巨大草台班子,0
6a07249c0000000023002d49,6a01b3670000000008001c36,,,,去年7月OC，已经签了三方的，现在官网也是评估状态,0,1,上海,0,1778853020000,2026-05-15T21:50:20,61ce594400000000100047b5,WW,去年7月OC，已经签了三方的，现在官网也是评估状态,0
6a01b502000000002702c83a,6a01b3670000000008001c36,,,,百度要不行了。别去了要大裁员了,4,0,浙江,3,1778496770000,2026-05-11T18:52:50,5ce553e800000000050172ab,钢镚儿,百度要不行了。别去了要大裁员了,0
6a01fd930000000029019fb4,6a01b3670000000008001c36,,,,背景很可爱的栗嘻嘻,0,1,北京,0,1778515347000,2026-05-12T00:02:27,5d07675e00000000160104d4,Ryuyoko,背景很可爱的栗嘻嘻,0
6a01f974000000002702a44a,6a01b3670000000008001c36,,,,煮啵实习转正最终告诉我公司裁员没hc了，当时的一个面试官一样被裁了[捂脸R][捂脸R][捂脸R],2,0,湖北,0,1778514292000,2026-05-11T23:44:52,62fdf434000000001200e502,哈哈哈,煮啵实习转正最终告诉我公司裁员没hc了，当时的一个面试官一样被裁了[捂脸R][捂脸R][捂脸R],0
6a02b6b2000000002903548a,6a01b3670000000008001c36,,,6a029a21000000002902d384,我的妈啊....,0,0,四川,0,1778562738000,2026-05-12T13:12:18,65be1c2f000000000e024e1a,momo,我的妈啊....,0
6a01cde3000000002b00119d,6a01b3670000000008001c36,,,6a01cd65000000002a027248,[笑哭R][笑哭R],0,0,四川,0,1778503139000,2026-05-11T20:38:59,65be1c2f000000000e024e1a,momo,[笑哭R][笑哭R],0
6a08080600000000280311d9,6a01b3670000000008001c36,,,6a03c7e4000000002b00238e,确实，内部都在斩,0,0,广东,0,1778911239000,2026-05-16T14:00:39,652f2ee5000000002a02a104,陈子酸,确实，内部都在斩,0
6a0afbb9000000002b02adb3,6a01b3670000000008001c36,,,6a05c7140000000027016bbb,是的，我签了三方也还是这个状态,0,0,四川,0,1779104698000,2026-05-18T19:44:58,5e3fc34600000000010004fd,Woojy,是的，我签了三方也还是这个状态,0
6a01d179000000002a025f07,6a01b3670000000008001c36,,,6a01d0db00000000270236ba,这个更诡异了hhhh,0,0,四川,0,1778504057000,2026-05-11T20:54:17,65be1c2f000000000e024e1a,momo,这个更诡异了hhhh,0
6a07c962000000002803d850,6a01b3670000000008001c36,,,6a07249c0000000023002d49,我只能说nb,0,0,湖北,0,1778895203000,2026-05-16T09:33:23,665be094000000000700760b,小执同学（春招发疯版）,我只能说nb,0
6a02889f000000002b001614,6a01b3670000000008001c36,,,6a01fd930000000029019fb4,嘿嘿 素的,0,0,四川,0,1778550943000,2026-05-12T09:55:43,65be1c2f000000000e024e1a,momo,嘿嘿 素的,0
6a01edb70000000028035f31,6a01b3670000000008001c36,,,,只能说，最近百度确实人事变动比较大，也不是故意拖着……,3,0,北京,0,1778511287000,2026-05-11T22:54:47,5b092a8111be105d841c004a,谁来替我上班啊,只能说，最近百度确实人事变动比较大，也不是故意拖着……,0
6a054b9000000000270288b0,6a01b3670000000008001c36,,,,咋这样啊,0,0,辽宁,0,1778731921000,2026-05-14T12:12:01,5c123866000000000702c1bc,你又在回头寻找什么,咋这样啊,0
6a01d7e30000000029018c77,6a01b3670000000008001c36,,,,我接了offer签完三方，目前还是offer评估[笑哭R][笑哭R][笑哭R],4,1,江苏,0,1778505699000,2026-05-11T21:21:39,6481ecf70000000010036119,Akyyo,我接了offer签完三方，目前还是offer评估[笑哭R][笑哭R][笑哭R],0
6a01ccc8000000002a0040b4,6a01b3670000000008001c36,,,,去年暑期九月份投的面完，今年三月份还给我打了个电话问我还考虑吗，真的离谱,1,1,江苏,0,1778502857000,2026-05-11T20:34:17,6299a6ec000000001501a475,(・・),去年暑期九月份投的面完，今年三月份还给我打了个电话问我还考虑吗，真的离谱,0
6a04204200000000270200c6,6a01b3670000000008001c36,,,,bd的HR是最难评的[微笑R],1,0,北京,0,1778655299000,2026-05-13T14:54:59,54db0358b4c4d64a6c281d94,Hedy小7,bd的HR是最难评的[微笑R],0
6a01ca85000000002b026acd,6a01b3670000000008001c36,,,,你这还回你，我的对接hr秋招一直跟我说能开，我最后问连消息都不回了,1,1,江苏,0,1778502278000,2026-05-11T20:24:38,618299d9000000001000fe0b,亦依,你这还回你，我的对接hr秋招一直跟我说能开，我最后问连消息都不回了,0
6a0355ed000000002800af99,6a01b3670000000008001c36,,,,那段时间人事大换血了，当时在那里实习，正职的走了又来来了又走比实习生还频繁,1,0,北京,0,1778603501000,2026-05-13T00:31:41,5d2afa2e0000000011030df2,👾山鬼与蓝,那段时间人事大换血了，当时在那里实习，正职的走了又来来了又走比实习生还频繁,0
6a01d015000000002702e270,6a01b3670000000008001c36,,,,百度吗 我前年七月参加的提前批 说我二面通过了结果排序给我挂了 到去年六月突然给我打电话说问我还考不考虑 我又面了一次 最后排序第一优先offer但是我没去[笑哭R],2,0,山东,0,1778503702000,2026-05-11T20:48:22,5f1b92790000000001006d00,罗肉沫儿,百度吗 我前年七月参加的提前批 说我二面通过了结果排序给我挂了 到去年六月突然给我打电话说问我还考不考虑 我又面了一次 最后排序第一优先offer但是我没去[笑哭R],0
6a0928a50000000021011b81,6a01b3670000000008001c36,,,,我同学也是差不多，但是他自始至终没收到不能开奖的消息,0,0,辽宁,0,1778985125000,2026-05-17T10:32:05,5d032e630000000012000743,;ZZZ,我同学也是差不多，但是他自始至终没收到不能开奖的消息,0
6a01fec8000000002b027762,6a01b3670000000008001c36,,,,建议别去百度[doge][微笑R],0,0,北京,0,1778515656000,2026-05-12T00:07:36,626a1859000000001000e30e,落月坠入星野,建议别去百度[doge][微笑R],0
6a02db040000000028033554,6a01b3670000000008001c36,,,6a01d7e30000000029018c77,我也是[哭惹R],1,0,辽宁,0,1778572036000,2026-05-12T15:47:16,6569634e0000000020036dd7,古古甜,我也是[哭惹R],0
6a01cddf000000002a00718c,6a01b3670000000008001c36,,,6a01ccc8000000002a0040b4,。好无语,0,0,四川,0,1778503135000,2026-05-11T20:38:55,65be1c2f000000000e024e1a,momo,。好无语,0
6a01caaf0000000029024790,6a01b3670000000008001c36,,,6a01ca85000000002b026acd,[笑哭R][笑哭R][笑哭R]我也是连环追问才回我的。,0,0,四川,0,1778502319000,2026-05-11T20:25:19,65be1c2f000000000e024e1a,momo,[笑哭R][笑哭R][笑哭R]我也是连环追问才回我的。,0
6a0422610000000029018699,6a01b3670000000008001c36,,,,投了六个 全是初筛没动静 然后挂了[doge],0,0,河北,0,1778655841000,2026-05-13T15:04:01,600719a800000000010007a4,小桔蛋儿,投了六个 全是初筛没动静 然后挂了[doge],0
6a06a40e000000002800bceb,6a01b3670000000008001c36,,,,习惯了 去年秋招的 平均4个offer开一个奖[笑哭R],0,0,湖北,0,1778820111000,2026-05-15T12:41:51,5d427d6f0000000016000fe4,马航,习惯了 去年秋招的 平均4个offer开一个奖[笑哭R],0
6a01c7f8000000002b0278d8,6a01b3670000000008001c36,,,,哪个部门哪个组[萌萌哒R],0,1,北京,0,1778501625000,2026-05-11T20:13:45,5c1eeea20000000006018212,西山老柚,哪个部门哪个组[萌萌哒R],0
6a05c847000000002701ea6d,6a01b3670000000008001c36,,,,我跟你一模一样,0,0,重庆,0,1778763847000,2026-05-14T21:04:07,635b741e000000001802decb,momo,我跟你一模一样,0
6a030daa000000002702c8a2,6a01b3670000000008001c36,,,,不去就对了，全是广告的公司[偷笑R],0,0,重庆,0,1778585002000,2026-05-12T19:23:22,6649c6560000000003030a8b,遥遥领先企业文化发言人,不去就对了，全是广告的公司[偷笑R],0
6a03c263000000002803d643,6a01b3670000000008001c36,,,,米兔 9月开始评估到天荒地老,0,0,广东,0,1778631267000,2026-05-13T08:14:27,5be669a1526e6200017b4083,喳喳小流星,米兔 9月开始评估到天荒地老,0
6a07336a0000000028036215,6a01b3670000000008001c36,,,,去年刚去实习，一个干了一年的应届生就被裁了,0,0,吉林,0,1778856811000,2026-05-15T22:53:31,63bee85e0000000028018053,洛杉矶长脸,去年刚去实习，一个干了一年的应届生就被裁了,0
6a01ee2a0000000029027d4b,6a01b3670000000008001c36,,,,我在社招的时候也是这样，面试过了，被告知 hc 没了。[笑哭R],1,0,北京,0,1778511403000,2026-05-11T22:56:43,62430f4d0000000021021558,future,我在社招的时候也是这样，面试过了，被告知 hc 没了。[笑哭R],0
6a03175d0000000027016daa,6a01b3670000000008001c36,,,,因为忙着裁员[doge],0,0,广东,0,1778587486000,2026-05-12T20:04:46,5b1f63d411be10064d644759,世界顶刘女士,因为忙着裁员[doge],0
6a06803b0000000027021df9,6a01b3670000000008001c36,,,,我去，给我说的好慌，马上就要去百度实习了，acg的ai计算部那边有了解情况的uu吗？但我听一些消息都说那边很缺人，一直在招,0,0,上海,0,1778810940000,2026-05-15T10:09:00,63c158ab0000000026011026,William不吃忌廉,我去，给我说的好慌，马上就要去百度实习了，acg的ai计算部那边有了解情况的uu吗？但我听一些消息都说那边很缺人，一直在招,0
6a01c872000000002a031fee,6a01b3670000000008001c36,,,6a01c7f8000000002b0278d8,私,0,0,四川,0,1778501747000,2026-05-11T20:15:47,65be1c2f000000000e024e1a,momo,私,0
6a0323d2000000002b026c34,6a01b3670000000008001c36,,,,不是针对应届生，某度平等地不尊重所有人,0,0,广东,0,1778590674000,2026-05-12T20:57:54,5b1607484eacab540b01cd43,龙拳,不是针对应届生，某度平等地不尊重所有人,0
6a0303fc000000002a02ee09,6a01b3670000000008001c36,,,,一直评估实际就是人太多，暂时轮不到你……我之前在这个厂做过群面官，流程确实很长，hc也是有，但真需要人的业务并不多但人太多了,0,0,北京,0,1778582525000,2026-05-12T18:42:05,62ad34e4000000001902bdcd,momo,一直评估实际就是人太多，暂时轮不到你……我之前在这个厂做过群面官，流程确实很长，hc也是有，但真需要人的业务并不多但人太多了,0
6a01d11c0000000028008f46,6a01b3670000000008001c36,,,,我也是，不会是一个部门的吧,1,1,安徽,0,1778503965000,2026-05-11T20:52:45,621468740000000010006e11,换季梵高,我也是，不会是一个部门的吧,0
6a041e6e000000002b02964c,6a01b3670000000008001c36,,,,,0,0,北京,0,1778654831000,2026-05-13T14:47:11,5a386d104eacab0e4ef7238d,假减脂puo主,,0
6a02e256000000002a033254,6a01b3670000000008001c36,,,,同样，口头offer等到12月说没了,0,0,湖南,0,1778573910000,2026-05-12T16:18:30,653a9eb30000000030032823,一只堡堡plus（📓日记记录版）,同样，口头offer等到12月说没了,0
6a01b850000000002900d01a,6a01b3670000000008001c36,,,,我的法克..前司咋这样..,0,1,马来西亚,0,1778497616000,2026-05-11T19:06:56,6489a1820000000011001143,爪鸣,我的法克..前司咋这样..,0
6a01c68c0000000028035114,6a01b3670000000008001c36,,,,本实习转正都没了[偷笑R],0,1,江苏,0,1778501261000,2026-05-11T20:07:41,618eb1e4000000001000eca0,藤椒窣堵坡,本实习转正都没了[偷笑R],0
6a094aba000000002702b02e,6a01b3670000000008001c36,,,,我百度倒是挺快，后端开发岗，总共不到一周oc，还是一月初，感觉还是看部门,0,0,浙江,0,1778993850000,2026-05-17T12:57:30,669bcabc0000000024022580,Logan Curry,我百度倒是挺快，后端开发岗，总共不到一周oc，还是一月初，感觉还是看部门,0
6a01dfb50000000029034657,6a01b3670000000008001c36,,,,me too! 去年面试流程结束后，由于联系不到任何HR，所以直接微信问了三面面试官但无人回复；随后邮件咨询百度校招组，被告知所有面试通过，进入预录用状态，直到现在...,1,1,浙江,0,1778507702000,2026-05-11T21:55:02,662671650000000007004cdc,羊哥大大王,me too! 去年面试流程结束后，由于联系不到任何HR，所以直接微信问了三面面试官但无人回复；随后邮件咨询百度校招组，被告知所有面试通过，进入预录用状态，直到现在...,0
6a01bb190000000027015532,6a01b3670000000008001c36,,,,一样的 8月底面完现在还在评估,0,1,山东,0,1778498329000,2026-05-11T19:18:49,5d148db40000000016032e1c,127,一样的 8月底面完现在还在评估,0
6a01d1850000000029035fc8,6a01b3670000000008001c36,,,6a01d11c0000000028008f46,对一下hhh,1,0,四川,0,1778504070000,2026-05-11T20:54:30,65be1c2f000000000e024e1a,momo,对一下hhh,0
6a01bc9f000000002a024eae,6a01b3670000000008001c36,,,6a01b850000000002900d01a,咋这样呵呵。,0,0,四川,0,1778498719000,2026-05-11T19:25:19,65be1c2f000000000e024e1a,momo,咋这样呵呵。,0
6a01c88e0000000029018755,6a01b3670000000008001c36,,,6a01c68c0000000028035114,逆天了...,0,0,四川,0,1778501774000,2026-05-11T20:16:14,65be1c2f000000000e024e1a,momo,逆天了...,0
6a01e1fa000000002a00659f,6a01b3670000000008001c36,,,6a01dfb50000000029034657,呵呵这个公司太诡异了。,1,0,四川,0,1778508282000,2026-05-11T22:04:42,65be1c2f000000000e024e1a,momo,呵呵这个公司太诡异了。,0
6a01bc9a000000002902d165,6a01b3670000000008001c36,,,6a01bb190000000027015532,难绷,0,0,四川,0,1778498714000,2026-05-11T19:25:14,65be1c2f000000000e024e1a,momo,难绷,0
6a02099e000000002a02ee2a,6a01b3670000000008001c36,,,,没签合同之前都不保险，互联网变化太快了[笑哭R],0,0,北京,0,1778518431000,2026-05-12T00:53:51,5aab7c9d4eacab542f6e29fd,"Never,forget",没签合同之前都不保险，互联网变化太快了[笑哭R],0
6a041e72000000002b0263cf,6a01b3670000000008001c36,,,,,0,0,北京,0,1778654835000,2026-05-13T14:47:15,5a386d104eacab0e4ef7238d,假减脂puo主,,0
6a0207940000000029027fc7,6a01b3670000000008001c36,,,,甚至半年前面试流程都走完了……也不说个最终结果……这太不负责了,0,0,山东,0,1778517908000,2026-05-12T00:45:08,6572c2e6000000002002ed41,omom,甚至半年前面试流程都走完了……也不说个最终结果……这太不负责了,0
6a0202b5000000002a024b1c,6a01b3670000000008001c36,,,,年底在裁员,0,0,北京,0,1778516661000,2026-05-12T00:24:21,6333845b0000000023024aff,曾经小孩,年底在裁员,0
6a01be2b000000002a024ba1,6a01b3670000000008001c36,,,,主包最后选了哪家,0,1,北京,0,1778499116000,2026-05-11T19:31:56,5ff91cdf0000000001000a83,我是松松,主包最后选了哪家,0
6a01fe0700000000270231b2,6a01b3670000000008001c36,,,,历年如此,0,0,上海,0,1778515464000,2026-05-12T00:04:24,66100f93000000000d02437e,泡泡（不想上班版）,历年如此,0
6a01fd58000000002a00579e,6a01b3670000000008001c36,,,,想招你的人或者说部门可能都没了……就拿到手的才是稳妥的，这几年百度调整太大了，我个人建议即使给你offer就也不建议来，,0,0,广东,0,1778515288000,2026-05-12T00:01:28,64bea14c000000001403e53e,GHHIAS,想招你的人或者说部门可能都没了……就拿到手的才是稳妥的，这几年百度调整太大了，我个人建议即使给你offer就也不建议来，,0
6a01ecfb0000000029013e2e,6a01b3670000000008001c36,,,,百度就是这样 21年就被画过大饼 拖了我4个月。。。,0,0,广东,0,1778511099000,2026-05-11T22:51:39,59f548c511be100d15d5f3e9,疯狂吃薯条,百度就是这样 21年就被画过大饼 拖了我4个月。。。,0
6a01e6fe0000000027016292,6a01b3670000000008001c36,,,,咱们情况100%一样[笑哭R]还好没等他们先签了别家，要不然要被搞死了,0,0,北京,0,1778509567000,2026-05-11T22:26:07,5e2d7398000000000100bf2e,lgn,咱们情况100%一样[笑哭R]还好没等他们先签了别家，要不然要被搞死了,0
6a01dabf000000002701c177,6a01b3670000000008001c36,,,,百度校招23年9月面试明确通知通过 24年3月才给我开奖（而我24年1月提前实习已经入职其他公司了 [捂脸R],0,0,日本,0,1778506431000,2026-05-11T21:33:51,5bbce7fb6c702b00017d27ba,水番,百度校招23年9月面试明确通知通过 24年3月才给我开奖（而我24年1月提前实习已经入职其他公司了 [捂脸R],0
6a01be89000000002b000944,6a01b3670000000008001c36,,,6a01be2b000000002a024ba1,慢脚,0,0,四川,0,1778499209000,2026-05-11T19:33:29,65be1c2f000000000e024e1a,momo,慢脚,0
6a01d259000000002902ff7a,6a01b3670000000008001c36,,,,可能是hr离职了一波又一波……秋招面别的厂也是，面的🐶某岗位过了一个国庆节内推人和hr都离职了……,0,0,北京,0,1778504281000,2026-05-11T20:58:01,597ff6d76a6a6978676403b0,炸呀么炸元宵,可能是hr离职了一波又一波……秋招面别的厂也是，面的🐶某岗位过了一个国庆节内推人和hr都离职了……,0
6a01c5a400000000270237e5,6a01b3670000000008001c36,,,,跟我一样[笑哭R]评估不出来,0,0,上海,0,1778501028000,2026-05-11T20:03:48,5d9efe7d0000000001009c21,Rain,跟我一样[笑哭R]评估不出来,0
6a01bcd50000000027017e7d,6a01b3670000000008001c36,,,,我对象提前实习去了之后，面试了三轮，入职后发现那个组不是面试他的组一个人都不认识。hr也离职了（hr也是实习生好像）然后就特别抓瞎。。。,0,0,四川,0,1778498774000,2026-05-11T19:26:14,5842df055e87e760e0a91063,奇迹大陆迷路中,我对象提前实习去了之后，面试了三轮，入职后发现那个组不是面试他的组一个人都不认识。hr也离职了（hr也是实习生好像）然后就特别抓瞎。。。,0
6a035fb5000000002a02d852,6a01b3670000000008001c36,,,,现在有几个人用百度。。。。除了芯片基本上全军覆没了。等倒闭了,0,0,上海,-2,1778606006000,2026-05-13T01:13:26,6069940100000000010002ec,Skyler,现在有几个人用百度。。。。除了芯片基本上全军覆没了。等倒闭了,0
6a02d41e0000000028035a55,6a01b3670000000008001c36,,,,这公司，拉的一比，五面结束说我不合适，早干什么去了，浪费时间,0,0,安徽,-2,1778570271000,2026-05-12T15:17:51,5d4462200000000011039a53,早睡早起,这公司，拉的一比，五面结束说我不合适，早干什么去了，浪费时间,0
6a02a18d000000002b029189,6a01b3670000000008001c36,,,,笑死，百度面试官很不专业[暗中观察R],1,0,重庆,-2,1778557325000,2026-05-12T11:42:05,6476172d000000000f007b15,旭旭爱打架,笑死，百度面试官很不专业[暗中观察R],0
6a027aba000000002a033b3a,6a01b3670000000008001c36,,,,别去🐻厂，现在最垃圾！,0,0,陕西,-2,1778547386000,2026-05-12T08:56:26,5b90fefb9276ee00018cd078,津小辰吖～,别去🐻厂，现在最垃圾！,0
6a020abc00000000290186a9,6a01b3670000000008001c36,,,,跟我经历一模一样[笑哭R],1,0,上海,-2,1778518716000,2026-05-12T00:58:36,6688069f000000000f0370fc,滑稽🤪先生,跟我经历一模一样[笑哭R],0
6a01e4f30000000027020ff8,6a01b3670000000008001c36,,,,都2026年了，百度还算大厂吗[doge][doge][doge]。最后的倔强了,0,0,北京,-2,1778509043000,2026-05-11T22:17:23,5837bd696a6a6979782a4952,Ybbbb,都2026年了，百度还算大厂吗[doge][doge][doge]。最后的倔强了,0
6a01b92d000000002a0241a1,6a01b3670000000008001c36,,,,我评估了四个月才oc 而且hr巨装一点不给a[捂嘴笑R],0,0,天津,-2,1778497838000,2026-05-11T19:10:38,5f2d29060000000001003a9b,🍃,我评估了四个月才oc 而且hr巨装一点不给a[捂嘴笑R],0
6a0be46e00000000270237e9,6a01b3670000000008001c36,,,,百度就是💩，二面过了约三面直接放鸽子，也没个通知，不想面你给我过二面干什么[汗颜R]，互联网里最恶心的公司,0,0,北京,-2,1779164270000,2026-05-19T12:17:50,645a5bd4000000002a00a9d7,Sevircle,百度就是💩，二面过了约三面直接放鸽子，也没个通知，不想面你给我过二面干什么[汗颜R]，互联网里最恶心的公司,0
6a04a5c500000000270290ab,6a01b3670000000008001c36,,,,我是面试的时候，面试官面着面着退出去了半个小时，会议上面明明写着对方网络不佳，他半小时后重新进会议室然后问我网络弄好没，真的就一点不尊重人[捂脸R][捂脸R][捂脸R],0,0,广东,-2,1778689477000,2026-05-14T00:24:37,596e29a582ec394b6660784c,星燃,我是面试的时候，面试官面着面着退出去了半个小时，会议上面明明写着对方网络不佳，他半小时后重新进会议室然后问我网络弄好没，真的就一点不尊重人[捂脸R][捂脸R][捂脸R],0
6a04687f000000002800a843,6a01b3670000000008001c36,,,,【急招】鹅厂广告营销有感兴趣的吗,0,2,北京,-2,1778673791000,2026-05-13T20:03:11,65140bb9000000002402e8ab,爱丽鹅,【急招】鹅厂广告营销有感兴趣的吗,0
6a028e2f000000002901083b,6a01b3670000000008001c36,,,,垃圾百度，唯一给我挂面试的就是他[笑哭R],0,1,山东,-2,1778552368000,2026-05-12T10:19:28,62ecdfae000000001e01c009,cx_,垃圾百度，唯一给我挂面试的就是他[笑哭R],0
6a046aea000000002a032d8b,6a01b3670000000008001c36,,,6a04687f000000002800a843,有的有的,0,0,四川,0,1778674411000,2026-05-13T20:13:31,65be1c2f000000000e024e1a,momo,有的有的,0
6a028f43000000002a007d70,6a01b3670000000008001c36,,,6a028e2f000000002901083b,那么牛老师！可以礼貌问下最后选哪里了呢,0,0,四川,0,1778552644000,2026-05-12T10:24:04,65be1c2f000000000e024e1a,momo,那么牛老师！可以礼貌问下最后选哪里了呢,0
6a0c0e1d0000000029037e13,69f21f87000000001f005ab9,,,,姐妹你是4月22号面试的那一批吗,0,4,天津,0,1779174942000,2026-05-19T15:15:42,5d2aee11000000001102d291,橘橘橘橘子汽水,姐妹你是4月22号面试的那一批吗,0
6a0c0309000000002900c726,69f21f87000000001f005ab9,,,,,0,0,安徽,0,1779172106000,2026-05-19T14:28:26,64857f69000000001f00642c,乌针,,0
6a032b640000000027015e5e,69f21f87000000001f005ab9,,,,,0,0,湖北,0,1778592614000,2026-05-12T21:30:14,5d010161000000001201c5cf,momo,,0
6a0aecfe0000000028032592,69f21f87000000001f005ab9,,,,谈薪到收到offer用了多久呀,1,1,内蒙古,0,1779100927000,2026-05-18T18:42:07,5ed483b6000000000100654e,心想事成,谈薪到收到offer用了多久呀,0
6a0be3fb000000002902dfe8,69f21f87000000001f005ab9,,,,,0,0,河北,0,1779164156000,2026-05-19T12:15:56,6302537c000000000f007b6c,嘟嘟嘟嘟嘟喔,,0
69f361be0000000029019166,69f21f87000000001f005ab9,,,,天天在小红书发offer大楼！终于终于成真啦～,0,0,四川,0,1777557951000,2026-04-30T22:05:51,698aa9880000000019030eed,生姜花花,天天在小红书发offer大楼！终于终于成真啦～,0
6a0bda1e000000002800b4ed,69f21f87000000001f005ab9,,,,,0,0,陕西,0,1779161633000,2026-05-19T11:33:53,6633ada5000000000b0332f2,Tongggg,,0
6a089222000000002701726d,69f21f87000000001f005ab9,,,,,1,0,上海,0,1778946596000,2026-05-16T23:49:56,612aee2f0000000001017bf9,k0k0,,0
6a0b58b7000000002a025eb6,69f21f87000000001f005ab9,,,,,0,0,浙江,0,1779128504000,2026-05-19T02:21:44,5c5590a8000000001b00400f,每天都好困（一切顺利版）,,0
6a054283000000002a006386,69f21f87000000001f005ab9,,,,,0,0,上海,0,1778729609000,2026-05-14T11:33:29,64505f4a0000000010025e86,小红薯64508816,,0
6a0c1104000000002b027a19,69f21f87000000001f005ab9,,,6a0c0e1d0000000029037e13,是的哦，在一周后告知我通过啦,0,0,陕西,0,1779175685000,2026-05-19T15:28:05,698aa9880000000019030eed,生姜花花,是的哦，在一周后告知我通过啦,0
6a0afcef000000002901b62e,69f21f87000000001f005ab9,,,6a0aecfe0000000028032592,很快嘞，当天定薪后就发offer啦,0,0,陕西,0,1779105008000,2026-05-18T19:50:08,698aa9880000000019030eed,生姜花花,很快嘞，当天定薪后就发offer啦,0
6a0b1a2c000000002803e344,69f21f87000000001f005ab9,,,,,0,0,广东,0,1779112494000,2026-05-18T21:54:54,60695ed10000000001004188,啦啦啦,,0
6a0a6fa2000000002900ebe5,69f21f87000000001f005ab9,,,,,0,0,四川,0,1779068835000,2026-05-18T09:47:15,5d4cd5b700000000100076e6,千千千千千古,,0
6a0850ad000000002701c29d,69f21f87000000001f005ab9,,,,,0,0,福建,0,1778929838000,2026-05-16T19:10:38,649a237b0000000010036e75,momo,,0
6a09e77b000000002800a00f,69f21f87000000001f005ab9,,,,,0,0,北京,0,1779033981000,2026-05-18T00:06:21,5888b96250c4b46ac732f5e6,BabyLamb,,0
69f2209d000000002b000dea,69f21f87000000001f005ab9,,,,,0,0,广东,0,1777475743000,2026-04-29T23:15:43,6521763c0000000024016b59,Darian,,0
69f2200b000000002a007cd1,69f21f87000000001f005ab9,,,,,0,0,北京,0,1777475597000,2026-04-29T23:13:17,5c67fbcb000000001200d1d9,呼噜呼噜毛lzh,,0
69f2b80d000000002b028e2d,69f21f87000000001f005ab9,,,,,0,0,海南,0,1777514510000,2026-04-30T10:01:50,5dad6ff6000000000100b2c8,因人而E,,0
69f2f205000000002a033f9b,69f21f87000000001f005ab9,,,,,0,0,重庆,0,1777529351000,2026-04-30T14:09:11,6034a197000000000100368d,momo,,0
6a0a9b6a0000000029012c86,69f21f87000000001f005ab9,,,,,0,0,海南,0,1779080047000,2026-05-18T12:54:07,60b0ef06000000000101d914,雨,,0
6a0846480000000028030d84,69f21f87000000001f005ab9,,,,,0,0,黑龙江,0,1778927178000,2026-05-16T18:26:18,6002fcc40000000001007454,石头不是猫,,0
69fde8da0000000028008096,69f21f87000000001f005ab9,,,,,0,0,浙江,0,1778247899000,2026-05-08T21:44:59,5ebfbb6d000000000101cd56,hui有好事,,0
6a03dce30000000027014fa7,69f21f87000000001f005ab9,,,,,0,0,山东,0,1778638055000,2026-05-13T10:07:35,613f0251000000000201f216,momo,,0
69fea26700000000290346a3,69f21f87000000001f005ab9,,,,offer上有写年终奖吗 还有五险一金,1,1,浙江,0,1778295399000,2026-05-09T10:56:39,605854fa0000000001002475,nextaiso,offer上有写年终奖吗 还有五险一金,0
6a0931580000000027022563,69f21f87000000001f005ab9,,,,,0,0,安徽,0,1778987353000,2026-05-17T11:09:13,5c5ac69e0000000018004b92,贰壹吖,,0
6a0828f40000000029010c0b,69f21f87000000001f005ab9,,,,,0,0,内蒙古,0,1778919669000,2026-05-16T16:21:09,5b27908311be103aadf57039,二十.,,0
6a0726f2000000002701d5f7,69f21f87000000001f005ab9,,,,,0,0,吉林,0,1778853619000,2026-05-15T22:00:19,6832c50f000000000e010fda,沙發土豆,,0
69fab4cb000000002a02e36c,69f21f87000000001f005ab9,,,,,0,0,江苏,0,1778037964000,2026-05-06T11:26:04,5eff1859000000000101ef4f,Victoria锦鲤附体版,,0
69f2a5360000000028036103,69f21f87000000001f005ab9,,,,,0,0,海南,0,1777509688000,2026-04-30T08:41:28,64f448730000000006033f8c,momo,,0
69f2203b0000000029010862,69f21f87000000001f005ab9,,,,,0,0,北京,0,1777475645000,2026-04-29T23:14:05,6132454c000000000201cc3f,wiwiwi,,0
6a094ac2000000002b00086f,69f21f87000000001f005ab9,,,69fea26700000000290346a3,没有写呢,1,0,陕西,0,1778993859000,2026-05-17T12:57:39,698aa9880000000019030eed,生姜花花,没有写呢,0
69e824d9000000001401e00e,69e08568000000002200c0ce,,,,这个很好了啊 为啥不满意,6,9,黑龙江,0,1776821465000,2026-04-22T09:31:05,65f3f90a000000000500b0c8,飞鸟与🐟,这个很好了啊 为啥不满意,0
69ecf210000000002701df63,69e08568000000002200c0ce,,,,私募百亿更有含金量了[笑哭R],2,1,北京,0,1777136144000,2026-04-26T00:55:44,5f0d127d0000000001001c85,puppy,私募百亿更有含金量了[笑哭R],0
69e5b03f000000001401e40c,69e08568000000002200c0ce,,,,感觉可以接了 我现在做梦都想找个买方研究岗 9本美硕[捂脸R][哭惹R],3,2,美国,0,1776660543000,2026-04-20T12:49:03,5da9a7860000000001002dc5,男宝,感觉可以接了 我现在做梦都想找个买方研究岗 9本美硕[捂脸R][哭惹R],0
6a0161d30000000029012500,69e08568000000002200c0ce,,,,为什么不喜欢pe呀,0,5,上海,0,1778475475000,2026-05-11T12:57:55,5a0fbb92db2e600de13cd411,菌,为什么不喜欢pe呀,0
6a09cc3c0000000027028835,69e08568000000002200c0ce,,,,牛逼啊，你这个，一般的双9 还真进不去,0,1,湖北,0,1779027004000,2026-05-17T22:10:04,60d7f8d30000000001003cc0,fxxk the world,牛逼啊，你这个，一般的双9 还真进不去,0
69ed8359000000002702f266,69e08568000000002200c0ce,,,,求面经[偷笑R],0,2,山东,0,1777173337000,2026-04-26T11:15:37,5f586c22000000000100b096,cici🥕,求面经[偷笑R],0
69e89e18000000001401b024,69e08568000000002200c0ce,,,,还招人不，我还没找到工作[捂脸R],0,2,浙江,0,1776852505000,2026-04-22T18:08:25,6576bf9e0000000020031dec,爱吃香菜,还招人不，我还没找到工作[捂脸R],0
6a096932000000002701523b,69e08568000000002200c0ce,,,,老师您好，方便私信您了解学习一下这家私募详情以及您的投递过程嘛！谢谢[派对R][害羞R],0,1,上海,0,1779001650000,2026-05-17T15:07:30,5f068cd10000000001000981,climbupthemoon_7,老师您好，方便私信您了解学习一下这家私募详情以及您的投递过程嘛！谢谢[派对R][害羞R],0
69e8865d000000001401c405,69e08568000000002200c0ce,,,,你接的这offer已经胜过太多所谓好学历的人了....,0,1,上海,0,1776846429000,2026-04-22T16:27:09,63e23bc90000000026013e8f,momo,你接的这offer已经胜过太多所谓好学历的人了....,0
69e84fbc000000001401c819,69e08568000000002200c0ce,,,,真挺好的了双9也卷不进去你这个岗,3,1,湖南,0,1776832445000,2026-04-22T12:34:05,5a4f09ece8ac2b692a6345dc,奶豆儿,真挺好的了双9也卷不进去你这个岗,0
69e8300b000000001401b803,69e08568000000002200c0ce,,,69e824d9000000001401e00e,私募不知道未来再跳槽的话好不好搞,2,0,辽宁,0,1776824331000,2026-04-22T10:18:51,64146e290000000011020c33,emo的momo,私募不知道未来再跳槽的话好不好搞,0
69ed85c200000000270298ce,69e08568000000002200c0ce,,,69ecf210000000002701df63,[合十R],1,0,辽宁,-2,1777173955000,2026-04-26T11:25:55,64146e290000000011020c33,emo的momo,[合十R],0
69e5b84c000000001401c424,69e08568000000002200c0ce,,,69e5b03f000000001401e40c,诶加油 公募和保险资管我bg是不够哈哈,0,0,河北,0,1776662605000,2026-04-20T13:23:25,64146e290000000011020c33,emo的momo,诶加油 公募和保险资管我bg是不够哈哈,0
6a0162f7000000002701db3d,69e08568000000002200c0ce,,,6a0161d30000000029012500,有点担心职业发展路径，但是已经决定去啦,0,0,辽宁,0,1778475768000,2026-05-11T13:02:48,64146e290000000011020c33,emo的momo,有点担心职业发展路径，但是已经决定去啦,0
6a09ccc6000000002701ee7f,69e08568000000002200c0ce,,,6a09cc3c0000000027028835,[抱拳R][抱拳R][抱拳R],0,0,辽宁,0,1779027143000,2026-05-17T22:12:23,64146e290000000011020c33,emo的momo,[抱拳R][抱拳R][抱拳R],0
69ed867f000000002702e867,69e08568000000002200c0ce,,,69ed8359000000002702f266,上来问了15分钟概率论与统计问题，问了之前行研和二级买基本面量化等实习经历，问了一些关于研究过的行业和公司的看法，剩下的就是做过的python项目，从头到尾让我介绍并且追问了一些细节,0,0,辽宁,-2,1777174144000,2026-04-26T11:29:04,64146e290000000011020c33,emo的momo,上来问了15分钟概率论与统计问题，问了之前行研和二级买基本面量化等实习经历，问了一些关于研究过的行业和公司的看法，剩下的就是做过的python项目，从头到尾让我介绍并且追问了一些细节,0
69e8b11d000000001401c021,69e08568000000002200c0ce,,,69e89e18000000001401b024,哈哈哈我也不知道还缺人不,0,0,辽宁,0,1776857373000,2026-04-22T19:29:33,64146e290000000011020c33,emo的momo,哈哈哈我也不知道还缺人不,0
6a098d000000000027020bdc,69e08568000000002200c0ce,,,6a096932000000002701523b,可以的,0,0,辽宁,0,1779010817000,2026-05-17T17:40:17,64146e290000000011020c33,emo的momo,可以的,0
69e8897e000000001401cc15,69e08568000000002200c0ce,,,69e8865d000000001401c405,好的[合十R],0,0,辽宁,0,1776847230000,2026-04-22T16:40:30,64146e290000000011020c33,emo的momo,好的[合十R],0
69e85f46000000001401b808,69e08568000000002200c0ce,,,69e84fbc000000001401c819,好的[合十R],0,0,辽宁,0,1776836422000,2026-04-22T13:40:22,64146e290000000011020c33,emo的momo,好的[合十R],0
69ed8592000000002100f673,69e08568000000002200c0ce,,,,可以问问uu之前实习是做什么方向的吗，一直是投研吗,0,1,上海,0,1777173907000,2026-04-26T11:25:07,5bb4eabd743913000198d7fc,0万年前化石一枚,可以问问uu之前实习是做什么方向的吗，一直是投研吗,0
69e08701000000001401c822,69e08568000000002200c0ce,,,,有offer就不错了，我到现在还在焦急等待拼多多二面反馈，要是凉了我也是两手空空,0,1,安徽,0,1776322306000,2026-04-16T14:51:46,5fb39465000000000101e726,历史学去死好吗,有offer就不错了，我到现在还在焦急等待拼多多二面反馈，要是凉了我也是两手空空,0
69f5892a000000002a03065f,69e08568000000002200c0ce,,,,很厉害了 uus是中外合办本嘛[偷笑R],0,1,上海,0,1777699115000,2026-05-02T13:18:35,5b0825b911be10558031eb44,鸭鸭鸭gagagaga,很厉害了 uus是中外合办本嘛[偷笑R],0
69e5be8a000000001401e801,69e08568000000002200c0ce,,,,这不是挺好的嘛[石化R],0,1,吉林,0,1776664202000,2026-04-20T13:50:02,5f0bccbb0000000001006fd2,檐下芋头圆,这不是挺好的嘛[石化R],0
69e82fcf0000000014018005,69e08568000000002200c0ce,,,,这还不好吗 ,0,7,浙江,-2,1776824272000,2026-04-22T10:17:52,5c5ea8ba000000001103ee6f,miooo,这还不好吗,0
69ed86aa00000000270204df,69e08568000000002200c0ce,,,69ed8592000000002100f673,投行，行研，二级买投研，资管风控，股衍都做过,1,0,辽宁,0,1777174187000,2026-04-26T11:29:47,64146e290000000011020c33,emo的momo,投行，行研，二级买投研，资管风控，股衍都做过,0
69e087c5000000001401bc00,69e08568000000002200c0ce,,,69e08701000000001401c822,加油，找工作太艰难了,1,0,辽宁,0,1776322501000,2026-04-16T14:55:01,64146e290000000011020c33,emo的momo,加油，找工作太艰难了,0
69f5896d000000002800bd79,69e08568000000002200c0ce,,,69f5892a000000002a03065f,不是哒,0,0,山东,0,1777699181000,2026-05-02T13:19:41,64146e290000000011020c33,emo的momo,不是哒,0
69e5c204000000001401c819,69e08568000000002200c0ce,,,69e5be8a000000001401e801,主要还是考虑它是私募 虽然规模不错,1,0,河北,0,1776665093000,2026-04-20T14:04:53,64146e290000000011020c33,emo的momo,主要还是考虑它是私募 虽然规模不错,0
69e8301d000000001401b818,69e08568000000002200c0ce,,,69e82fcf0000000014018005,毕竟是私募哈哈,0,0,辽宁,0,1776824350000,2026-04-22T10:19:10,64146e290000000011020c33,emo的momo,毕竟是私募哈哈,0
69ee1742000000002a02f608,69ee0f8d000000003503bf97,,,,去年我belike。,2,2,辽宁,0,1777211203000,2026-04-26T21:46:43,600b7ca4000000000101da88,dian42,去年我belike。,0
69ee12d6000000002803c259,69ee0f8d000000003503bf97,,,,ber哥肯定能找到好工作的[萌萌哒R][萌萌哒R][萌萌哒R],0,2,江苏,0,1777210070000,2026-04-26T21:27:50,5e9676ef00000000010077a0,k.,ber哥肯定能找到好工作的[萌萌哒R][萌萌哒R][萌萌哒R],0
69ee2673000000002901a208,69ee0f8d000000003503bf97,,,,别慌,0,3,上海,0,1777215092000,2026-04-26T22:51:32,655ccae20000000002037ce4,优雅得,别慌,0
6a0b4b5b000000002702263d,69ee0f8d000000003503bf97,,,,加油学长,0,0,江苏,0,1779125083000,2026-05-19T01:24:43,62b858370000000015016925,Ethereal,加油学长,0
6a03f2eb000000002902e5f6,69ee0f8d000000003503bf97,,,,改改简历多投，简历挂，大概率就是简历有问题,0,0,北京,0,1778643691000,2026-05-13T11:41:31,62141d56000000002102459b,小红薯62154EF3,改改简历多投，简历挂，大概率就是简历有问题,0
6a053823000000002a02db67,69ee0f8d000000003503bf97,,,,救命了耐挂王[哭惹R]好精确的词,0,0,山西,0,1778726947000,2026-05-14T10:49:07,5e40cad8000000000100490f,无糖可乐diet,救命了耐挂王[哭惹R]好精确的词,0
69f39d1d000000002902cc73,69ee0f8d000000003503bf97,,,,研一就找暑期了吗[呃R]暑期不是转正预备役嘛,0,1,浙江,0,1777573149000,2026-05-01T02:19:09,5b3b3f1a4eacab53f7de90cb,Muses,研一就找暑期了吗[呃R]暑期不是转正预备役嘛,0
69f4ce18000000002a00593a,69ee0f8d000000003503bf97,,,,我也在找[微笑R],0,0,江苏,0,1777651225000,2026-05-02T00:00:25,602dcd2d00000000010077a4,长桥野村,我也在找[微笑R],0
69f553e7000000002902e0e5,69ee0f8d000000003503bf97,,,,上财那个滴水湖金融厉害吗[微笑R],0,0,山东,0,1777685479000,2026-05-02T09:31:19,66b73283000000001d020c07,北大街NPC,上财那个滴水湖金融厉害吗[微笑R],0
69fe1006000000002702ac90,69ee0f8d000000003503bf97,,,,两年制真是没招了[哭惹R],0,0,山东,0,1778257926000,2026-05-09T00:32:06,60f192ee000000000101c8df,successful🐰,两年制真是没招了[哭惹R],0
69ee17af000000002702c290,69ee0f8d000000003503bf97,,,69ee1742000000002a02f608,感觉我明年也不会好了。,0,0,上海,0,1777211312000,2026-04-26T21:48:32,60cc3d0000000000010002cf,Kawhi,感觉我明年也不会好了。,0
69ee13fa000000002702d057,69ee0f8d000000003503bf97,,,69ee12d6000000002803c259,谁五一不出来玩还在学习啊,1,0,上海,0,1777210362000,2026-04-26T21:32:42,60cc3d0000000000010002cf,Kawhi,谁五一不出来玩还在学习啊,0
69eebf2100000000270289d8,69ee0f8d000000003503bf97,,,69ee2673000000002901a208,一起慌,0,0,上海,0,1777254178000,2026-04-27T09:42:58,60cc3d0000000000010002cf,Kawhi,一起慌,0
69fd73ad000000002803b8d2,69ee0f8d000000003503bf97,,,69f39d1d000000002902cc73,两年制[笑哭R],0,0,北京,0,1778217902000,2026-05-08T13:25:02,61ca6813000000001000d105,糯叽叽,两年制[笑哭R],0
69f06bcf000000002a02f4d4,69ee0f8d000000003503bf97,,,,我都石沉大海[哭惹R],0,0,上海,0,1777363920000,2026-04-28T16:12:00,5cff808100000000160373f9,小胖桐,我都石沉大海[哭惹R],0
69f22e3a000000002803ca94,69ee0f8d000000003503bf97,,,,我也是，读研让我憔悴,0,0,辽宁,0,1777479227000,2026-04-30T00:13:47,5f2695d40000000001001971,杰瑞不慌,我也是，读研让我憔悴,0
69ef0c08000000002300049e,69ee0f8d000000003503bf97,,,,正常正常 我投递了十几个 只有tx给了面试 集体面试过了就挂,0,0,广东,0,1777273865000,2026-04-27T15:11:05,647146fe0000000011003175,不想上班的Celia,正常正常 我投递了十几个 只有tx给了面试 集体面试过了就挂,0
69f2e4d7000000002800afdd,69ee0f8d000000003503bf97,,,,加油加油，一切顺利,0,0,北京,0,1777525975000,2026-04-30T13:12:55,595b662a5e87e72124f899a6,AOAEO小宇宙,加油加油，一切顺利,0
69ee138e000000002a006e06,69ee0f8d000000003503bf97,,,,才研一 不急不急[自拍R][自拍R],0,1,上海,0,1777210255000,2026-04-26T21:30:55,5e4eb7b70000000001001c55,NakedNaked,才研一 不急不急[自拍R][自拍R],0
69ef5c0100000000280393b4,69ee0f8d000000003503bf97,,,,学长加油！去年也是这样煎熬过了好久突然一切就水到渠成了,0,0,澳大利亚,0,1777294338000,2026-04-27T20:52:18,65d5a0f10000000005030dd6,等等等飘散风中的歌,学长加油！去年也是这样煎熬过了好久突然一切就水到渠成了,0
6a02898a0000000028037683,69ee0f8d000000003503bf97,,,,一样一样，投了好多就一个面试,0,0,上海,0,1778551179000,2026-05-12T09:59:39,5f09447200000000010062cc,小禾,一样一样，投了好多就一个面试,0
69f8df4a000000002803d50e,69ee0f8d000000003503bf97,,,,最可怕的事情就是没班上和要上班,0,0,广东,0,1777917771000,2026-05-05T02:02:51,657818eb0000000020033c8d,麦麦大王,最可怕的事情就是没班上和要上班,0
69ef1adc000000002702f767,69ee0f8d000000003503bf97,,,,加一,0,0,上海,0,1777277660000,2026-04-27T16:14:20,6108eb550000000001004a78,焖饼,加一,0
69f0de5d00000000270293d2,69ee0f8d000000003503bf97,,,,投的啥呀，不是说现在投行研究所都招不到实习生了,0,0,上海,0,1777393246000,2026-04-29T00:20:46,5ee5cf750000000001000c0f,The sun,投的啥呀，不是说现在投行研究所都招不到实习生了,0
69f640d5000000002803db4f,69ee0f8d000000003503bf97,,,69ee138e000000002a006e06,我们是两年制研究生[捂脸R],0,0,上海,0,1777746133000,2026-05-03T02:22:13,676be5bc0000000018014706,雷霆早饭,我们是两年制研究生[捂脸R],0
69ef8606000000002a0249ba,69ee0f8d000000003503bf97,,,,我可以找到吗[哭惹R],0,1,陕西,0,1777305094000,2026-04-27T23:51:34,62b95f14000000001b027311,小鹿爸比,我可以找到吗[哭惹R],0
69eedd5e000000002a02d4f0,69ee0f8d000000003503bf97,,,,读研了还得慌慌的吗哈哈哈哈哈,0,0,上海,0,1777261919000,2026-04-27T11:51:59,5de0acc30000000001009252,熙熙不曦曦,读研了还得慌慌的吗哈哈哈哈哈,0
69f044440000000029035c32,69ee0f8d000000003503bf97,,,,老公,0,0,青海,0,1777353796000,2026-04-28T13:23:16,5c56ec410000000011012bd3,要不要喝拿铁,老公,0
69eea0e1000000002803a8bc,69ee0f8d000000003503bf97,,,,爸爸黑袜,0,0,山西,3,1777246433000,2026-04-27T07:33:53,6740520f000000001c01b27f,之昂的生活日记,爸爸黑袜,0
69eebfec000000002803fd6c,69ee0f8d000000003503bf97,,,,来nbcb[害羞R],0,0,浙江,0,1777254380000,2026-04-27T09:46:20,60155cf7000000000101f260,momo,来nbcb[害羞R],0
69ee3edc0000000029025e3b,69ee0f8d000000003503bf97,,,,暑期能直接留的不多,0,0,上海,0,1777221341000,2026-04-27T00:35:41,5bfd5bdf51783a72b3f0dc8d,Ann的日记本,暑期能直接留的不多,0
69f01bd30000000027021b61,69ee0f8d000000003503bf97,,,,wanna eat,0,0,上海,0,1777343443000,2026-04-28T10:30:43,558ed0a067bc6579c0b73926,Élise,wanna eat,0
69f0be1a00000000290111d1,69ee0f8d000000003503bf97,,,,bro都投了哪些，研一开始找工作吗？[doge],0,0,江西,0,1777384987000,2026-04-28T22:03:07,6484440b000000001c02804b,远,bro都投了哪些，研一开始找工作吗？[doge],0
69f05edb000000002803d11a,69ee0f8d000000003503bf97,,,,这也太帅了吧,0,0,安徽,0,1777360604000,2026-04-28T15:16:44,64e08e2b00000000020102a9,🍒小丸子,这也太帅了吧,0
69ee30580000000028037705,69ee0f8d000000003503bf97,,,,不急不急继续投！我前两天也这样，又改了版简历接着投吧，明天开始狠狠发力！,0,0,浙江,0,1777217625000,2026-04-26T23:33:45,5c5d1c6b000000001b003946,摘不下的浮板,不急不急继续投！我前两天也这样，又改了版简历接着投吧，明天开始狠狠发力！,0
69f008910000000027021248,69ee0f8d000000003503bf97,,,69ef8606000000002a0249ba,你还能再玩一年[生气R],0,0,上海,0,1777338514000,2026-04-28T09:08:34,60cc3d0000000000010002cf,Kawhi,你还能再玩一年[生气R],0
69ee2d210000000029010eaa,69ee0f8d000000003503bf97,,,,学长加油,0,0,北京,0,1777216802000,2026-04-26T23:20:02,64747dad000000000f00473a,位移,学长加油,0
69ee1035000000002a0051c2,69ee0f8d000000003503bf97,,,,上交也这样吗[失望R],0,1,四川,0,1777209398000,2026-04-26T21:16:38,611621f100000000010149da,momo,上交也这样吗[失望R],0
69ee49aa000000002900d1d6,69ee0f8d000000003503bf97,,,,去年的我没错了，不过别慌别慌，总会找到令人满意的工作的，祝一切顺利[哇R][哇R][哇R],0,0,北京,0,1777224106000,2026-04-27T01:21:46,5cc05268000000001702e3fe,T-Tongjia,去年的我没错了，不过别慌别慌，总会找到令人满意的工作的，祝一切顺利[哇R][哇R][哇R],0
69ee1f870000000028034170,69ee0f8d000000003503bf97,,,,@明明就是我 喜欢,0,3,广东,0,1777213319000,2026-04-26T22:21:59,5e2e57a20000000001008b26,静白师傅的赤色鸳鸯肚兜,@明明就是我 喜欢,0
69eee3c20000000029035c1e,69ee0f8d000000003503bf97,,,,@happyyyy 你们学校颜值真不错[doge],0,1,四川,0,1777263555000,2026-04-27T12:19:15,648eed9c0000000010034119,Quiet Sparkle,@happyyyy 你们学校颜值真不错[doge],0
69fc6758000000002b002a0a,69ee0f8d000000003503bf97,,,,财大简历都会被挂吗[抽泣R]@上上签✨,0,0,江苏,0,1778149209000,2026-05-07T18:20:09,60c878ad000000000101ff15,圈圈薯饼,财大简历都会被挂吗[抽泣R]@上上签✨,0
69ee2c18000000002800a420,69ee0f8d000000003503bf97,,,,有点帅啊主包,0,0,北京,0,1777216536000,2026-04-26T23:15:36,5ea6321f000000000100a6af,马上好呢,有点帅啊主包,0
69ee2831000000002803a58f,69ee0f8d000000003503bf97,,,,同。。。 累了真的,0,0,上海,0,1777215538000,2026-04-26T22:58:58,610d27fa000000000100382c,BreaktheCycle,同。。。 累了真的,0
69ee2287000000002800a960,69ee0f8d000000003503bf97,,,,两年制吗,0,0,江苏,0,1777214087000,2026-04-26T22:34:47,6017e800000000000101d304,🐷,两年制吗,0
69ee224f000000002903548c,69ee0f8d000000003503bf97,,,,[哭惹R][哭惹R]已经安慰自己没暑期也能找到工作的了,0,0,上海,0,1777214031000,2026-04-26T22:33:51,60336fe90000000001008e1e,不爱吃🐟,[哭惹R][哭惹R]已经安慰自己没暑期也能找到工作的了,0
69ee107b000000002800b61f,69ee0f8d000000003503bf97,,,69ee1035000000002a0051c2,不敢碰瓷上交[石化R],0,0,上海,0,1777209468000,2026-04-26T21:17:48,60cc3d0000000000010002cf,Kawhi,不敢碰瓷上交[石化R],0
69ee21bd00000000270224f8,69ee0f8d000000003503bf97,,,69ee1f870000000028034170,你不是缺实习生吗,0,0,湖北,0,1777213886000,2026-04-26T22:31:26,57a8573c5e87e72f67be1d29,明明就是我,你不是缺实习生吗,0
69eee5ee000000002b0010a7,69ee0f8d000000003503bf97,,,69eee3c20000000029035c1e,确保哈[doge],0,0,四川,0,1777264111000,2026-04-27T12:28:31,5d2757d40000000016010510,happyyyy,确保哈[doge],0
69ee21cb00000000280351db,69ee0f8d000000003503bf97,,,,林更新哥[偷笑R],0,0,新疆,0,1777213900000,2026-04-26T22:31:40,650a5a67000000001603b16f,LE,林更新哥[偷笑R],0
69ee1efa0000000027015a9d,69ee0f8d000000003503bf97,,,,这么帅 我是面试官我就给你招进来观赏[黄金薯R],0,0,陕西,0,1777213178000,2026-04-26T22:19:38,62e48797000000001f004316,跳跳糖不跳（暑期实习版）,这么帅 我是面试官我就给你招进来观赏[黄金薯R],0
69ee1ebe0000000027014bee,69ee0f8d000000003503bf97,,,,去年我找寒假实习的时候也这样...但是咋说呢，以后还嫌工作的时间长吗...有的时候找不到也是对自己的一种保护[捂脸R],0,0,上海,0,1777213118000,2026-04-26T22:18:38,61d83da20000000010008c70,永远记不住,去年我找寒假实习的时候也这样...但是咋说呢，以后还嫌工作的时间长吗...有的时候找不到也是对自己的一种保护[捂脸R],0
69ee1534000000002803224d,69ee0f8d000000003503bf97,,,,@Flores 我去 这么帅也找不到实习[汗颜R],0,0,湖北,0,1777210676000,2026-04-26T21:37:56,5f215f220000000001009f91,哦很过分,@Flores 我去 这么帅也找不到实习[汗颜R],0
69ee13c800000000290185e6,69ee0f8d000000003503bf97,,,,哥 也找私募嘛,0,0,中国香港,0,1777210313000,2026-04-26T21:31:53,66c73bbb000000001d023408,妈妈说蠢的人会把名字念完,哥 也找私募嘛,0
69ee13c6000000002a0077ec,69ee0f8d000000003503bf97,,,,好帅呀[害羞R],0,0,江苏,0,1777210310000,2026-04-26T21:31:50,63856f69000000001f019baa,T_T,好帅呀[害羞R],0
69fd6174000000002803dbb6,69ee0f8d000000003503bf97,,,,到底在焦虑什么？[捂脸R],0,0,上海,-2,1778213237000,2026-05-08T12:07:17,5b90ce43560c1b000173c843,爱吃苹果,到底在焦虑什么？[捂脸R],0
69efe469000000002702f0b6,69ee0f8d000000003503bf97,,,,耐什么，什么耐王[doge]有多耐,0,0,辽宁,-2,1777329257000,2026-04-28T06:34:17,63421a19000000001901c05d,不知道叫什么,耐什么，什么耐王[doge]有多耐,0
69eebf7f000000002900ea7c,69ee0f8d000000003503bf97,,,,[色色R],0,0,北京,-2,1777254272000,2026-04-27T09:44:32,5ffda4da00000000010072be,MOMENTS,[色色R],0
69f723210000000027016f85,69ee0f8d000000003503bf97,,,,[加油R][加油R][加油R],0,0,上海,-2,1777804065000,2026-05-03T18:27:45,65600f89000000000802fd24,（英语）财务BP FP&A面试学习资料（含视频）,[加油R][加油R][加油R],0
69ee2b510000000029027266,69ee0f8d000000003503bf97,,,,@小红薯63E77678 [微笑R],0,1,江苏,-2,1777216338000,2026-04-26T23:12:18,5f26a8c10000000001008031,酱烧小鱼头,@小红薯63E77678 [微笑R],0
69f587b4000000002a005dcb,69ee0f8d000000003503bf97,,,,[色色R],0,0,广西,0,1777698740000,2026-05-02T13:12:20,5b6ae656552b7500012fa40d,吳舒樂🌈「擦邊版」,[色色R],0
69eed2ce0000000029011eb8,69ee0f8d000000003503bf97,,,69ee2b510000000029027266,我早就关注他了,0,0,上海,0,1777259215000,2026-04-27T11:06:55,63e607940000000027028c16,小红薯63E77678,我早就关注他了,0
6a0580e000000000280350cb,6a056e3b000000003701cf9b,,,,背景一样，是隔壁专业AE的，去年10月毕业至今0offer[呃R],10,6,中国香港,0,1778745569000,2026-05-14T15:59:29,5efaea210000000001005a2e,ssui,背景一样，是隔壁专业AE的，去年10月毕业至今0offer[呃R],0
6a0bb474000000002b024c12,6a056e3b000000003701cf9b,,,,一样0offer，9本5硕，已经焦虑到不行了[哭惹R]，虽然弄的是10月毕业还有个秋招，但是不想暑期回校上课，很麻,1,0,广东,0,1779151989000,2026-05-19T08:53:09,66d5063b000000001d033c99,风乎舞雩,一样0offer，9本5硕，已经焦虑到不行了[哭惹R]，虽然弄的是10月毕业还有个秋招，但是不想暑期回校上课，很麻,0
6a073d80000000002901a662,6a056e3b000000003701cf9b,,,,我也是,1,0,中国香港,0,1778859393000,2026-05-15T23:36:33,5b40ec3ae8ac2b221f0f1bad,没有小猫之前绝不改名,我也是,0
6a068c5e000000002701e788,6a056e3b000000003701cf9b,,,,bg还要好一些，也是0，崩溃的不行了。[哭惹R][哭惹R],1,0,黑龙江,0,1778814046000,2026-05-15T11:00:46,5b9a3f59b124a00001492459,不会游泳的鱼,bg还要好一些，也是0，崩溃的不行了。[哭惹R][哭惹R],0
6a05ef74000000002900df63,6a056e3b000000003701cf9b,,,,bg一样，我已经去教培了[捂脸R],2,0,福建,0,1778773876000,2026-05-14T23:51:16,63df433b0000000027028ed5,45度的咸鱼,bg一样，我已经去教培了[捂脸R],0
6a06e1ff000000002b024987,6a056e3b000000003701cf9b,,,,继续投就行，如果还有其他路也可以前行，但是春招错过了这次就应届身份机会就不大了，再去投投冷门的或者外企吧,0,1,山东,0,1778835967000,2026-05-15T17:06:07,68941693000000002802f3fd,荔枝只只,继续投就行，如果还有其他路也可以前行，但是春招错过了这次就应届身份机会就不大了，再去投投冷门的或者外企吧,0
6a058edc0000000028039d94,6a056e3b000000003701cf9b,,,,是不是因为没有投银行[捂脸R]投银行不就有ofr了吗,1,0,北京,0,1778749148000,2026-05-14T16:59:08,6469e49d0000000025034a45,momoiv6,是不是因为没有投银行[捂脸R]投银行不就有ofr了吗,0
6a080afd000000002a027e44,6a056e3b000000003701cf9b,,,,泛体制现在有些春招补录可以投，门槛也放低了,0,0,浙江,0,1778911997000,2026-05-16T14:13:17,64116d0a00000000140120d4,陈四两,泛体制现在有些春招补录可以投，门槛也放低了,0
6a080a2d000000002701daf7,6a056e3b000000003701cf9b,,,,咱俩情况差不多[捂脸R]我准备10月毕业好好准备冲一波,0,0,广东,0,1778911789000,2026-05-16T14:09:49,5e9b02950000000001008ed7,木糖醇口香糖,咱俩情况差不多[捂脸R]我准备10月毕业好好准备冲一波,0
6a058bd0000000002a006da6,6a056e3b000000003701cf9b,,,,港五没有很正常，国内认可度直接掉一大个level，而且还要看专业，继续投呗[笑哭R],2,0,北京,0,1778748369000,2026-05-14T16:46:09,5bfe5ee244363b526a02e57c,mad[hjmncsss],港五没有很正常，国内认可度直接掉一大个level，而且还要看专业，继续投呗[笑哭R],0
6a05884a0000000029013290,6a056e3b000000003701cf9b,,,6a0580e000000000280350cb,救命,0,0,江苏,0,1778747467000,2026-05-14T16:31:07,6480aeec0000000010037523,大lamp,救命,0
6a07d229000000002702dcb9,6a056e3b000000003701cf9b,,,6a06e1ff000000002b024987,其实没有社招推进速度更快,0,0,北京,0,1778897450000,2026-05-16T10:10:50,63a571aa0000000027029ef7,摆算了,其实没有社招推进速度更快,0
6a06a9050000000028032e5e,6a056e3b000000003701cf9b,,,,啥专业,0,0,北京,0,1778821381000,2026-05-15T13:03:01,5dac5c3c000000000100a801,早睡的鸟儿有虫吃,啥专业,0
6a068c2a000000002800bb61,6a056e3b000000003701cf9b,,,,两财一贸本海硕 只有烂offer 在纠结去不去,0,0,江苏,0,1778813995000,2026-05-15T10:59:55,5e1b04880000000001003987,能工智人Alicia,两财一贸本海硕 只有烂offer 在纠结去不去,0
6a05baf6000000002803a5ee,6a056e3b000000003701cf9b,,,,我比你低一点，2本9硕也是0，焦虑的不行，什么时候才能停止陪跑[叹气R],1,0,上海,0,1778760438000,2026-05-14T20:07:18,68354ce1000000001e0076c7,momo,我比你低一点，2本9硕也是0，焦虑的不行，什么时候才能停止陪跑[叹气R],0
6a057f30000000002b02734d,6a056e3b000000003701cf9b,,,,拿去哪个ip就业啊,0,0,湖北,0,1778745136000,2026-05-14T15:52:16,63c537a40000000026012a34,niya,拿去哪个ip就业啊,0
6a0572db000000002300daa7,6a056e3b000000003701cf9b,,,,985本港五硕的学历背景已经很优秀了，春招多投递一些方向，机会总会来的。,0,0,山东,0,1778741980000,2026-05-14T14:59:40,67f26ab4000000001703eb75,小白学数据,985本港五硕的学历背景已经很优秀了，春招多投递一些方向，机会总会来的。,0
6a05f0a600000000290256b3,6a056e3b000000003701cf9b,,,,得说详细点，不然情况可太多了。你的实习，投递岗位，期望城市，期望薪水……,0,0,广东,0,1778774183000,2026-05-14T23:56:23,5bb0267e414ee70001932b38,momo,得说详细点，不然情况可太多了。你的实习，投递岗位，期望城市，期望薪水……,0
6a057e300000000028033453,6a056e3b000000003701cf9b,,,,可以看看[吧唧R],0,0,河南,3,1778744882000,2026-05-14T15:48:02,65b8c9f4000000000e027db1,林哥求职咨询-校招,可以看看[吧唧R],0
6a057b90000000002a027747,6a056e3b000000003701cf9b,,,,应届生求职/校招突围,0,0,上海,0,1778744209000,2026-05-14T15:36:49,6597e8480000000022016449,Jason | TrueNorth求职,应届生求职/校招突围,0
6a099bf5000000002a030ff6,6a056e3b000000003701cf9b,,,,能延毕吗,0,0,湖北,-2,1779014646000,2026-05-17T18:44:06,68d529c4000000002102060d,Owen留学生求职背景提升,能延毕吗,0
6a058a050000000029036fdb,6a056e3b000000003701cf9b,,,,啥时候入学的啊，如果25fall可以选晚点毕业参加今年秋招？如果24fall投下社招和今年秋天的国企招聘吧,0,0,四川,-2,1778747909000,2026-05-14T16:38:29,59a6065050c4b4481468727f,momo,啥时候入学的啊，如果25fall可以选晚点毕业参加今年秋招？如果24fall投下社招和今年秋天的国企招聘吧,0
6a058523000000002803a8d0,6a056e3b000000003701cf9b,,,,全是广告[失望R],1,0,广东,-2,1778746659000,2026-05-14T16:17:39,5d40482400000000100174e1,🍡🍡,全是广告[失望R],0
6a06eec4000000002903559a,6a056e3b000000003701cf9b,,,,让我来蹲个考虑陪跑的同学吧[吧唧R]主页有全过程的入职案例，可以来看看～[哇R]跟到入职，代投递、约面,0,0,上海,-2,1778839236000,2026-05-15T18:00:36,676a913400000000180159c7,三只牛马,让我来蹲个考虑陪跑的同学吧[吧唧R]主页有全过程的入职案例，可以来看看～[哇R]跟到入职，代投递、约面,0
6a0679f3000000002902fd4e,6a056e3b000000003701cf9b,,,,看看你简历,0,0,广东,-2,1778809331000,2026-05-15T09:42:11,65ab5345000000001300a24f,艾老师校招指导,看看你简历,0
6a058539000000002702b0d4,6a056e3b000000003701cf9b,,,,有需要可以聊聊，也许会有帮助,0,0,浙江,-2,1778746682000,2026-05-14T16:18:02,5c187e050000000007035fc3,Andy聊职场(求职辅导),有需要可以聊聊，也许会有帮助,0
6a042423000000002701c127,6a04213a000000003502601b,,,,有鹅选鹅,18,8,江苏,0,1778656292000,2026-05-13T15:11:32,63831dda000000001f01e399,Absurd,有鹅选鹅,0
6a04323a0000000029036cad,6a04213a000000003502601b,,,,如果是采销的3c数码品类呢 [抽泣R],1,9,广东,0,1778659898000,2026-05-13T16:11:38,5b6548f04eacab65a9da9001,好吃好吃还要吃～,如果是采销的3c数码品类呢 [抽泣R],0
6a045586000000000d022000,6a04213a000000003502601b,,,,宝那你就不要选直客销售了 问问jd组内是不是可以让你做营销方面的工作,2,4,中国香港,0,1778668934000,2026-05-13T18:42:14,69e59794000000002603b16b,小红薯69E64A6A,宝那你就不要选直客销售了 问问jd组内是不是可以让你做营销方面的工作,0
6a0b23560000000027021bc9,6a04213a000000003502601b,,,,J是耗材选🐧,0,0,广东,0,1779114838000,2026-05-18T22:33:58,5fbcc43400000000010027f4,Celio,J是耗材选🐧,0
6a05dd7c000000002a02f820,6a04213a000000003502601b,,,,"8【全选复制，xiaohongshu等你归来】 6月11日前可入，""亦庄租房资源分享群""趣味空间 CZ6315 :/#h🍕🍖😁🐵🍎🍊🐻🌮🦁🥪🤣🍙",0,0,北京,0,1778769277000,2026-05-14T22:34:37,68a8a537000000001901a2e3,刘sir的租房日记,"8【全选复制，xiaohongshu等你归来】 6月11日前可入，""亦庄租房资源分享群""趣味空间 CZ6315 :/#h🍕🍖😁🐵🍎🍊🐻🌮🦁🥪🤣🍙",0
6a049c970000000028037f11,6a04213a000000003502601b,,,,🐧被黑的最惨的一次,5,0,北京,0,1778687127000,2026-05-13T23:45:27,683846f7000000001d00bb4b,后知后觉产品经理团队,🐧被黑的最惨的一次,0
6a04a00e000000002a006413,6a04213a000000003502601b,,,,室友在jd采销实习每天六点多起床[微笑R],1,0,北京,0,1778688014000,2026-05-14T00:00:14,60c3988a000000000101ed0c,兔子自由飞翔,室友在jd采销实习每天六点多起床[微笑R],0
6a0424e6000000002900cc1c,6a04213a000000003502601b,,,,感觉采销还是一言难尽的,3,0,山东,0,1778656486000,2026-05-13T15:14:46,59365114db2e6006398ff2b0,大厂11年产品上岸国企接辅导亲力亲为版（5月剩1,感觉采销还是一言难尽的,0
6a05ea470000000027016a6d,6a04213a000000003502601b,,,,采销在哪个品类,0,0,北京,0,1778772551000,2026-05-14T23:29:11,67469a90000000001c019d74,天天,采销在哪个品类,0
6a05563a000000002702c01b,6a04213a000000003502601b,,,,看见惨死鸡力竭了,0,0,广东,0,1778734650000,2026-05-14T12:57:30,5c6ffce8000000001102984c,你什么意思,看见惨死鸡力竭了,0
6a043ae3000000002702e933,6a04213a000000003502601b,,,6a0433ba00000000290364eb,我不用了解，我在🐶干过,1,0,江苏,0,1778662115000,2026-05-13T16:48:35,63831dda000000001f01e399,Absurd,我不用了解，我在🐶干过,0
6a047b22000000002a005b49,6a04213a000000003502601b,,,6a04323a0000000029036cad,核心岗位 不是很卷 压力还是有的 年终团队绩效也有保障,1,0,北京,0,1778678562000,2026-05-13T21:22:42,592052a05e87e74d8a72406d,木槿晨愿,核心岗位 不是很卷 压力还是有的 年终团队绩效也有保障,0
6a045618000000000d021401,6a04213a000000003502601b,,,6a045586000000000d022000,而且鹅这个岗感觉留不住人 转正压力也大 去jd的话更好转正,0,0,中国香港,0,1778669081000,2026-05-13T18:44:41,69e59794000000002603b16b,小红薯69E64A6A,而且鹅这个岗感觉留不住人 转正压力也大 去jd的话更好转正,0
6a04af300000000029019376,6a04213a000000003502601b,,,,采销这个岗位只有东子有，你离职以后有的还会开竟业[失望R],1,0,北京,0,1778691889000,2026-05-14T01:04:49,6603b3ef000000000b031d65,momo,采销这个岗位只有东子有，你离职以后有的还会开竟业[失望R],0
6a057804000000002a0078ef,6a04213a000000003502601b,,,,这两个都要打电话呀，jd可能少一点，但也是看组内具体给你安排的业务了[拔草R],0,0,湖北,0,1778743301000,2026-05-14T15:21:41,5c692a530000000010016516,modi,这两个都要打电话呀，jd可能少一点，但也是看组内具体给你安排的业务了[拔草R],0
6a0447460000000028036c32,6a04213a000000003502601b,,,,"友友我看你主页实习都是hr,为什么最后转销售了啊",0,1,上海,0,1778665287000,2026-05-13T17:41:27,5f4dabc4000000000100b434,是attorney不是attorney,"友友我看你主页实习都是hr,为什么最后转销售了啊",0
6a0544dd000000002803e838,6a04213a000000003502601b,,,,没有可比性,0,0,天津,0,1778730205000,2026-05-14T11:43:25,61170d0c000000000101ce96,观星,没有可比性,0
6a088d9d0000000029018e26,6a04213a000000003502601b,,,,别来京东,0,0,山东,0,1778945437000,2026-05-16T23:30:37,53e87455b4c4d61b38fd10c6,尖沙咀段坤,别来京东,0
6a048aa4000000002a0276f7,6a04213a000000003502601b,,,,采销每天都和供应商打电话反正,0,0,北京,0,1778682532000,2026-05-13T22:28:52,5e09e5940000000001002ffe,Niki_24,采销每天都和供应商打电话反正,0
6a043d5800000000280394dc,6a04213a000000003502601b,,,,采销是什么品类的,0,0,北京,0,1778662745000,2026-05-13T16:59:05,5e6085590000000001002455,我想吃火锅,采销是什么品类的,0
6a0494f9000000002902f5eb,6a04213a000000003502601b,,,,jd拉完了,0,0,北京,0,1778685178000,2026-05-13T23:12:58,6620141f0000000003031e19,汰心,jd拉完了,0
6a048ed100000000270143e3,6a04213a000000003502601b,,,,不知道,0,0,陕西,0,1778683601000,2026-05-13T22:46:41,5ff92ff200000000010052fd,小黄,不知道,0
6a045187000000002a02fe6c,6a04213a000000003502601b,,,,采销,0,0,北京,0,1778667911000,2026-05-13T18:25:11,5cf5386d000000001100d74e,米米麦乐迪,采销,0
6a0462560000000028008b49,6a04213a000000003502601b,,,6a0447460000000028036c32,是帮朋友发的，非本人,0,0,荷兰,0,1778672214000,2026-05-13T19:36:54,62af5a7700000000190284ca,Ricardo. (HR版),是帮朋友发的，非本人,0
6a043175000000002803c686,6a04213a000000003502601b,,,,采销是什么部门什么类目,0,0,北京,0,1778659702000,2026-05-13T16:08:22,5f4246de000000000101e1a9,南柯一梦,采销是什么部门什么类目,0
6a0429c100000000270213ca,6a04213a000000003502601b,,,,球球大家给点意见[哭惹R],0,0,荷兰,0,1778657730000,2026-05-13T15:35:30,62af5a7700000000190284ca,Ricardo. (HR版),球球大家给点意见[哭惹R],0
6a049d11000000002901921c,6a04213a000000003502601b,,,,想啥呢,1,0,上海,-2,1778687250000,2026-05-13T23:47:30,5e6f6a200000000001009126,AccessPoint,想啥呢,0
6a058ae8000000002702a8ed,6a04213a000000003502601b,,,,鹅,0,0,黑龙江,0,1778748137000,2026-05-14T16:42:17,61304cdc000000000201c1e3,Bivoll,鹅,0
6a043e4a0000000028034642,6a04213a000000003502601b,,,,鹅,0,0,北京,0,1778662987000,2026-05-13T17:03:07,66840e130000000003032961,momo,鹅,0
6a043326000000002a007437,6a04213a000000003502601b,,,,私,1,0,四川,0,1778660134000,2026-05-13T16:15:34,65af2ebe000000001001ea88,锋线与三,私,0
6a0422a900000000270232ee,6a04213a000000003502601b,,,,蹲蹲,0,0,湖北,0,1778655914000,2026-05-13T15:05:14,5ff5bd190000000001000d0a,钟离默啊,蹲蹲,0
69d92c4b000000000d036d52,69d90aa4000000001e00fcad,,,,tk基金吗,3,2,北京,0,1775840331000,2026-04-11T00:58:51,609614070000000001006bf9,Bond,tk基金吗,0
69e09a9b0000000014013409,69d90aa4000000001e00fcad,,,,可以问下同学你都是怎么准备专业笔试的吗[哭惹R] 感觉专业知识点也太多太散了,1,3,北京,0,1776327324000,2026-04-16T16:15:24,62da144d000000000303f393,第27号AIREEN,可以问下同学你都是怎么准备专业笔试的吗[哭惹R] 感觉专业知识点也太多太散了,0
69d91eeb0000000016014646,69d90aa4000000001e00fcad,,,,惊呆了。。。,0,1,江苏,0,1775836908000,2026-04-11T00:01:48,62b1e7b3000000001b026a1c,天大地大睡觉最大,惊呆了。。。,0
69d9255400000000350339fd,69d90aa4000000001e00fcad,,,,哪个基金啊[笑哭R],1,1,北京,0,1775838548000,2026-04-11T00:29:08,61822c510000000010005c0b,小红薯64ED451C,哪个基金啊[笑哭R],0
69db3c5200000000310337f1,69d90aa4000000001e00fcad,,,,这个笔试完大概多久会有消息呀？,0,2,北京,0,1775975507000,2026-04-12T14:31:47,5a58c7a24eacab73baf9ce18,momo,这个笔试完大概多久会有消息呀？,0
69d90c7000000000350132c1,69d90aa4000000001e00fcad,,,,看起来比资产笔试还夸张,1,2,北京,0,1775832177000,2026-04-10T22:42:57,642d1a0f0000000029011ce0,小红薯642E556D,看起来比资产笔试还夸张,0
69e9cc2b000000001401800a,69d90aa4000000001e00fcad,,,,只有选择题和判断题嘛,0,0,福建,0,1776929836000,2026-04-23T15:37:16,663690e3000000000d027b68,爱吃🍊的猫,只有选择题和判断题嘛,0
69d9a4810000000002035088,69d90aa4000000001e00fcad,,,69d9a0a2000000003500e2cb,我去年暑期的题 好像比你这个稍微简单一点 我也投的基金会计,0,0,北京,0,1775871105000,2026-04-11T09:31:45,609614070000000001006bf9,Bond,我去年暑期的题 好像比你这个稍微简单一点 我也投的基金会计,0
69e09bc90000000014019c1b,69d90aa4000000001e00fcad,,,69e09a9b0000000014013409,没咋准备，凭借记忆直接上[笑哭R],0,0,北京,0,1776327626000,2026-04-16T16:20:26,67e6aacc000000000a03e9f6,今天学CPA了吗（27秋招等offer版）,没咋准备，凭借记忆直接上[笑哭R],0
69d9202d000000003502a03e,69d90aa4000000001e00fcad,,,69d91eeb0000000016014646,哈哈哈,1,0,北京,-2,1775837230000,2026-04-11T00:07:10,67e6aacc000000000a03e9f6,今天学CPA了吗（27秋招等offer版）,哈哈哈,0
69d927a2000000003502b1ed,69d90aa4000000001e00fcad,,,69d9255400000000350339fd,某险资。,0,0,浙江,-2,1775839138000,2026-04-11T00:38:58,620310c5000000002102b6f6,momo,某险资。,0
69db3f0e0000000035023579,69d90aa4000000001e00fcad,,,69db3c5200000000310337f1,哈哈哈我要是知道的话我就是人力了[皱眉R][doge]可惜我不是,0,0,北京,0,1775976207000,2026-04-12T14:43:27,67e6aacc000000000a03e9f6,今天学CPA了吗（27秋招等offer版）,哈哈哈我要是知道的话我就是人力了[皱眉R][doge]可惜我不是,0
69d90cac00000000350248aa,69d90aa4000000001e00fcad,,,69d90c7000000000350132c1,我不知道资产什么样[笑哭R]这真的夸张,0,0,北京,0,1775832237000,2026-04-10T22:43:57,67e6aacc000000000a03e9f6,今天学CPA了吗（27秋招等offer版）,我不知道资产什么样[笑哭R]这真的夸张,0
69cf64750000000009036d84,69ce3dbd000000001f0054d5,,,,拿到offer了 发小红薯果然有用！[飞吻R],17,20,江苏,0,1775199350000,2026-04-03T14:55:50,6745aa6f000000001d02ce6d,医用酒精,拿到offer了 发小红薯果然有用！[飞吻R],0
6a0c0a93000000002701e9ad,69ce3dbd000000001f0054d5,,,,,0,0,浙江,0,1779174037000,2026-05-19T15:00:37,68babc46000000001900f937,小红薯68BBA8D0,,0
69d4f5910000000018020d2d,69ce3dbd000000001f0054d5,,,,hr 中午2点半电话说面试流程已经全部结束，确认了我的信息，说跟业务推进，今天之内给我回复，结果到现在都没有消息，是不是挂了啊[哭惹R],1,5,四川,0,1775564177000,2026-04-07T20:16:17,6301238700000000120030e8,霓虹大王,hr 中午2点半电话说面试流程已经全部结束，确认了我的信息，说跟业务推进，今天之内给我回复，结果到现在都没有消息，是不是挂了啊[哭惹R],0
6a0bee85000000002a0243fc,69ce3dbd000000001f0054d5,,,,,0,0,江苏,0,1779166854000,2026-05-19T13:00:54,5e057fe9000000000100bf9b,LeeYaw,,0
6a0bf2d8000000002803cb65,69ce3dbd000000001f0054d5,,,,,0,0,天津,0,1779167961000,2026-05-19T13:19:21,66fd2485000000001d0308ba,小红薯66FE669E,,0
6a0beb3f000000002a0074b1,69ce3dbd000000001f0054d5,,,,,0,0,广东,0,1779166016000,2026-05-19T12:46:56,611c6baf000000000101d494,虾仁旺仔酸奶,,0
6a0bc6a10000000029018cc4,69ce3dbd000000001f0054d5,,,,,1,0,上海,0,1779156642000,2026-05-19T10:10:42,5dab5e31000000000100ac4b,小红薯5DAC1B09,,0
6a0bd67300000000290376ac,69ce3dbd000000001f0054d5,,,,,0,0,陕西,0,1779160692000,2026-05-19T11:18:12,5f2aa03a00000000010002ef,jl,,0
6a0bae35000000002803cf9d,69ce3dbd000000001f0054d5,,,,,0,0,北京,0,1779150391000,2026-05-19T08:26:31,5e4f8edf000000000100b5b0,Win,,0
6a0b4d0500000000270160f1,69ce3dbd000000001f0054d5,,,,,0,0,广东,0,1779125510000,2026-05-19T01:31:50,5ba7188ead34af000162e498,小鬼,,0
69cf8320000000000d03ffdb,69ce3dbd000000001f0054d5,,,69cf64750000000009036d84,我靠我oc都一周了，他说清明之前告诉我审批材料结果，现在还没有消息,3,0,湖南,0,1775207200000,2026-04-03T17:06:40,6197a4db000000001000ae9f,Akoasm,我靠我oc都一周了，他说清明之前告诉我审批材料结果，现在还没有消息,0
69d50b2d0000000018039119,69ce3dbd000000001f0054d5,,,69d4f5910000000018020d2d,可能他们内部对接比较慢，我感觉还有戏,2,0,北京,0,1775569710000,2026-04-07T21:48:30,6745aa6f000000001d02ce6d,医用酒精,可能他们内部对接比较慢，我感觉还有戏,0
6a0ac53f00000000290270ca,69ce3dbd000000001f0054d5,,,,,0,0,山东,0,1779090752000,2026-05-18T15:52:32,5f0b04ee0000000001004ee2,5omuun^,,0
6a0ab30d000000002702b3a6,69ce3dbd000000001f0054d5,,,,,0,0,湖北,0,1779086094000,2026-05-18T14:34:54,66aa3400000000001d0308f4,uuyummyooo,,0
6a0adab8000000002702dcea,69ce3dbd000000001f0054d5,,,,,0,0,广东,0,1779096249000,2026-05-18T17:24:09,683164970000000006011b63,屁哥,,0
69e03ea7000000000c0322c9,69ce3dbd000000001f0054d5,,,,要和房东签合同了快快给我发[哭惹R],2,1,广东,0,1776303784000,2026-04-16T09:43:04,64bdf6010000000025037360,妖魔鬼怪快离开,要和房东签合同了快快给我发[哭惹R],0
6a0ab683000000002803b68c,69ce3dbd000000001f0054d5,,,,,0,0,陕西,0,1779086980000,2026-05-18T14:49:40,67b6f30a000000000e01ed3c,瑶循,,0
69d0b9d1000000000d03604b,69ce3dbd000000001f0054d5,,,,,2,7,山东,0,1775286738000,2026-04-04T15:12:18,5dda26da00000000010077fa,Nancy,,0
6a0ab2ed0000000027021fa7,69ce3dbd000000001f0054d5,,,,,0,0,黑龙江,0,1779086063000,2026-05-18T14:34:23,60227e940000000001004da8,养乐多,,0
6a05d8dd000000002901adc4,69ce3dbd000000001f0054d5,,,,,1,0,广东,0,1778768095000,2026-05-14T22:14:55,55f43f23e4b1cf041a5ca847,wwwww,,0
6a0ac7a500000000290244ca,69ce3dbd000000001f0054d5,,,,,0,0,江苏,0,1779091367000,2026-05-18T16:02:47,59c5125f44363b7aff3bf2b0,🍁焖焖历险记,,0
6a04fee4000000002a024e98,69ce3dbd000000001f0054d5,,,,,0,1,广东,0,1778712293000,2026-05-14T06:44:53,66e72c72000000001d032ab4,Felix,,0
69e03eb2000000000c0324a5,69ce3dbd000000001f0054d5,,,69e03ea7000000000c0322c9,,0,0,广东,-2,1776303795000,2026-04-16T09:43:15,64bdf6010000000025037360,妖魔鬼怪快离开,,0
69d0b9d800000000020354dc,69ce3dbd000000001f0054d5,,,69d0b9d1000000000d03604b,,0,0,山东,0,1775286745000,2026-04-04T15:12:25,5dda26da00000000010077fa,Nancy,,0
6a055b31000000002a004565,69ce3dbd000000001f0054d5,,,6a04fee4000000002a024e98,还愿，已收到 offer,0,0,广东,0,1778735921000,2026-05-14T13:18:41,66e72c72000000001d032ab4,Felix,还愿，已收到 offer,0
6a0ab284000000002b002a59,69ce3dbd000000001f0054d5,,,,恭喜恭喜🎊接offer！,0,0,上海,0,1779085957000,2026-05-18T14:32:37,5e54827f00000000010076fb,鱼不会游泳吧,恭喜恭喜🎊接offer！,0
69d4b95e0000000014009d03,69ce3dbd000000001f0054d5,,,,,0,2,湖北,0,1775548768000,2026-04-07T15:59:28,5b19c682e8ac2b7cb3229de9,厚乳冰淇淋,,0
6a0adbcf000000002902ebbd,69ce3dbd000000001f0054d5,,,,,0,0,上海,0,1779096528000,2026-05-18T17:28:48,598c6a9c5e87e748423a4ae2,willow,,0
69fd5657000000002b029924,69ce3dbd000000001f0054d5,,,,,0,2,海南,0,1778210393000,2026-05-08T11:19:53,621f27f8000000001000606f,车厘子_,,0
6a0ab144000000002b0267fd,69ce3dbd000000001f0054d5,,,,,0,1,江苏,0,1779085637000,2026-05-18T14:27:17,6012adf800000000010086f3,意面超好吃,,0
6a058d200000000029012e8d,69ce3dbd000000001f0054d5,,,,,0,1,湖北,0,1778748706000,2026-05-14T16:51:46,5e3a184c0000000001002768,香菇脑袋,,0
6a0ad332000000002702c2dd,69ce3dbd000000001f0054d5,,,,,0,0,河北,0,1779094324000,2026-05-18T16:52:04,5c712547000000001203d0ea,TOP,,0
6a018f0600000000270159c1,69ce3dbd000000001f0054d5,,,,,0,2,北京,0,1778487048000,2026-05-11T16:10:48,5ac1c9cf4eacab3c02377891,Gloria,,0
6a0aaa73000000002803dea4,69ce3dbd000000001f0054d5,,,,,0,0,贵州,0,1779083892000,2026-05-18T13:58:12,61c1822b0000000021021e7c,行动起来（接offer）,,0
69fe99d2000000002803ebf0,69ce3dbd000000001f0054d5,,,,,1,0,湖北,0,1778293203000,2026-05-09T10:20:03,66c7e31a000000001e00cc08,汽修喵师傅大虾（接副业,,0
69d4b96e000000000d03ddf8,69ce3dbd000000001f0054d5,,,69d4b95e0000000014009d03,,0,0,湖北,0,1775548784000,2026-04-07T15:59:44,5b19c682e8ac2b7cb3229de9,厚乳冰淇淋,,0
69fd566100000000290188cb,69ce3dbd000000001f0054d5,,,69fd5657000000002b029924,,0,0,海南,0,1778210406000,2026-05-08T11:20:06,621f27f8000000001000606f,车厘子_,,0
6a0ab14b000000002a02457e,69ce3dbd000000001f0054d5,,,6a0ab144000000002b0267fd,,0,0,江苏,-2,1779085643000,2026-05-18T14:27:23,6012adf800000000010086f3,意面超好吃,,0
6a058d270000000028036b36,69ce3dbd000000001f0054d5,,,6a058d200000000029012e8d,,0,0,湖北,0,1778748712000,2026-05-14T16:51:52,5e3a184c0000000001002768,香菇脑袋,,0
6a018f0b000000002701c12f,69ce3dbd000000001f0054d5,,,6a018f0600000000270159c1,,0,0,北京,0,1778487053000,2026-05-11T16:10:53,5ac1c9cf4eacab3c02377891,Gloria,,0
6a0ac58a000000002b00217b,69ce3dbd000000001f0054d5,,,,,0,0,河南,0,1779090827000,2026-05-18T15:53:47,5cb50c18000000001101944b,汤姆猫🐈克鲁斯,,0
69f1ac5e000000002702ce08,69ce3dbd000000001f0054d5,,,,,0,2,新疆,0,1777445983000,2026-04-29T14:59:43,5adb681e4eacab7af60971d4,那个采姑娘的小蘑菇就是你扮的吧,,0
6a0ac6940000000029012dbe,69ce3dbd000000001f0054d5,,,,,0,0,安徽,0,1779091093000,2026-05-18T15:58:13,5cacb720000000001600ada6,八点梦里炒番茄,,0
6a02befa000000002701eca2,69ce3dbd000000001f0054d5,,,,,0,1,中国香港,0,1778564861000,2026-05-12T13:47:41,679fa581000000000e011dd4,大明星闪闪发光💖,,0
6a0ae6e2000000002702bc03,69ce3dbd000000001f0054d5,,,,,0,0,上海,0,1779099364000,2026-05-18T18:16:04,640044d7000000000f012355,完蛋人生完蛋过💛,,0
69fece79000000002901ac95,69ce3dbd000000001f0054d5,,,,,1,0,黑龙江,0,1778306683000,2026-05-09T14:04:43,5f0d978e0000000001005ded,向日葵,,0
6a0b19a900000000280374d5,69ce3dbd000000001f0054d5,,,,,0,0,广东,0,1779112363000,2026-05-18T21:52:43,60695ed10000000001004188,啦啦啦,,0
69dc5d28000000000202bbe6,69ce3dbd000000001f0054d5,,,,,0,2,山西,0,1776049450000,2026-04-13T11:04:10,64fdaa0d0000000005003269,刘,,0
6a0afc52000000002702a023,69ce3dbd000000001f0054d5,,,,,0,0,上海,0,1779104852000,2026-05-18T19:47:32,59d7a49e51783a5ea2f10d0c,苏打气泡水喔,,0
69f07ab400000000270176d7,69ce3dbd000000001f0054d5,,,,,1,1,广东,0,1777367734000,2026-04-28T17:15:34,65916cce0000000022014dff,耀耀欲试,,0
69f1ac680000000027023558,69ce3dbd000000001f0054d5,,,69f1ac5e000000002702ce08,,0,0,新疆,0,1777445994000,2026-04-29T14:59:54,5adb681e4eacab7af60971d4,那个采姑娘的小蘑菇就是你扮的吧,,0
6a02beff0000000027028aee,69ce3dbd000000001f0054d5,,,6a02befa000000002701eca2,,0,0,中国香港,0,1778564865000,2026-05-12T13:47:45,679fa581000000000e011dd4,大明星闪闪发光💖,,0
69dc5d3f000000000103fa31,69ce3dbd000000001f0054d5,,,69dc5d28000000000202bbe6,,0,0,山西,0,1776049472000,2026-04-13T11:04:32,64fdaa0d0000000005003269,刘,,0
69f07ac20000000027029207,69ce3dbd000000001f0054d5,,,69f07ab400000000270176d7,,0,0,广东,-2,1777367747000,2026-04-28T17:15:47,65916cce0000000022014dff,耀耀欲试,,0
6a0aea6800000000280307f0,69ce3dbd000000001f0054d5,,,,,0,0,四川,0,1779100266000,2026-05-18T18:31:06,5f356bea000000000101ea1f,橙（有猫版）,,0
69d4d017000000000d03d605,69ce3dbd000000001f0054d5,,,,,0,3,江苏,0,1775554584000,2026-04-07T17:36:24,5face56f000000000101e4ff,nono,,0
6a0a9f8c000000002902f8f6,69ce3dbd000000001f0054d5,,,,,0,0,江苏,0,1779081101000,2026-05-18T13:11:41,61c4a7fb0000000021021fa3,momo,,0
69eae937000000001401e811,69ce3dbd000000001f0054d5,,,,,2,0,上海,0,1777002808000,2026-04-24T11:53:28,5c55868b0000000012004366,小猫闯红灯,,0
6a0a9d2d0000000028035873,69ce3dbd000000001f0054d5,,,,,0,0,广东,0,1779080494000,2026-05-18T13:01:34,5ede984f000000000101f71c,橼花,,0
6a055902000000002a006ec0,69ce3dbd000000001f0054d5,,,,,0,1,广东,0,1778735363000,2026-05-14T13:09:23,5e01dcf7000000000100ae6e,Z7Ia,,0
6a0aa5bd0000000028032249,69ce3dbd000000001f0054d5,,,,,0,1,甘肃,0,1779082687000,2026-05-18T13:38:07,5df9b4480000000001003015,山垣,,0
69cf84930000000018020f2b,69ce3dbd000000001f0054d5,,,,我也蹭一下，昨天hr说今晚给我发offer，等的好焦急,4,1,福建,0,1775207571000,2026-04-03T17:12:51,647f741d000000001001c12d,滴滴答答,我也蹭一下，昨天hr说今晚给我发offer，等的好焦急,0
6a0a9a23000000002803a797,69ce3dbd000000001f0054d5,,,,,0,0,湖南,0,1779079716000,2026-05-18T12:48:36,5d303b3e0000000016039f40,bbblaifong,,0
69d1f992000000000f0259f0,69ce3dbd000000001f0054d5,,,,,0,2,浙江,0,1775368596000,2026-04-05T13:56:36,5cfbced1000000001603abee,梦里不缺桃,,0
69d4d01b00000000140093df,69ce3dbd000000001f0054d5,,,69d4d017000000000d03d605,,0,0,江苏,0,1775554588000,2026-04-07T17:36:28,5face56f000000000101e4ff,nono,,0
6a055909000000002b0275bb,69ce3dbd000000001f0054d5,,,6a055902000000002a006ec0,,0,0,广东,0,1778735369000,2026-05-14T13:09:29,5e01dcf7000000000100ae6e,Z7Ia,,0
6a0aa7990000000028038093,69ce3dbd000000001f0054d5,,,6a0aa5bd0000000028032249,OMO好灵，等了接近两周，刚发完评论一分钟就收到了offer的确认电话[萌萌哒R]，传好运！,0,0,甘肃,0,1779083162000,2026-05-18T13:46:02,5df9b4480000000001003015,山垣,OMO好灵，等了接近两周，刚发完评论一分钟就收到了offer的确认电话[萌萌哒R]，传好运！,0
69cf95ce000000000f0294bd,69ce3dbd000000001f0054d5,,,69cf84930000000018020f2b,一定会给你发的！,0,0,江苏,0,1775211982000,2026-04-03T18:26:22,6745aa6f000000001d02ce6d,医用酒精,一定会给你发的！,0
69d1f9a30000000009004398,69ce3dbd000000001f0054d5,,,69d1f99a0000000018020255,,0,0,浙江,0,1775368612000,2026-04-05T13:56:52,5cfbced1000000001603abee,梦里不缺桃,,0
6a0a98c7000000002702e4c1,69ce3dbd000000001f0054d5,,,,,0,0,江苏,0,1779079370000,2026-05-18T12:42:50,5c5fef3b0000000012021793,一颗土豆,,0
69e7504c000000001401b01a,69ce3dbd000000001f0054d5,,,,,1,1,上海,0,1776767053000,2026-04-21T18:24:13,5ab054bb11be107db26eae52,徐囍囍的扑扑满,,0
6a0a839c000000002701e862,69ce3dbd000000001f0054d5,,,,,0,0,广东,0,1779073949000,2026-05-18T11:12:29,5fefd2c0000000000100a524,欲说还休,,0
6a01699c000000002a004943,69ce3dbd000000001f0054d5,,,,,0,1,上海,0,1778477469000,2026-05-11T13:31:09,59c20d6844363b1e5554dee4,DDDhh,,0
6a0a86c10000000029037f09,69ce3dbd000000001f0054d5,,,,,0,0,北京,0,1779074755000,2026-05-18T11:25:55,5b6fdc89cf0e0c00019cd9c1,JennyY,,0
69e5085b000000001401a006,69ce3dbd000000001f0054d5,,,,,1,0,山西,0,1776617564000,2026-04-20T00:52:44,5c85405e000000001600d9ca,Harry,,0
6a0a88e6000000002b0026ac,69ce3dbd000000001f0054d5,,,,,0,0,北京,0,1779075303000,2026-05-18T11:35:03,626996e20000000021026662,momo工作版,,0
69f07ce00000000029025655,69ce3dbd000000001f0054d5,,,,,1,0,云南,0,1777368290000,2026-04-28T17:24:50,5be7a3b77eac3b0001993275,tantan,,0
6a0a0473000000002a027e4a,69ce3dbd000000001f0054d5,,,,,0,0,北京,0,1779041396000,2026-05-18T02:09:56,66f62ab8000000001d0237cd,小红薯66F7A2ED,,0
69d0ab1a0000000015001550,69ce3dbd000000001f0054d5,,,,拿到了吗，我也是和你一样，在横向对比，到现在还没有结果[哭惹R],0,1,广东,0,1775282970000,2026-04-04T14:09:30,615181b8000000001f03fc24,问问,拿到了吗，我也是和你一样，在横向对比，到现在还没有结果[哭惹R],0
69e750540000000014019c14,69ce3dbd000000001f0054d5,,,69e7504c000000001401b01a,,0,0,上海,-2,1776767061000,2026-04-21T18:24:21,5ab054bb11be107db26eae52,徐囍囍的扑扑满,,0
6a0169a3000000002b028465,69ce3dbd000000001f0054d5,,,6a01699c000000002a004943,,0,0,上海,0,1778477476000,2026-05-11T13:31:16,59c20d6844363b1e5554dee4,DDDhh,,0
69d50b620000000019003446,69ce3dbd000000001f0054d5,,,69d0ab1a0000000015001550,我拿到路,0,0,北京,0,1775569762000,2026-04-07T21:49:22,6745aa6f000000001d02ce6d,医用酒精,我拿到路,0
69ef11e70000000029026c82,69ce3dbd000000001f0054d5,,,,,0,1,日本,0,1777275369000,2026-04-27T15:36:09,5d2b3e3d0000000016007630,小吉小厨,,0
69f080ae000000002902ca7d,69ce3dbd000000001f0054d5,,,,,1,0,上海,0,1777369262000,2026-04-28T17:41:02,5d12e1490000000011018cfd,阳光好好,,0
69d0d6aa00000000010064c8,69ce3dbd000000001f0054d5,,,,,0,1,甘肃,0,1775294124000,2026-04-04T17:15:24,5d332d82000000001100d9af,哆啦只是个梦,,0
69d4cd5c000000000503a79a,69ce3dbd000000001f0054d5,,,,,0,1,河南,0,1775553885000,2026-04-07T17:24:45,5d234bf1000000001101f438,听雨眠,,0
69d0849b000000000d01290e,69ce3dbd000000001f0054d5,,,,,0,1,浙江,0,1775273117000,2026-04-04T11:25:17,5d8c8df400000000010005f4,wer暴躁黑松露,,0
6a07f0ac000000002702a39f,69ce3dbd000000001f0054d5,,,,求求 不要鸽我,0,0,浙江,0,1778905262000,2026-05-16T12:21:02,682fc24500000000040282b4,XX,求求 不要鸽我,0
69dd9a99000000000d03409b,69ce3dbd000000001f0054d5,,,,,0,1,北京,0,1776130714000,2026-04-14T09:38:34,6219c90e0000000002019dca,一一,,0
6a08c273000000002800a654,69ce3dbd000000001f0054d5,,,,,0,0,四川,0,1778958964000,2026-05-17T03:16:04,60bf19ea00000000010038aa,西红柿番茄iiio（讨厌论文版）,,0
6a07c778000000002b026664,69ce3dbd000000001f0054d5,,,,,0,0,吉林,0,1778894713000,2026-05-16T09:25:13,61b0b11200000000210208ee,流浪麻袋,,0
6a0970b70000000028035f45,69ce3dbd000000001f0054d5,,,,,0,0,陕西,0,1779003577000,2026-05-17T15:39:37,62303dbd0000000010006f84,笑言,,0
69ef11f1000000002b028069,69ce3dbd000000001f0054d5,,,69ef11e70000000029026c82,,0,0,日本,0,1777275379000,2026-04-27T15:36:19,5d2b3e3d0000000016007630,小吉小厨,,0
69d0d6b4000000000c0338bc,69ce3dbd000000001f0054d5,,,69d0d6aa00000000010064c8,,0,0,甘肃,0,1775294133000,2026-04-04T17:15:33,5d332d82000000001100d9af,哆啦只是个梦,,0
69d4cd660000000009034817,69ce3dbd000000001f0054d5,,,69d4cd5c000000000503a79a,,0,0,河南,0,1775553896000,2026-04-07T17:24:56,5d234bf1000000001101f438,听雨眠,,0
69d084a20000000003010b71,69ce3dbd000000001f0054d5,,,69d0849b000000000d01290e,,0,0,浙江,0,1775273123000,2026-04-04T11:25:23,5d8c8df400000000010005f4,wer暴躁黑松露,,0
69e2349d000000001401bc1a,69ce3dbd000000001f0054d5,,,69dd9a99000000000d03409b,好消息来了！谢谢 offer大楼  ！真的有用🥰祝大家都有offer飞来！,0,0,北京,0,1776432285000,2026-04-17T21:24:45,6219c90e0000000002019dca,一一,好消息来了！谢谢 offer大楼 ！真的有用🥰祝大家都有offer飞来！,0
69d23c54000000000f01fa29,69ce3dbd000000001f0054d5,,,,,0,2,山东,0,1775385686000,2026-04-05T18:41:26,5d3442d80000000012009758,千早爱音,,0
6a07b134000000002900f290,69ce3dbd000000001f0054d5,,,,,0,0,美国,0,1778889015000,2026-05-16T07:50:15,6006c441000000000101dc68,简Jan,,0
6a0790a30000000028030620,69ce3dbd000000001f0054d5,,,,,0,0,辽宁,0,1778880677000,2026-05-16T05:31:17,667fccc900000000070073e6,给虫儿来刀狠的,,0
6a074de2000000002701eb9a,69ce3dbd000000001f0054d5,,,,,0,0,广东,0,1778863587000,2026-05-16T00:46:27,62029a76000000001000f861,Td,,0
6a071bf60000000028009986,69ce3dbd000000001f0054d5,,,,,0,0,北京,0,1778850807000,2026-05-15T21:13:27,5b49c4be4eacab342dedd67e,笑笑还是笑笑,,0
6a070aaf000000002a004d92,69ce3dbd000000001f0054d5,,,,,0,0,北京,0,1778846384000,2026-05-15T19:59:44,61a8b90f00000000210252d6,樱井,,0
6a0705ba000000002a007688,69ce3dbd000000001f0054d5,,,,,0,0,江苏,0,1778845116000,2026-05-15T19:38:36,62a4935a000000002102278e,你的牛角包发霉了,,0
6a06ee4d000000002901be62,69ce3dbd000000001f0054d5,,,,,0,0,广东,0,1778839118000,2026-05-15T17:58:38,5e4018950000000001006c95,小菜dog,,0
6a06e83700000000290183be,69ce3dbd000000001f0054d5,,,,,0,0,浙江,0,1778837561000,2026-05-15T17:32:41,5ffedb3800000000010025f9,YOLO,,0
6a06d922000000002b028655,69ce3dbd000000001f0054d5,,,,,0,0,山东,0,1778833699000,2026-05-15T16:28:19,5e3d1ca30000000001003141,望月的荔枝,,0
69d23c59000000001d00c8da,69ce3dbd000000001f0054d5,,,69d23c54000000000f01fa29,,0,0,山东,0,1775385690000,2026-04-05T18:41:30,5d3442d80000000012009758,千早爱音,,0
6a06d693000000002900db52,69ce3dbd000000001f0054d5,,,,,0,0,浙江,0,1778833045000,2026-05-15T16:17:25,5869b3f85e87e771a449bfc8,abracadbra,,0
6a06c178000000002803aac6,69ce3dbd000000001f0054d5,,,,,0,0,上海,0,1778827642000,2026-05-15T14:47:22,615c50b40000000002027ed7,青往,,0
6a06bb03000000002803be30,69ce3dbd000000001f0054d5,,,,,0,0,湖北,0,1778825988000,2026-05-15T14:19:48,606980110000000001006474,momo,,0
6a06af5f000000002901b1ae,69ce3dbd000000001f0054d5,,,,,0,0,上海,0,1778823008000,2026-05-15T13:30:08,5a8e5e3c11be107056ab66eb,Cubicle🍀,,0
6a06a27c000000002800a7a0,69ce3dbd000000001f0054d5,,,,,0,0,浙江,0,1778819709000,2026-05-15T12:35:09,5f33c1df0000000001005b49,醒醒吉豆,,0
6a06934d0000000028037f08,69ce3dbd000000001f0054d5,,,,,0,0,黑龙江,0,1778815822000,2026-05-15T11:30:22,67132d1c000000001d0225ac,自然醒,,0
6a0686fe0000000029036e60,69ce3dbd000000001f0054d5,,,,,0,0,陕西,0,1778812671000,2026-05-15T10:37:51,5de12c4f00000000010072e3,离卡里,,0
6a06687b000000002a031d78,69ce3dbd000000001f0054d5,,,,,0,0,重庆,0,1778804861000,2026-05-15T08:27:41,684ac8d9000000001d01745f,小红薯684BCFE3,,0
6a061e67000000002803a029,69ce3dbd000000001f0054d5,,,,求求HR今天联系我[哭惹R],0,0,北京,0,1778785897000,2026-05-15T03:11:37,601a7b880000000001002b6e,桑葚切片.,求求HR今天联系我[哭惹R],0
6a05fad8000000002803447a,69ce3dbd000000001f0054d5,,,,,0,0,北京,0,1778776793000,2026-05-15T00:39:53,63672eb3000000001f01bf73,靠谱的小狗饱饱,,0
6a05f5680000000028034d0a,69ce3dbd000000001f0054d5,,,,,0,0,广东,0,1778775401000,2026-05-15T00:16:41,639ed6ab0000000026011372,Marxichael.Hu,,0
6a05e71400000000280300af,69ce3dbd000000001f0054d5,,,,,0,0,广东,0,1778771734000,2026-05-14T23:15:34,5a0aa4f44eacab644f1b63d3,不二不三,,0
6a05c2d4000000002b024cda,69ce3dbd000000001f0054d5,,,,,0,0,海南,0,1778762454000,2026-05-14T20:40:54,6056fad3000000000101cde4,小红薯6057D279,,0
6a05b25e000000002702970c,69ce3dbd000000001f0054d5,,,,,0,0,北京,0,1778758239000,2026-05-14T19:30:39,590033d882ec39236267f90a,DreamsComeTrue,,0
6a05ad0a000000002702ac7c,69ce3dbd000000001f0054d5,,,,,0,0,广西,0,1778756875000,2026-05-14T19:07:55,5f3f4848000000000101cb86,小红薯5F406059,,0
6a059114000000002a0332b7,69ce3dbd000000001f0054d5,,,,希望快点审批给我offer[皱眉R],0,0,广东,0,1778749718000,2026-05-14T17:08:38,593e38046a6a6950c44f178c,失棉的绵羊,希望快点审批给我offer[皱眉R],0
6a058ab3000000002a030a71,69ce3dbd000000001f0054d5,,,,,0,0,北京,0,1778748084000,2026-05-14T16:41:24,5c2a0a49000000000502778f,好运来,,0
6a056fe400000000290275f2,69ce3dbd000000001f0054d5,,,,,0,0,浙江,0,1778741221000,2026-05-14T14:47:01,60b626a3000000000101f99f,improving,,0
6a056eeb000000002903473d,69ce3dbd000000001f0054d5,,,,,0,0,河南,0,1778740973000,2026-05-14T14:42:53,5f2e426a0000000001006be4,momo,,0
6a056101000000002803104c,69ce3dbd000000001f0054d5,,,,,0,0,河北,0,1778737410000,2026-05-14T13:43:30,67892078000000000d008e98,Anakin,,0
6a055d26000000002803bfbe,69ce3dbd000000001f0054d5,,,,,0,0,上海,0,1778736423000,2026-05-14T13:27:03,5cb4826f0000000012038a91,路,,0
6a05430e000000002803c515,69ce3dbd000000001f0054d5,,,,,0,0,上海,0,1778729743000,2026-05-14T11:35:43,5b064e7d4eacab20874be109,ann,,0
6a0540a70000000028033e9d,69ce3dbd000000001f0054d5,,,,,0,0,北京,0,1778729128000,2026-05-14T11:25:28,5fd4d3c70000000001000ca7,Cutie♡,,0
6a0527d200000000280303d6,69ce3dbd000000001f0054d5,,,,,0,0,陕西,0,1778722772000,2026-05-14T09:39:32,5a5c772be8ac2b0ce63a107a,Biubiu,,0
6a052358000000002701d9ac,69ce3dbd000000001f0054d5,,,,,0,0,江苏,0,1778721625000,2026-05-14T09:20:25,5f9599d90000000001002253,玉米黄粑,,0
6a051715000000002b00013e,69ce3dbd000000001f0054d5,,,,,0,0,陕西,0,1778718487000,2026-05-14T08:28:07,5fe3d8920000000001003903,IR,,0
6a04a197000000002702df7e,69ce3dbd000000001f0054d5,,,,,0,0,广东,0,1778688408000,2026-05-14T00:06:48,5c5936bd000000001b00702b,Z。,,0
6a047109000000002701deb3,69ce3dbd000000001f0054d5,,,,,0,0,北京,0,1778675979000,2026-05-13T20:39:39,64a1b95c0000000010034ad4,。。。,,0
6a046d95000000002a02d096,69ce3dbd000000001f0054d5,,,,,0,0,新疆,0,1778675101000,2026-05-13T20:25:01,5bbcaa75219cd90001ea9739,momo,,0
6a0468bc000000002a026ac0,69ce3dbd000000001f0054d5,,,,,0,0,广东,0,1778673853000,2026-05-13T20:04:13,5b3cb2174eacab74c371b861,Roxy,,0
6a04537500000000280363e2,69ce3dbd000000001f0054d5,,,,,0,0,广东,0,1778668407000,2026-05-13T18:33:27,65356aa30000000004008a1e,momo,,0
6a0450fb000000002a0058ef,69ce3dbd000000001f0054d5,,,,,0,1,北京,0,1778667772000,2026-05-13T18:22:52,654cff8f0000000004038a40,H.,,0
6a0448650000000028032f0c,69ce3dbd000000001f0054d5,,,,,0,0,湖北,0,1778665574000,2026-05-13T17:46:14,62d110cc000000000200117d,石来运转,,0
6a043076000000002702c3b7,69ce3dbd000000001f0054d5,,,,,0,0,广东,0,1778659447000,2026-05-13T16:04:07,5b87c779dc614c0001496db5,Paradox,,0
6a043071000000002702bf28,69ce3dbd000000001f0054d5,,,,,0,0,广东,0,1778659442000,2026-05-13T16:04:02,5b87c779dc614c0001496db5,Paradox,,0
6a042a7c000000002702835a,69ce3dbd000000001f0054d5,,,,,0,0,北京,0,1778657917000,2026-05-13T15:38:37,5ff9655d00000000010074b8,momo,,0
6a04294d000000002800a229,69ce3dbd000000001f0054d5,,,,,0,0,江苏,0,1778657615000,2026-05-13T15:33:35,6567c900000000001103ce10,momo,,0
6a042941000000002a0338ce,69ce3dbd000000001f0054d5,,,,,0,0,江西,0,1778657602000,2026-05-13T15:33:22,5d832d810000000001001f94,Ethan胡,,0
6a042618000000002701674b,69ce3dbd000000001f0054d5,,,,,0,0,湖北,0,1778656793000,2026-05-13T15:19:53,630debdf00000000120025d6,好想毁灭世界,,0
6a0424ab0000000028039ca8,69ce3dbd000000001f0054d5,,,,,0,0,江苏,0,1778656428000,2026-05-13T15:13:48,63a6ff660000000026012057,胖子,,0
6a0451030000000029034ff3,69ce3dbd000000001f0054d5,,,6a0450fb000000002a0058ef,,0,0,北京,-2,1778667780000,2026-05-13T18:23:00,654cff8f0000000004038a40,H.,,0
